PC1,PC2,Cluster_OPTICS
-0.3578077570076609,2.082369184219873,-1
0.9156792030285872,1.0197074117687897,-1
-0.599807125466135,0.5486399694789401,-1
-0.3935386593232026,-0.1434926932947221,-1
3.1003879580062077,-0.0725673548518528,-1
0.00973662255566,-0.734297264964637,-1
0.5283196506039006,0.0016641900542902,-1
-0.4809189346456068,1.3602353909232092,-1
-0.4984974258716965,0.6823391186727021,-1
2.831012205428694,-0.0919110448216068,-1
-0.0390805384309112,0.8435199458039764,-1
1.009537806488791,-0.2925327962809369,-1
-0.7484811880425061,1.319765367451252,-1
0.3076448052531625,-0.2101954587493153,-1
0.7694124421439659,-0.7766218902768747,-1
-0.7351503076874256,0.2824157384760346,-1
-0.6054056922639796,0.6420268343906415,-1
-0.6288607572429802,-1.191180070542074,-1
0.5525498995366084,-0.1903555865172655,-1
-1.3397211937505804,1.4152056152752075,-1
-0.190010905310051,-1.7059573711087572,-1
-1.5755319971835775,1.307952980754299,-1
0.520036998121907,0.8732744521933972,-1
2.5865560219600905,-0.0551062069299015,-1
0.2440944981683243,0.2138520484626153,-1
0.8251868625497598,-1.441079198908538,-1
0.1875220420812891,-0.7663633812947248,-1
-0.4049857613328375,0.281190287730302,-1
0.2895074294129934,-2.115357650179416,-1
-0.1185603816767334,0.4163916466159599,-1
-0.8431151294440254,-0.0428870694948798,-1
-0.0350066409320225,-0.912045539176356,-1
0.2694312853634105,-1.2326311152312424,-1
0.9571721234594012,0.4325864297534894,-1
0.868529237244531,0.7051352640747491,-1
-1.6013667389322035,-0.8355037712574287,-1
-0.4022670677638978,0.6891801087504409,-1
2.2837581355247307,-1.2855800004371734,-1
-0.1974721952237787,-0.3328358896375769,-1
0.4212820473762755,-1.7088666501277603,-1
0.3253844761392175,-0.441665693450787,-1
0.6077064871932432,-0.5407842507530708,-1
0.3483917290301566,-1.3144196692883952,-1
-0.9075810287162762,-0.5493937164137387,-1
0.0243144494068243,-0.0703294454270956,-1
-0.2921293837286146,0.6593896653464303,-1
0.0308414076643249,-0.7098576595695808,-1
-1.07005951209597,1.6744154517904182,-1
3.0166217222053717,0.4421706199768274,-1
0.5498552862376781,0.2543338264054973,-1
-0.1457990872907033,1.435410306219198,-1
-0.4186461438868235,-0.1056987953231861,-1
-0.0553323338478546,-0.94816382304604,-1
-0.4458067482779028,2.072189175137636,-1
3.3736689401998725,0.5027625548032842,-1
2.599814141893475,0.2655015086396827,-1
0.0565889531373483,0.4444744496526632,-1
-1.1208977845892594,-0.2848907479692332,-1
0.4169343909254344,-1.5569212026043828,-1
-0.5956484331648001,1.7603326302581124,-1
-1.6614192602552695,-0.0151451214999873,-1
-0.7345337776846418,-0.7027955735963711,-1
-0.9703418458091944,0.3644131119320115,-1
-0.8064766312670021,0.6339574595720373,-1
0.5018015586273658,0.0139241765618579,-1
2.2004721337516933,0.6222126680368003,-1
-1.5466493434704087,0.7514229546185471,-1
-0.2021395054378288,0.2209669307888267,-1
-1.7454942026568363,0.0782301405168824,-1
-0.1929602042568312,-1.3764405940831224,-1
-0.6974397993491059,-0.2696998649536855,-1
0.2261468398606461,-1.0591074982702031,-1
-0.8536486156118993,-0.1429568821422369,-1
0.4210748931213454,-0.0057392056890098,-1
0.7685703637612338,-1.069292635952634,-1
0.1736357658035584,2.214022401550022,-1
-1.1816449371379998,0.3618099030030296,-1
1.0265015400381543,-0.4946171024779693,-1
0.0601666124480687,0.1344630125358131,-1
1.1115844076843373,0.5280142495047049,-1
-1.3928290393985647,0.1483667621885766,-1
-0.426245865688605,-0.2330512016838958,-1
0.979655773220328,0.3029040331104555,-1
3.384983500486039,-0.2302257439745277,-1
0.0109659283097106,-0.0181485656389619,-1
-0.9356216040467132,0.2998070553977729,-1
-0.0593186953071523,-0.5719442381689119,-1
0.4308611596727329,0.1177611836312287,-1
0.4822444302895853,-0.3674067700870968,-1
0.7999893106576976,2.1220981174400277,-1
-0.9373732602163866,2.3775330911202333,-1
-0.4692878754523725,0.2076824692125599,-1
2.4749388541574087,-1.5473676692193483,-1
-0.1616623025579675,-0.6412333294813689,-1
0.7483175054709976,1.0250345892598007,-1
1.075345436819471,-1.257010232127599,-1
1.0086170775197778,-0.4194147674909966,-1
-1.1905104747203736,0.3651914848928506,-1
0.697614510009621,0.548495027302228,-1
-0.7698992671701121,0.3529771468418308,-1
-0.9681307512098972,-1.323134229362051,-1
-0.4146335959961708,1.6581637862419534,-1
0.2345343293602758,0.0435756315672575,-1
2.657318403927696,0.3814748085884412,-1
0.3766014303145041,0.7862050427035963,-1
-0.2163814703458198,-0.3629681648373996,-1
0.9748011469469432,-1.7536292941304432,-1
-0.4888437010437778,0.4975341902401528,-1
3.4143392750997537,-0.0453358413474278,-1
0.3679293645161381,-1.2647820541797876,-1
-1.7022865556305875,-0.582980119625193,-1
0.2587846205081733,-1.141408898787235,-1
-1.085153483606098,-2.240002947316508,-1
-0.7777719945408617,0.6178454560239985,-1
-0.595644678913283,-0.9262386932123738,-1
0.9181912119222786,0.5944501190311859,-1
0.6623411940139373,-0.6337127381372336,-1
-0.9154023906588804,0.0589198225070298,-1
0.224461454552707,1.172771196328651,-1
-0.9574165127465506,-0.5890211192531164,-1
-0.2714658469441495,-0.045838759823112,-1
0.2866271366363918,-0.4572268942280964,-1
0.3558370147835142,0.1510675907492001,-1
-1.2763919274111886,-0.9774545201555428,-1
-1.0963867878132327,-0.3304380876513005,-1
1.1203037210723208,-0.134913884472358,-1
-0.0162098653182601,-2.183183335512258,-1
0.4287572237805195,0.5897519410586296,-1
0.6671255911544764,0.6347404153746418,-1
0.6942661533303661,-0.5501828013032435,-1
-1.1761445137782356,0.1025184810166807,-1
-1.1024212121020966,0.170486913921175,-1
-0.2394460288614753,0.353792499359519,-1
-0.5886928103272407,-1.1500849583007964,-1
-0.2421963854073588,0.9778632377105309,-1
-0.741482491414543,-0.4612420584781374,-1
0.3167418314120557,0.8768530990111172,-1
0.5426856115460388,-0.2610088138218795,-1
-0.4862477007626101,2.423314778439236,-1
-0.4881652779980676,0.1893020922109908,-1
-0.4802263595492922,-1.133130030967992,-1
-0.8413236043720751,0.3707102955593813,-1
-0.8112954266929294,-0.7768964546179781,-1
-0.948651644311299,-0.8889561206974714,-1
-1.5122495088541208,-0.9071664820124976,-1
-0.3470883317307279,0.6331896232310648,-1
2.3470279043656523,-0.812287486969188,-1
-0.1082873915375864,0.420836726160296,-1
-0.236348603578553,-1.349273631402624,-1
-1.116379773642033,-0.3042308976394812,-1
-1.0109186246892052,0.5574301627548169,-1
-1.513790052497753,0.101359624123842,-1
-1.0907343298782006,0.0502691396554858,-1
1.0230447219054402,-1.0489210148933268,-1
1.0549229032119338,-0.7878504053953832,-1
-0.6023841822588941,0.2792107981434888,-1
-0.0126762487090304,-1.141192779915864,-1
0.1395676808717241,-1.381402279260378,-1
-1.5824053449990323,1.5339144866808267,-1
-1.4919777070754758,-1.3451422903613008,-1
-1.3193585712605098,-0.5523128584507934,-1
-0.9227208208337608,1.0300681484662364,-1
-1.0531288740856195,2.0011130525917933,-1
-0.0980741827002122,-1.2409808565929576,-1
-0.8779211349200404,-0.4641270033773824,-1
-0.0618470421965022,-0.4606730269418441,-1
-0.077849838110587,-0.0088538916507186,-1
0.3968049793059549,1.01545600842894,-1
1.0604909001798073,-0.2218065008287903,-1
0.5250312050421122,0.4013450084426037,-1
0.8974255734286223,0.4998464722734508,-1
0.0066936377733157,0.1182048726927094,-1
-0.7273861215538437,-0.649795127389228,-1
-0.4403844261410293,0.6540284422937028,-1
0.3403416638514633,-2.0016954381456027,-1
-0.1847488796344642,-0.3868148593046843,-1
-0.7295706101740894,2.0210803103276227,-1
2.33185371396278,0.6247736172326468,-1
0.2867387529459921,-0.9838935603883988,-1
-1.146608949851435,-2.118201529463878,-1
0.5491892429165146,0.2426244910925656,-1
0.0203467773843555,0.0213632061675614,-1
-0.7439373244992125,0.2879125612039606,-1
-0.9294169050451716,-1.2802291211947816,-1
3.378601463676554,0.3976663545786512,-1
1.1759936805109563,-0.6140345158442145,-1
2.6735609002723324,-0.9775955928165578,-1
2.749145152738297,-0.3241698859515974,-1
-0.1586835325079975,1.0191352946612702,-1
0.4187277681071507,-1.7967992551968577,-1
-0.5297654369196739,0.7802631852197437,-1
0.1614411603741345,-1.8700793519483967,-1
-1.114245947098933,0.0569096760819129,-1
-0.2220799529078022,1.4297060335195997,-1
-0.3023173635372126,-0.8550501767809964,-1
1.059449330032788,0.5156268774933577,-1
-1.0480724343584995,-0.1623077200084446,-1
1.2737861812755316,0.0033766321368979,-1
-1.300822970854559,-0.4265132872626276,-1
0.2508438499496321,0.834498642038484,-1
-0.4850067186350116,-0.5559391967540283,-1
0.0293514760658535,-1.3537270766944722,-1
-1.1832985296533012,1.3937240229269288,-1
-0.3411253150851989,0.7817841457029252,-1
-0.339284610530157,-0.9602926648767874,-1
-1.8237133669036671,0.3240400359990651,-1
-0.0035857121100988,1.4579657812657645,-1
-1.0110725614062244,1.950527419285432,-1
0.3543256084077839,-0.0031157249654974,-1
0.0806177339601172,-0.1727481507241559,-1
-0.8320992975071998,0.4609539885434243,-1
-0.1567758037082367,1.4270518959577831,-1
-0.3608917836229635,-0.395538761879854,-1
-0.8745723086611031,-1.901823732968404,-1
-0.6288645912782057,0.2836747800552033,-1
0.4166284196331476,-0.8038225953669025,-1
0.3128250254863271,1.2570285774906458,-1
0.2518009591294933,0.2824019409761427,-1
-0.735425918749144,-0.6677288813341836,-1
-0.572973083945923,1.4414734453618192,-1
-0.003491606726838,-0.2217736493854265,-1
2.5705656057705526,0.0767714950191302,-1
-0.8384827668787541,0.5855674347238604,-1
-0.7304549589322549,1.215219666845162,-1
-1.1515419429077984,0.523269228957248,-1
0.5607788649010087,1.784438897448256,-1
-0.155157992008407,-1.6301621251940126,-1
0.1071709034011247,-1.5351694771806723,-1
-1.0824191312205846,-0.0254649441587444,-1
2.135880805883226,0.4590354682475945,-1
-1.124538430089879,-0.2792287350027703,-1
-0.7142606731596218,-0.4695887142686268,-1
-0.7173139259253594,-0.2864285915235325,-1
0.069817731783237,-1.3927072512498315,-1
-0.2518515427973467,0.6593895137703369,-1
-0.7628829298001158,-0.442861529900475,-1
-0.6626740823230646,-1.1830292618284253,-1
-0.3819348852881042,-0.7868116108010705,-1
-0.2086931994900748,0.0450710638123282,-1
2.005617594295674,0.2067277839106367,-1
-1.5531009358134629,1.3753591595693255,-1
-0.9128617938606776,-0.2043888067583268,-1
0.1443189026895419,-0.795883691623304,-1
-1.7424609921062886,0.8880347715547251,-1
-0.5136315318441896,0.1334707153086631,-1
-0.9384871954093196,-1.551853597836231,-1
2.6610839286611405,1.3571414338156094,-1
-0.2017095381113949,-1.3787397759510496,-1
0.4404214582964751,0.1201335852227816,-1
0.2304458661917863,-0.3800368554828913,-1
-1.0209999153704017,0.3638082949572216,-1
-0.0367610324101403,-0.0087808235031862,-1
0.8525699402483546,-1.1470758887777974,-1
-0.4720904008413715,-0.1279122869978474,-1
-0.7594177699976744,-2.05414303855305,-1
0.4243933591497141,0.2598072917676666,-1
-1.1215896805064896,0.7159125732948789,-1
-0.6312141677975425,1.8503687216943896,-1
0.2001798401918539,1.0213457431616058,-1
0.7143743739758892,1.899341400269953,-1
0.0231176397964104,1.389018521749119,-1
-0.4021930045958268,0.0024054318821869,-1
0.1408606519947584,-1.8534662564114044,-1
0.3815689014399639,-0.5011484821661806,-1
0.0568742086151692,-0.0997836839285029,-1
0.2125391755131664,-1.8109891720855564,-1
-1.2666788408291938,1.660757283728977,-1
2.2207535799464404,-1.3101658937033878,-1
-0.0329409373604229,-0.0515822066846194,-1
-1.4453539999461686,-0.2502434106487682,-1
-0.8458780697340499,-2.4193737361248906,-1
0.1645361341519148,-0.215391491563506,-1
-0.1704128093432124,-1.482619194329649,-1
-0.6889764743553477,-1.718983302504424,-1
0.0355653443240068,0.3848949322717937,-1
-0.5981230429045711,-2.3544213927964623,-1
-0.1159312858565527,1.8133903278166352,-1
-0.343105254943265,0.4071668036279298,-1
-1.5298135642263038,0.7620192330712814,-1
1.0711239623478308,0.5474465212659573,-1
-0.2197493198768741,-1.7933393249832184,-1
-0.476751351311154,-0.9183154546888348,-1
-1.165453052838523,0.6551350248592613,-1
-0.5152558572758955,-0.1652286019222798,-1
-0.9331608807974582,0.7428210057947773,-1
-0.7725062146137577,-0.7495833556424152,-1
-1.376151784289689,1.0310743947693717,-1
-1.1335897769656182,1.105498205219412,-1
-0.0585733778324171,1.4377210909819564,-1
3.06686713134689,-0.1249439301407339,-1
0.0645552365279679,-0.1754752048574112,-1
-0.7969911491943155,-0.6727362149679873,-1
-1.2333876006046445,-1.4103921864561455,-1
-1.300307659362288,-0.3836199335662834,-1
0.2061759523763957,0.6411583586350588,-1
2.901632820804424,0.374013336315853,-1
0.7897128318271218,-1.052649035153431,-1
2.742966985511907,-1.2492084665631753,-1
-0.7255062272756094,1.5920135634348698,-1
-0.0908037590777423,0.7826316760621622,-1
-0.2632110289836823,0.916443067565366,-1
-1.2339496901068503,-1.2757448674885363,-1
-1.7134789719923724,-0.0431245027030409,-1
-0.9284766832243594,-0.8216538184443746,-1
-1.841056115970316,-1.895035017217945,-1
0.1251375051972115,1.3941414864157775,-1
0.8169849167834071,1.9317657094412488,-1
0.7290215523410285,-0.7532337249132217,-1
-1.2067269886532503,0.5438452144170015,-1
2.278432574295854,-1.5844138510683492,-1
-0.1866155666012667,2.535678623155877,-1
-1.452827669584443,1.4428195041645056,-1
-1.8031087782542816,1.160106174404974,-1
-0.949309141943141,0.2542479612447808,-1
0.830267586566483,0.5686781007572417,-1
0.0097806652571508,-2.086299257677881,-1
0.6425301334112915,0.8656244323165156,-1
-0.5537818380178959,1.077544352254469,-1
0.6413571202675846,-1.3545636777606926,-1
0.5762480794336904,0.4174992717237779,-1
2.934449921185355,0.4224765808876558,-1
-0.0892273845866527,0.419784982976706,-1
0.0732069763078417,-1.6637386653874158,-1
1.863786988883872,-0.0812396551923733,-1
-0.9991504363542923,0.2341684611995097,-1
-0.9753542428348236,1.1758318918190056,-1
-0.1947489940203372,-0.6155766390880926,-1
-0.96497990436947,-0.0157317097092134,-1
-1.0524403370441249,-2.337896357025246,-1
-0.0454517578936124,0.8160959739461234,-1
-0.4285141360969245,1.1305988126656723,-1
-1.1039462211650408,0.8767788367452324,-1
0.2789740174490197,1.2729753908001478,-1
-1.1977970323189078,1.3480917090503108,-1
3.1422044904713413,-0.4276181949175493,-1
3.1757253171306585,-0.3752416196286682,-1
0.937853392805798,-1.527178450685887,-1
0.894210307836226,-1.6151841239025169,-1
-0.8785787623675764,0.8469810938686746,-1
0.0688386782464347,2.1854501094191967,-1
-0.6175467463202045,-0.5995102839966019,-1
2.055233340326877,-1.0510747737922572,-1
-1.4941180231785371,-0.1941728606614991,-1
-0.8690932802948895,-0.4597125806713503,-1
-1.0654493776909422,0.7967153044195205,-1
-0.3486841990736163,0.6643429847761737,-1
0.9789136106017337,-1.6890540460106018,-1
-1.4341342984262475,-1.2993330317752212,-1
0.465780343836111,0.347709088422367,-1
1.3275611689714604,-1.3673913501101078,-1
-0.7915493342056427,-1.7592036162715734,-1
-0.7639770883379475,0.4916604238797332,-1
-0.2640349172609904,0.2842829857534061,-1
0.5137430467154033,-1.2028374346799122,-1
-0.1749300669074545,0.532561708340431,-1
-1.0948136979939782,-0.5430880154627632,-1
0.8093603112966459,0.3355138043148192,-1
-1.0206822435326524,0.7833303550047369,-1
1.0291202380592477,0.4009435791142583,-1
0.2170487149749718,0.5031601146159324,-1
-0.0818524077498491,-0.1145244035879311,-1
-1.03309301848601,-0.2161828131136226,-1
-1.793929477073284,-0.4373013504669749,-1
-1.0475175877992398,-0.7806857885546898,-1
0.3456588834106127,0.4627238335535051,-1
0.9571402508830552,0.4208345315552359,-1
3.531461923260093,-0.8277544568382684,-1
-0.5082200770860856,0.7502465410527756,-1
0.1637628523399591,-0.2232607158829849,-1
0.7824268235919782,-1.394406896319255,-1
1.183664310624668,-1.1911640363815703,-1
-0.6704290435882405,-0.5884670793350675,-1
0.7151590725300049,-1.4523840193218982,-1
0.1624925789568505,-0.7814166453388134,-1
0.4845960629382819,0.7329227089500966,-1
-1.578836780741024,1.393647717632077,-1
-0.6330550763721785,0.2719466939509863,-1
1.9051577653903045,-0.4752279553520137,-1
-0.0061776743364468,1.37782918079252,-1
0.4297798504391303,-1.8040328541271495,-1
-0.7945908864259178,-0.4034228262414839,-1
-0.9833835124153428,1.4914321221786926,-1
-0.2315582662414429,-0.2682723959886603,-1
-1.202771746387314,2.1517144843414515,-1
2.379383035028109,0.992034581448042,-1
-0.9843934937893184,-2.291597912497231,-1
0.2084611899274724,-0.5214471866540489,-1
-0.3596668556877208,0.8434364926126708,-1
-0.4441271733508407,-0.1401416166671116,-1
-0.2799024361431623,2.21886875884661,-1
-0.7575806156745555,2.21085031266084,-1
0.4141384293002972,0.0837768913909349,-1
0.7046281918548813,-0.2100884966161598,-1
-1.0251292663842408,1.3099050506501282,-1
-0.7203094535186841,-1.1040292271572285,-1
-0.8209660388798968,0.4185804776273192,-1
-0.7825386711556591,1.546277524572416,-1
-1.42480932241425,-0.912535919236644,-1
-0.1083827996672224,1.4293934891349391,-1
0.1066550425454633,-0.2534047455537326,-1
2.7073462610151964,1.0160497033011826,-1
-1.0492250714517286,-0.2228657608492783,-1
1.181382907108817,-1.5034133416897404,-1
1.730144177187818,-1.5569186787831313,-1
2.8374288501229694,0.4664100748727584,-1
-0.4456209389845375,0.6908438168052746,-1
0.4118851941412606,1.0902303195744916,-1
-0.0333872426825151,1.2341384185447208,-1
-0.8121758672119691,0.4307909049292044,-1
1.8525197559710311,-0.8504501144017989,-1
0.5604453246472835,-1.485443802306288,-1
0.5389240450837045,-0.6027479241964182,-1
-0.7788043398194752,1.0176301509742414,-1
1.109618070513485,-0.7070783311090453,-1
-0.2283783619168222,-1.335295771060069,-1
0.0152927891623773,-1.1729700123792348,-1
0.4255765660729141,-0.3390654368697938,-1
0.9027452444929134,-0.3934882471744752,-1
-0.2764008961298728,-0.0713914220783656,-1
-0.3202525679164437,1.040451696771012,-1
-0.2059141252239863,-0.584955026370241,-1
0.2116887554607068,0.0619255033066162,-1
-0.5032271729122555,-0.3928655703745658,-1
0.9648999293821352,0.1793542361606277,-1
-1.643231901517039,0.3505631591189574,-1
-1.22783505843375,0.6696023742959386,-1
3.436550598470797,-1.2753596230746735,-1
-1.0033935896227857,-0.7921875223198559,-1
-1.1882707922165654,-1.1604071929289648,-1
-0.5195535808606605,-0.1731165770330441,-1
-1.168475316226593,-0.977889691893418,-1
0.2785061631457684,-0.4400207361872387,-1
0.1408801448465577,-1.5217729248710574,-1
-0.8661498715126947,-1.9813979277760876,-1
0.1583282802942326,1.3469374349992371,-1
0.2203716886378423,0.0779760416019543,-1
-0.3169094222226897,-0.5456011453297076,-1
-0.4472408865974355,-0.1306820555925181,-1
-0.1308678319582326,-0.3238232547717835,-1
0.5383990891753312,0.8487614754986219,-1
0.3470129941935889,-1.3282016825541096,-1
-0.0493030463405914,-0.6454166416977857,-1
3.113735046541252,-0.6280268870127297,-1
3.34839581837377,0.7610330420204402,-1
-0.4992110005857796,-1.147670296976108,-1
2.814829416181929,-0.5549808347459388,-1
3.442429154149168,-0.9414284233430064,-1
1.013490443261977,-0.0270288617095824,-1
-0.0693986832419736,-0.0943834382899594,-1
-0.1033900253090863,0.4541853930114028,-1
-0.4255162070304435,-0.029934054670652,-1
-0.1537056635834504,0.2332197693999409,-1
1.7867770937557104,-0.4030026873552904,-1
-1.455734228576108,-0.2508483791996512,-1
0.0185366426592844,1.10400924726898,-1
-0.6075499166061664,-0.2205517389392,-1
0.3660178814648602,1.0138726679941858,-1
-0.2096458010354342,-0.093562805595985,-1
-1.7170002088770553,-1.405056491641529,-1
0.0564933409881182,-1.8674676256958096,-1
-0.3452859893119936,0.391470917874294,-1
0.0937724494379348,-1.3231551747583965,-1
-1.0633117968963255,-1.5287154453295722,-1
-0.9168852091300996,0.0666851702645792,-1
-1.0456856444616218,0.7995768919530091,-1
-0.7342440145723192,-1.937784277648192,-1
-1.0044162162813963,1.6015972728659231,-1
0.6126350468190049,0.9968784149233788,-1
-0.7769519347189708,0.448174007679524,-1
2.2542185335431104,-0.9105039776824528,-1
-0.1043790812691936,-2.4938726577514303,-1
0.1971516866391985,-1.803847543670176,-1
-0.6051144965895878,-0.0896832172884362,-1
-0.1548578310969972,-2.363712829637386,-1
-1.3063156019079865,-1.0081492010209268,-1
-1.04035878048637,1.7695934102607325,-1
-0.4975117287873242,0.2921910810826076,-1
-1.006631348935513,1.4435006264341474,-1
-0.4984332111393221,-1.830531643127284,-1
-0.7043994602414849,0.795073735879385,-1
-0.43100084175794,1.8680015341495169,-1
-1.0603454065709024,0.4515946121551608,-1
-1.0034449550509306,-1.135632752058457,-1
-1.8220479440272093,0.2968425680563566,-1
0.6124830122437372,0.3568797656302436,-1
0.1485788135013898,-0.6122956966128816,-1
0.850101424692763,-0.7491625034301534,-1
0.6090573875082845,1.3068898520402286,-1
-0.560373215027365,0.909444489873824,-1
0.1904811894637658,0.7302159266113717,-1
-0.0911228634775605,-0.1401690363580958,-1
-0.6225687877619362,1.7063112492817762,-1
2.7413614737529164,0.2763476483733179,-1
2.896527546938009,0.0479513609036649,-1
1.1145291192129074,-0.3224884299234845,-1
-0.0529203705339947,0.4937702329654586,-1
0.0635949724919659,0.3589142461751186,-1
-1.3261051877333734,0.0015018680226284,-1
1.843665165551135,-1.6702886182268146,-1
1.0789888176285352,-0.0882109250447713,-1
-0.7184366723677021,0.4861446987844285,-1
0.3927359347853644,-2.5648660007077826,-1
3.2965055779343744,-0.9622777790255108,-1
1.1927672269481466,1.088053091457964,-1
-0.4707337643493532,-1.7881889406255758,-1
-0.5954028425696621,2.045249934223341,-1
0.1552215559390043,-0.1007506044936355,-1
0.3298841671653263,0.0463875083189702,-1
-1.0623974276715795,-0.0576274860021214,-1
-0.0027390463091566,2.2716224293440783,-1
2.8649313364375013,-0.6071806169014513,-1
-0.9931719649117838,-1.131187672514121,-1
-1.0151331900531877,-0.3069771572923017,-1
0.3141166938629863,0.1137819326630715,-1
0.0007528492880303,1.4757650018104869,-1
2.9722534361801545,0.8399377174533131,-1
-0.2826809610458602,1.5242367637058951,-1
0.8701251045874197,0.6739819025296402,-1
-0.7615775789525346,-1.234866940393595,-1
0.4032567014647033,0.2236157881743567,-1
0.4482785212708427,0.3254034746567011,-1
0.5574447400560664,-0.2876557821460453,-1
-0.5151713963087373,-0.3505652791820864,-1
-0.5658101028338393,0.1484272506872757,-1
-0.0843181879969962,1.4578503018090032,-1
-0.7023541327203632,-0.5040930008652529,-1
0.1891322654943761,0.3378487716212432,-1
-0.3239985997980901,0.3964784030841912,-1
-1.2756360823216724,1.3657447932999685,-1
0.7995525699679997,0.7016995164047746,-1
-0.8701933289973064,-0.7173591969702441,-1
-0.6913527366374442,-2.3473339301612346,-1
-0.8231266012177418,-0.7579841772130582,-1
0.1236766310829333,-1.6241538254333598,-1
0.535884344973195,0.0995574481869348,-1
0.1498010061281882,-0.5477817621696476,-1
0.7606137247867166,-1.943745734833944,-1
-0.8428226310232584,-0.1034144534974098,-1
-1.3601009874030023,-0.1388192183823684,-1
-0.6795748296825285,-0.6765955314810054,-1
-1.0729037584970116,-0.4990272875499746,-1
1.6785952693084838,-0.8512741358191861,-1
-0.2141780382371655,-1.3774921856906188,-1
-1.628921264274157,-0.8894825893484427,-1
-0.3909882882932032,-2.069108091255268,-1
0.2983465650359101,0.2184315098310911,-1
0.247433680011159,0.2705580722629779,-1
3.628935319624849,-1.1331440212774142,-1
0.2668563644837198,2.376679606982895,-1
-0.904495229774916,0.0633223391660438,-1
0.5266165447702198,0.0366576625928519,-1
3.1540306079982616,1.5688581834714694,-1
-1.1479415858571522,-0.8169621147664571,-1
-0.0833274339147315,-0.9476863915750294,-1
0.8374157920606717,-0.7029795383588995,-1
0.1446633103220365,0.4390624495431946,-1
0.5181396671212333,0.9667958505053316,-1
-1.593376455055283,-1.8144906646978107,-1
-0.0661692655989734,-0.1644861659760305,-1
-0.651137128513091,-0.6558427528878835,-1
-1.1298146078160705,0.5867620770551959,-1
-0.959810965134071,-0.8778824107737268,-1
1.009955523906372,-1.7402020849825242,-1
0.033514076606314,1.8715135871143436,-1
-1.089167599803214,1.1818251999614138,-1
-0.7664728890516749,1.3988078134316777,-1
2.6551773344416496,-0.4633965147115889,-1
0.8596271154317152,-1.9330033200861447,-1
2.740022273983337,-0.3987057871349863,-1
0.8089152289372206,1.0807006243474984,-1
0.7850546166657835,-0.6685908827951275,-1
-1.0323222679629047,1.9377239294796815,-1
-1.4183783216497758,0.7811507149187984,-1
1.2841378220009598,-0.1579670627844659,-1
-0.4472453942319372,0.5600485148781366,-1
0.0417524025835146,-2.1803099935078447,-1
-0.1369855387037653,-1.0751612737128609,-1
0.1019856762020533,-2.3666253458037083,-1
0.185062072215019,0.7864634213081028,-1
-1.111833853969379,1.3309397167896069,-1
-0.930981449175105,0.0873342238718651,-1
-0.2743346431948827,-0.5355861749099132,-1
-0.7265283045708296,2.661140273297365,-1
0.9543325887124554,0.8889119582655584,-1
-1.0608665284440502,0.4282491612529233,-1
1.7960072110014629,-0.3323068971653544,-1
2.5846705213205734,1.0431318433632233,-1
-0.7986052066426279,-0.302093517286678,-1
-1.0154541465627716,-0.5763024520658235,-1
-0.3532887271173613,-1.7980036089701514,-1
-0.6250498870616689,-0.8963327703516022,-1
-0.2356734652046777,-1.5073089641577926,-1
0.8184578868189298,0.0979042767519676,-1
-0.8682583150394096,-0.8186765998780318,-1
-1.757052501428375,-0.1271742823172703,-1
-0.8112141706138978,0.3996801062694176,-1
0.4995110600588028,-0.1285804606782116,-1
-0.8801336620814069,0.7201416855439372,-1
-0.1380654709870923,1.1626302098322292,-1
-1.2465040837618482,-1.5924392523410422,-1
3.3547525519505794,-0.1790044852789793,-1
-0.3950324249568995,0.687492740177664,-1
-0.0284502115713321,0.4383116478494332,-1
-0.6724199306087845,-0.1398643356952263,-1
-0.3805833057939783,-0.4316996086348602,-1
-1.660061321016876,-1.0042391074511676,-1
0.3294416160947513,-1.354463189922176,-1
-0.7938117942330851,-0.4151015047161119,-1
-0.765274776694886,0.6106425139320103,-1
0.0287847991454374,-1.7400656601294175,-1
0.4132282279460651,0.290428904485518,-1
0.005211498481181,-1.36659188017683,-1
0.5877174096035689,1.4989709422883917,-1
0.3004317614593089,1.4105881738631747,-1
0.3873461588241134,-0.3508290895389724,-1
-0.0592524244454181,-0.4177915792925181,-1
-0.5146575173785356,-0.8109505778584849,-1
0.7618353680501244,-0.5545737150674256,-1
3.62764365124819,0.0101026235501601,-1
-0.904826034720197,-2.03209904053921,-1
-0.0046735109036627,1.0482817469285817,-1
-1.267665291296551,0.0550645683192394,-1
-0.2226836336063569,-0.4413986459465815,-1
-0.2374264241207264,-0.1007655961118799,-1
0.1596758217335389,-0.1435945505603909,-1
0.5192174876634068,-0.2817121847854126,-1
-1.6861049893464897,0.4206234754957999,-1
-1.338822692941811,0.0359329348956289,-1
-0.7808356451056865,0.2995675791606451,-1
0.4183620897169912,0.7784395433699536,-1
0.0532120883372905,0.3955644304481537,-1
0.3800035241433379,-2.3411423629725747,-1
0.5295004560539441,1.3809249643868502,-1
-0.1395398179728902,-1.1630938787819582,-1
0.7053040836117414,1.6277169236285034,-1
0.57557622573165,0.4253378392049531,-1
-0.0265470701897814,0.3252423467433918,-1
-0.3610261774561977,-0.0503686619859051,-1
0.0211617004246455,0.6553639407438169,-1
-1.69811363149494,-0.3447043098348509,-1
0.1702983562867811,0.2921244872297139,-1
-1.0451126077969382,-0.1582905127294367,-1
-1.2485521465914144,-1.4677338356456948,-1
0.2596307369457249,0.996905834614363,-1
-1.4377015599378808,-0.4878835950499235,-1
1.201893939738332,-0.3122658579559248,-1
-0.9375189350473866,0.3933284537097073,-1
3.293878668059248,0.1398429451463888,-1
-1.1652977335914203,1.144936908878403,-1
-0.7442107496158769,1.8368873467663167,-1
0.671801447057848,1.2358510122034216,-1
-0.7765093836483958,1.84902470592067,-1
-1.0911870747282688,1.468479280129008,-1
-0.3460734973784538,-0.9196678362100666,-1
2.226926690174938,1.6302613427021293,-1
-0.4010221773971738,-0.2765258634131801,-1
0.3491227404666792,-1.8197403427756167,-1
3.1032327537706395,0.7762172991652558,-1
-0.2472667116249949,-0.5304560623468012,-1
2.071687782364249,-0.2717878789103367,-1
-0.0818537104962243,-0.7857070712644789,-1
0.4945825746369413,1.82215972727226,-1
-0.1852882713967444,-1.2823874469439305,-1
-0.9629741119153372,-0.6536270242112616,-1
0.6764863980139315,1.6672169409641018,-1
2.9772281502485605,0.0363149421621723,-1
1.0461254886010598,-1.2837915822759047,-1
0.976284718801147,0.2344461111118392,-1
-0.5813054537658902,-2.0043357782075275,-1
0.4702892597306257,0.4981136068202192,-1
0.5592153397141484,-0.7090304010048742,-1
2.818908704513998,-1.1733401525008986,-1
-0.0197127080779248,-0.5641058222638299,-1
-0.8753174721482299,0.788630264380857,-1
-0.3389578436396958,-0.7105152728973725,-1
-0.3245800523364013,0.0315283752076482,-1
0.4726438432158693,-1.704348502435892,-1
-1.3157523240452784,-0.7003756320953964,-1
-0.6063977490926195,2.3763808600981267,-1
-0.2273789823615277,-1.3742025743157091,-1
1.7964861422828855,0.3895651288033908,-1
-0.2029185976306615,0.2326456092634547,-1
-1.1515229994193896,2.1796206458208798,-1
-0.988457123304814,0.1333095873953539,-1
0.49534347672435,2.149970384933832,-1
2.853003870584374,-1.4076483142179157,-1
-1.0938103601675726,0.0519326961342261,-1
-0.7652461887903749,0.7725911774042573,-1
2.322685829523942,-1.1374135018067342,-1
-0.8910499978017913,-0.3262326359201856,-1
-0.1896508332811745,-0.9411494285583452,-1
2.0798471921950803,1.6990507114527844,-1
0.6747689361100522,0.5668448990415865,-1
-0.3111802956268362,0.4906967404619199,-1
0.2091506843715462,0.4558829950518596,-1
0.014288901972581,-0.44333263865294,-1
-0.6112178472649221,0.2943442782315633,-1
-1.4607628337817016,0.0786803038730018,-1
-0.6692855015477235,-0.3581643704261337,-1
-0.5445043933988178,-0.3539586155428323,-1
3.170226326332964,0.3873284547304236,-1
0.1519895328032536,-1.3730132121606595,-1
-0.1926782334508454,-1.7705019623902951,-1
2.7685093586554603,0.786871654147278,-1
1.3883305496804443,-0.5079373494927327,-1
0.3518486769785648,-0.9280197721768424,-1
0.8999849096956394,-1.4276095784513905,-1
3.3320440274089806,-0.5430798662574875,-1
-1.134353963724862,0.927884312831833,-1
0.2713890768449414,-1.152451951872676,-1
-0.6528141721513029,-0.5895494793569612,-1
1.151148124538132,0.0226627676030855,-1
2.9046379928138517,-0.3027887814418354,-1
2.8390442103176574,0.7669500448679968,-1
0.5590881387918748,1.499490936644724,-1
-0.684329755719878,0.0448367161753932,-1
-0.7559556110637653,1.0169875292646942,-1
-0.1718807223808426,-1.6641464174343066,-1
-1.748977756584296,-1.2914978530174586,-1
-1.1565860826940797,1.155032095342183,-1
-0.765773200828108,-0.4429228435770824,-1
2.7699341181189787,-1.3727277582507929,-1
3.505874958051657,-0.1871744995121935,-1
3.066645541238053,-0.7688984730362695,-1
-0.949619700653638,0.4863606660797063,-1
-0.6072717000516976,2.0719582162241137,-1
-1.0513453453396,-0.0648610849324134,-1
-0.4462220141903418,0.162104472692189,-1
-0.4474969250236462,0.4625831290108198,-1
-0.8540150473850435,0.4364411634247423,-1
2.9275752706235245,-0.0227445808623644,-1
0.2886648016668708,-1.083370310531891,-1
0.3083725320178499,-0.565319366962544,-1
-0.2870397686787732,-0.8210965413790063,-1
0.200176555520019,1.171542508435599,-1
1.1417908063701057,2.160488315062748,-1
0.8575571082452078,1.217762756215889,-1
0.7807173580140296,-0.0152074356633022,-1
-0.8306970317640131,2.6520733210753247,-1
3.1901433968839266,1.7013713592335946,-1
-0.1475887102209024,-1.0112829646588135,-1
-1.1701165290173476,-0.2659170053116125,-1
1.25276661051701,1.789441102481867,-1
-1.356077492349872,0.8018232774679344,-1
2.1818507696322085,0.0105671064318932,-1
1.2602369954834496,0.2465749529425867,-1
0.2332770592690048,1.329223037072972,-1
3.342150830922256,1.0064998878557525,-1
2.383236305400548,1.63216776414141,-1
2.453524813084622,-0.6685119021029312,-1
-1.6956256230875493,-0.4109243636421474,-1
-0.5351235443241731,-0.314446843736309,-1
-0.9842366677762464,2.1898854775215746,-1
-0.6703243363862984,1.553730327945305,-1
-0.6862960131070218,0.021460608434852,-1
-0.2151280342897744,-0.1737607197458366,-1
-0.857384799057849,1.0391659091026737,-1
2.965924537124872,-0.0539168447748522,-1
-0.8588903950527024,0.8654346905938695,-1
0.914476503253588,1.286886808865903,-1
-1.2681143319270871,0.166323873499289,-1
0.098612719641121,-0.4019873619785748,-1
-1.3942319843208355,-0.5501904697162348,-1
0.8688711191679837,1.8094325427613611,-1
-0.3118541312543365,1.3199147408936365,-1
-0.0561769435194369,0.9052029495520258,-1
-0.8400428033741854,1.2624002093198523,-1
1.1385846358304217,-0.1242869491813201,-1
1.060655314479622,0.0982507151222509,-1
-0.5981503280627071,-1.8451873885921612,-1
2.959327349734526,-0.2024688043613907,-1
-0.2432302930637353,1.0422732955918357,-1
0.3803103286023178,0.113316255662986,-1
-0.6573789611084648,-0.3926686570227599,-1
-1.499926269940354,1.4716925862090662,-1
-0.9115655380658084,-0.8266495491833467,-1
0.3128840534051153,0.9274504867884038,-1
1.0174585348321423,-1.2754755833237192,-1
-0.628050471652886,0.3014552498086404,-1
-0.3370596294403435,1.0239000664867202,-1
0.2809188056387129,-0.4906487808028289,-1
0.445424081090308,0.9710215740309772,-1
0.8282109780475957,-0.4615298998025952,-1
-0.0848297452377499,-1.2716143753578275,-1
-1.112336316157421,-1.568269628445324,-1
1.2151702497771406,-0.3311474785225407,-1
3.072602747502705,-0.6007560477703021,-1
2.598385344375137,0.5794569333119152,-1
0.4757700604228969,0.0750328685973278,-1
0.4318156633598434,-1.7767008527842083,-1
-0.4419823496132776,-1.981841616837568,-1
0.7045340864716205,1.4696509340350312,-1
-0.7739745972310702,1.6052639794494203,-1
2.908307356034676,-0.3144061462398559,-1
0.6555450642226943,-1.076818659049149,-1
-0.9705562430070708,1.583809806792126,-1
2.8739807013877807,-1.1705281241730925,-1
-0.6014343160219792,-0.7566166524974884,-1
0.6863712775830814,-0.5797526708375049,-1
-0.8411773801776844,1.0302568476466232,-1
-0.1756532860376402,0.1969550460830053,-1
-0.9478472488857902,-0.5884893704258589,-1
-0.148046716088457,-0.8981830067144686,-1
-1.177396726871614,-0.6272227692715433,-1
0.6646888683915226,-0.1673107739526699,-1
-0.5927939929842654,1.1147145308838364,-1
-0.9324877985529428,-2.0822377476367717,-1
0.4103806968731885,-1.732817069580881,-1
-0.1406314508016797,-0.0979230625218634,-1
0.8467738636116824,-0.8449643328187298,-1
3.2496911343295034,1.1716533400844518,-1
0.68579188117413,1.7223207219623315,-1
-0.475371183912517,-0.4012547890503772,-1
-0.0368136208009524,0.1883077519548738,-1
0.1465962681505734,-2.329278374040973,-1
-0.771122009160301,1.6131212977218807,-1
-0.6752082297432787,0.8278104378592482,-1
-0.5700887531145017,1.6289866771363382,-1
-1.2845654892926242,-0.763159786656625,-1
-0.568704282100957,-1.8651820660189748,-1
-1.452378079590516,0.0069021136611719,-1
-0.8216237405313328,-1.7587142787535446,-1
-1.008130455370405,-0.2423405954958527,-1
0.6571054345534136,1.3989433893741698,-1
-0.994116694367098,-0.8990324047938733,-1
0.1935357950078643,-0.1613820166341882,-1
-1.7173815460837882,-0.6363658752123421,-1
-1.157423783258004,0.3395347944995742,-1
-0.8881311388692881,-0.1642226587713312,-1
2.1538939816696536,-0.1096930791430248,-1
-1.4008102282227737,0.957608987560858,-1
-0.6553840360331012,1.0043725870632374,-1
-0.3541210868800907,-0.0966742544103743,-1
1.9083032714295367,-1.6846520911015626,-1
0.0922038672531822,-1.8012358174175882,-1
-1.2193444983138415,0.0907054207179131,-1
0.5891681514788479,-1.8410451419905276,-1
2.8145741811706886,0.6545046146802175,-1
0.3383106423685544,1.8124573012371257,-1
-1.7313004483208498,0.3364272564343191,-1
-0.1094628061544496,0.1787821190531084,-1
0.1869113224593822,0.1993000279835738,-1
-0.64820067887054,1.870956461625068,-1
0.3805546164510806,-0.2729491080483334,-1
-0.4000273852600896,-0.8364185690713745,-1
0.7847835930222755,-1.0977496002027916,-1
0.0151986837791166,0.5067694182719563,-1
-0.3024895701433641,-0.3341800569873898,-1
-1.0704403797230206,-0.0932684899768882,-1
3.121945068417244,-0.3095838199108396,-1
0.6381870643786605,1.5385557822424474,-1
0.8239414228196451,0.8492848585783671,-1
2.6922589330526385,0.2896406272731904,-1
-0.6652764423484998,-1.764603861910117,-1
-1.0277602143141873,0.5663817870961897,-1
-1.6762401519925296,-0.83338138252287,-1
1.202340245060424,-1.5979864831852648,-1
-1.5304432273366193,0.0713312254859487,-1
0.4709921028103336,-1.3259098001587295,-1
1.1765044843687256,0.1195894083227841,-1
-0.6522046810718711,1.2620072973151129,-1
0.7223080314071779,-0.7282009054382073,-1
-0.3932566885172166,-0.5375540616018948,-1
-1.0152910350093325,-0.92742790379133,-1
0.4894727133523159,0.9751118494575172,-1
0.9020220253627278,-0.7290949094319009,-1
-0.8522444477269613,0.0150665445659133,-1
1.0780881308747117,-1.2080576500377678,-1
-1.0092994304592922,-0.6168847178472223,-1
1.3635831371457,0.294664491029215,-1
-0.362564868990064,0.3046820265036976,-1
-0.2165308994283371,0.3393985212225608,-1
-0.041701971760449,-1.226502055837542,-1
-0.6371435395406678,-0.1516657930991624,-1
-1.0697815793448036,-0.5652899042425928,-1
-0.9545412769678416,-0.2317632194104972,-1
0.0267628727152405,1.904342411185211,-1
1.0305133345458224,-0.7265952739126618,-1
1.411588783999702,0.04143214586026,-1
-1.1653672891249895,1.1409810152760025,-1
-1.0554442063071767,-0.9899115715910096,-1
-1.5620867652104524,0.91839800566807,-1
0.0525511020140195,-1.631533560658717,-1
-0.4118780526367011,-1.1491996232068018,-1
-0.0986673913957796,0.8777553171762297,-1
2.927484999275489,0.1821399991915489,-1
0.2126965508896288,1.3458361326099646,-1
-1.3693441579725778,-0.6736978553568337,-1
-0.023408677277801,-1.535816553888598,-1
0.3638818689767066,-1.846387311099783,-1
-0.057419512196713,-1.3189410541275828,-1
-0.9734446118933116,-0.4493474127082316,-1
-0.5795163801990817,1.7670155779937682,-1
-0.584845979482778,-0.3774622603632463,-1
1.1090450338488014,0.2507890735734003,-1
-0.0928922401729758,-0.2593282226959281,-1
1.8703412322995083,-1.2300018735391591,-1
2.266058803120635,-1.0991609231554729,-1
-0.7796056601725515,-0.4768458221407688,-1
-1.4965781970644012,-1.961844896381788,-1
-0.0510274971358374,-0.2886410830528347,-1
-0.3588123975804418,0.8161658049463366,-1
0.9029837219607992,-0.7602057080916877,-1
-0.1584282974967571,-0.190350154764886,-1
-1.088504291790495,0.0190732152250547,-1
2.683232265842285,-0.1772317720620234,-1
0.7464179885252702,-1.38056341780084,-1
0.928476032422582,1.6036118505567123,-1
-0.246117828783283,2.216673301964519,-1
-1.5271235383455837,-0.2036560822540358,-1
-1.6242494464256048,-2.134015980245501,-1
-0.9520986140083166,0.3828360518189026,-1
-0.7389586521596949,0.1182173007654493,-1
-0.4423480280034371,0.5933971817292432,-1
0.5286146747337097,0.0717856685316467,-1
0.7399469033304167,-1.0883205443904085,-1
-0.59216432987395,1.8054025384691688,-1
1.7726417381914128,-0.8778362815248943,-1
-0.8742890351087421,-1.6247024335990292,-1
-0.0951636654374362,1.0866145416238289,-1
-0.8810298412007285,-1.090435609919714,-1
1.9531108238534944,-0.5313717250629083,-1
-1.4751196996711278,0.1716086396810713,-1
-1.675954143131724,0.6182012368957958,-1
0.0714662673006461,-0.4092327153797919,-1
-0.8876840003805029,1.7576139418723693,-1
2.601616614127903,-0.1441212120208925,-1
-1.7499205096939587,0.39596436250596,-1
-0.2959834074840379,-1.9765842703467695,-1
-0.0709763604794381,-0.4027194128810508,-1
-0.2448482587511734,-0.6006320097564982,-1
1.091029881716722,-0.635789326839151,-1
2.648995333180034,0.0864197552741106,-1
-1.0020154041496083,0.5462525762691429,-1
-0.3447465975497134,1.28704350551354,-1
-0.5474783720109836,1.8271575010401988,-1
2.6343343481080868,0.2789712806729237,-1
0.6121120728360914,1.627008381667877,-1
-1.6609494240265583,0.8764715725368583,-1
-1.0844730044310278,0.1187883753307095,-1
0.9685387227729892,0.8271676408409014,-1
3.037660236452302,0.3124575664954896,-1
0.7316193249482537,-0.6926450272340844,-1
3.115139294209898,0.7417130125686294,-1
2.6064355393695244,1.098828686865318,-1
-0.6812271194514548,1.026501256119441,-1
-0.1171321335217861,1.427094307267012,-1
2.565314107709747,-0.9088370324802996,-1
-1.4476645407299216,0.600216705894099,-1
0.7261762072132056,-0.2773602936070464,-1
2.9115413610958867,0.1364770284766272,-1
2.608610253757974,0.0902600178436566,-1
-0.2146218178502155,0.0388773020186079,-1
-1.752367001108901,-1.0204664388798743,-1
-0.4531785202265798,1.2445853235550708,-1
-0.3912889985680037,-0.0108993014886105,-1
-0.2052486312662135,0.7514123942659747,-1
-0.9089930686912592,-1.07820628025045,-1
0.1542436511609687,-0.5515299026481891,-1
-0.838294901456029,1.871245497067879,-1
-1.2761858718830397,-0.0312657939477249,-1
-0.5973439507117383,-2.36610007127109,-1
-0.8449416021647546,0.7257728900960028,-1
-0.4438289943648904,-0.0523128881599436,-1
-0.3607967950410242,-0.2473414548350178,-1
2.5464692513396745,-0.1313412311569921,-1
0.1836228768975938,0.5989808463718874,-1
-1.241415567438788,-0.4236092884199106,-1
0.9477444963748212,0.5706153306109196,-1
-1.1006441729160386,-0.383377220181836,-1
0.4346058888080038,0.0905518096415018,-1
0.5614935383418729,0.965132142450498,-1
-0.2477638330118418,-0.912838752179346,-1
0.2807998165704726,-0.2798088489173577,-1
-0.5703260020399125,-0.8215160478968221,-1
0.4095783575770395,0.633739600823886,-1
0.3231271528933758,0.0987642351839447,-1
-1.03943484662923,0.53456214332359,-1
-0.8150836491663006,-0.7223431732382913,-1
-0.9147858606560968,-0.926291489565376,-1
-0.773660284269056,-1.313420048855992,-1
0.3873993763620244,-0.6608592774471078,-1
-1.1128195510537515,1.7210877543797012,-1
0.0613297771560789,0.5285550376812895,-1
0.9848619258332676,1.969331885646582,-1
-1.0188901690973116,-0.1277303652642859,-1
-0.5181221278175866,-0.5243271545291944,-1
-1.6856573812780222,-0.1939144820569926,-1
1.0022102812611988,0.8483601977463701,-1
0.4640420863340571,-1.7555389527170435,-1
0.0778093184065329,-1.7005114770136651,-1
-0.2672934721718923,1.5170951352905144,-1
-0.6497323314810541,-0.6107609386298084,-1
-0.6290393235933992,0.6738960373689236,-1
-0.6741535264887278,1.7662763791948384,-1
0.9084771063972112,1.817270958666443,-1
-1.482006180594114,-1.2783291740501397,-1
0.424225739961773,1.3016633139638274,-1
0.0477012671784391,0.153417852826055,-1
-0.387057046513568,-0.1022015824005107,-1
0.7140071888197604,0.4828986928370999,-1
-0.2394181943399488,-1.4800995901680656,-1
-1.3043156198347303,-1.6264966127288685,-1
0.9002663311382346,-0.4970128614352789,-1
0.0940766484041642,-0.2110618914759312,-1
-0.775302176238895,0.8911147383529026,-1
0.8596513997213187,2.2401747521798727,-1
2.008989198078245,-1.049472379414031,-1
0.6107083745308355,-1.0673896032367658,-1
0.6875344422910916,-0.1856606456920286,-1
-0.6618877471872856,-0.7109771907244169,-1
-0.743636410204818,1.5502026097604191,-1
1.0861246433981766,-1.0399271308188187,-1
-0.0447701299597756,-0.8540493622302407,-1
-0.3322929528255462,0.0954679979383027,-1
-0.9916929006920818,1.547618303198816,-1
0.5956472329996322,0.3462834871775092,-1
-1.1853584228440237,0.5137127876410854,-1
0.3572912453502223,-0.0186464204805964,-1
0.0139148077087941,0.8090887273548825,-1
2.4616996777124327,-0.2116239679253012,-1
-1.4626252171335965,-1.0100556224602075,-1
-1.5501425418139707,0.8760977144755906,-1
3.495020385558506,-0.3886655916292678,-1
0.0544491863976778,0.2707857940291808,-1
-1.0721174233612327,-0.0269752164459662,-1
-0.2625548340982155,-0.8979436820534341,-1
1.1103167397939793,1.3122236554019715,-1
-1.1565233005237745,-1.8611173188305452,-1
-0.5987773856802721,-1.1935100608243985,-1
-0.1916508153544303,-0.3228020168504039,-1
-0.1531112319252161,-2.426050209565908,-1
-0.7760221106972457,0.4053113108214833,-1
-0.5544864474949609,-0.7543057161586364,-1
-0.3844214611334257,-0.2173129046210312,-1
2.149261069740992,0.5865105019615191,-1
0.0707040624668622,-1.408226040717912,-1
0.8350026002043367,0.6723065915799749,-1
-0.435245847136199,1.4951209682768876,-1
-1.6481891788630054,-1.1811441547259345,-1
-0.772037681131422,-0.5291493292821174,-1
-0.4707506517084019,-0.7775169368128273,-1
0.4718968276189767,1.6395809125601055,-1
-0.7390379763452525,-0.5001182048954738,-1
-0.2159394686386354,2.3625406187270306,-1
-1.2794251379617363,-1.7872591511933855,-1
-0.1073575675158612,0.3779740293022554,-1
-1.2292847813659564,0.1485858150550807,-1
-0.8440631435711746,0.3394649634993612,-1
-1.8118035417925735,0.1393389841284456,-1
-1.547279006580724,0.0607349470332144,-1
3.322353922370214,0.3207037344474623,-1
-0.9571436369932766,-0.8133378194921889,-1
0.054421901239542,0.7800197982334816,-1
-1.42855009327841,-0.2513990303942876,-1
-0.2307955120442684,-0.593937155973824,-1
0.9843263681062128,-0.4010955525899416,-1
0.3665582921702131,-1.9515873878863452,-1
3.1317267475504207,-0.7070693329931552,-1
-0.8970857748690161,0.8831301861527558,-1
0.618637178983826,1.6409555851721287,-1
-1.380757615079809,-2.102454866653501,-1
1.2106977140934736,-1.160530669192794,-1
-1.864060763368504,0.3200842939727581,-1
-0.6093374036232971,1.2114948837323771,-1
3.340804308426022,-1.364000770104397,-1
-0.1635563488868061,-0.697908696443428,-1
0.08379531659529,1.950078450047665,-1
-0.7685398953696496,-0.1328381867366066,-1
0.0391839712637852,-0.0831092747149028,-1
-0.6368484356271504,1.1301721582514033,-1
3.2451710672529166,-1.47602993092168,-1
0.2831982272291043,0.6429799574558821,-1
0.4314037563231396,-0.3485794668767277,-1
0.0762511340208675,-1.6771541200644098,-1
3.394992709924624,-0.1712086322592195,-1
-0.3262109971437625,1.412843076701706,-1
-0.1716837619054054,-0.5482130231583884,-1
-1.5579861319168185,-0.0217433981932789,-1
1.2628231473289204,0.3462594562099376,-1
-1.7898450519596143,-1.8593328511426643,-1
-1.3210920373247594,1.1859238411354664,-1
0.4902354675494907,0.6494470894723535,-1
-0.0725046542142172,0.4537692752169998,-1
-1.040202991659585,-0.2769792639166188,-1
-0.0602745017406383,0.6513351305699773,-1
1.0642465764775564,-1.072235960533354,-1
2.272244762653361,-1.015049678288543,-1
-0.6183953940466065,-0.5917874991243743,-1
2.59408050766312,-0.0800658066812902,-1
-0.2816887744015264,-0.3780212773053948,-1
-0.7275583281599952,-0.1289250075956214,-1
0.7461627535140296,-0.1710779683746835,-1
1.2795648211897648,2.0365951653138628,-1
-0.518363680357905,1.0363995292314157,-1
-0.052027550290408,-1.0338585599238177,-1
-1.052004145717817,0.407160329333291,-1
2.558610984574984,-0.3823662133968378,-1
-0.4919814147766737,0.8660309902450538,-1
3.3753629509808416,0.6375137503328229,-1
-0.0713364325083146,-1.167527355431463,-1
0.3033757196048941,-1.4357552585648463,-1
-1.8383106866066303,-0.6716211150788232,-1
-0.7237603814868131,-0.4661645694934838,-1
0.1943330773061211,-0.5125500312450164,-1
0.6498207290646453,1.7283681958848938,-1
-1.0121167370459945,1.3455954622544843,-1
-1.0088763722405163,0.4522726488535765,-1
-0.7075749867472979,1.3392705557839435,-1
-1.4469830426117785,-0.9020246149784604,-1
2.929006050067322,-1.1580794384851378,-1
0.1953150201389761,1.7838732546353755,-1
-1.2750830878721784,1.4008421424004591,-1
-1.6508843415253265,0.5882033435201128,-1
3.120495345485037,-0.8306003791516975,-1
-1.1784000646980195,-1.2222434808685327,-1
-0.4217707245121878,1.938697324339453,-1
0.9686745491682924,0.9852761933196956,-1
2.9597218200487903,0.7047398988671613,-1
-0.3744142336203004,0.6630836400448181,-1
-1.4154621980257167,-0.2313006279816378,-1
-0.9116032210230314,-0.8188535445874936,-1
0.1409654890123944,0.1208271355651633,-1
0.0134962070925345,0.4288212783604424,-1
0.2110940399991702,-1.81101982892386,-1
0.1138403816334845,-0.2082003039424427,-1
-0.4286553533254083,-0.1647159070384942,-1
0.6428439767936234,0.4833149622075963,-1
0.5978669530719591,1.0253660360118395,-1
0.196955479546746,-0.9239401849462616,-1
3.2980156815637294,-1.4792771309873611,-1
-0.2426747673253911,-1.0686668735814986,-1
0.5360423197450338,0.5521041793821584,-1
-1.033685548002493,0.4099912600284757,-1
-1.2563163327249964,-0.5355229697804323,-1
-1.43251893823156,-0.9987930617799826,-1
-0.0685696581830647,-0.2658955393987294,-1
2.872698128063833,-0.1970261474136184,-1
-0.8020781587514062,2.1501153271105444,-1
2.2653845479454384,0.886811147295723,-1
1.3433204304197672,0.5628956313099183,-1
3.151446987441641,-0.6768638380697067,-1
0.984323083434378,-0.2508987873159481,-1
0.2166029590162702,0.4642226545219885,-1
0.3128250254863271,1.2570285774906458,-1
-0.4088168035450326,1.1472117566265718,-1
0.1323377497188216,1.2500533571648604,-1
3.5786449845831614,-1.0419642161426357,-1
-0.0874931651394185,0.677389036390278,-1
0.1288736886431612,0.2120186951708668,-1
-1.2394123006936972,-1.1921534654018453,-1
-0.8072511360416247,1.1666220404492196,-1
3.6191835311425584,0.0974728229536964,-1
-0.6665304277679359,-0.6291532216783958,-1
0.8813312034201268,0.4853675199419419,-1
-0.868763778095984,0.9645261313573557,-1
2.854180168399916,0.6623430305852994,-1
2.55386249806561,0.206576519015379,-1
-0.843701768795923,1.7754555737263205,-1
2.1189547552910857,0.6533237698487739,-1
2.5398609869711564,0.7112309102751107,-1
2.616084676779233,0.3930378560302147,-1
-1.137654913247083,-0.4612758008876672,-1
0.277510068262309,-0.551310698205592,-1
-0.4113594564725953,-1.256503034784451,-1
-1.349767536782998,0.0393264228324682,-1
-0.3928992219810907,-1.1151114544045788,-1
-0.6085609169232149,-0.1425491300953462,-1
-0.937280457579501,0.0266109927924946,-1
-0.2737836306708485,0.320890607141119,-1
-1.6978544382125882,-0.9202622444083776,-1
-1.485508473990388,-0.9839097461249956,-1
-0.9109507803890818,0.0533310292641926,-1
-0.2214814831947484,0.6160800422795896,-1
-0.1093711022443452,0.4771761913719379,-1
-0.0661998354289442,0.4949446035022634,-1
3.2118317462720567,1.101477544250848,-1
-1.1562560311317835,1.254612722047605,-1
-0.815295390839441,0.4597983687979048,-1
-0.8891291358944989,1.7575832850340656,-1
0.924288752216736,0.2299705263052928,-1
0.0853163673871229,0.6098590123709783,-1
2.4070181928818037,0.058845192122815,-1
-0.2200014000319736,-0.5661466255272506,-1
0.4056238686940877,1.0217110838992678,-1
-0.6700241754748887,0.8201796235019319,-1
2.3097395710474298,-1.0189512545346964,-1
-1.0888869317436032,0.1165811639776933,-1
0.5178400555732141,0.3756884696254206,-1
0.8744174373390043,-0.4553362895849681,-1
-0.20842175629887,-0.682524288799487,-1
1.328856875402939,-0.6649940072118437,-1
0.4824926764094593,-0.1197446189457867,-1
0.464047427135252,0.761287702685343,-1
-1.1745890647010144,-1.0953001959818658,-1
-0.5442524430594123,-1.4132472996949952,-1
0.4269476384188391,0.3477398968367639,-1
0.1866260669815614,0.7435581615647402,-1
-0.335986316532672,0.4661226016666306,-1
-0.0771084288749775,-0.0127365655294934,-1
-1.087608866054158,-0.166190242311126,-1
-1.7562167827899104,1.50970245147588,-1
2.5227978072373376,0.0762279917209478,-1
-0.6183128352211996,1.255971729439569,-1
-1.1384664273796523,0.8633090647119914,-1
0.0087936654264033,-2.3673338877643344,-1
0.8316573983812228,-0.408663986995685,-1
-1.7738169528128531,-1.999006557687549,-1
-0.3629593393043287,-0.602526676724854,-1
0.5126925113313657,-0.4635634035934687,-1
0.1050884422861704,-1.5528648211634657,-1
-1.217500384851079,0.307214210314114,-1
-1.0836023381437845,0.573407784478716,-1
2.616938381503527,-1.630073584635951,-1
-0.4357918026623408,-1.3767444695680835,-1
-0.7525409334907903,0.8901975285695456,-1
-0.734119814518578,0.536106461172528,-1
-1.3661648030113476,-0.4160631451049583,-1
-1.1122015884888985,1.2391550946800385,-1
-0.7967000833356176,-1.2365422513432605,-1
-1.2806252322439853,-0.1777144187431769,-1
-1.6345365886153564,0.0466722640722019,-1
0.6120281612323236,0.4876869736043998,-1
-0.3675253512241574,0.1348879508060084,-1
0.0708573997885051,-0.0970447237482292,-1
-0.8207139587247975,-0.8086122218286483,-1
0.345024163302405,1.7874244817621114,-1
-0.026626394375339,-0.2930931589175312,-1
-1.1827364401510951,1.2590767039593196,-1
2.4589484379678708,-1.4154899672703167,-1
-0.4828188711390307,0.1113914538820481,-1
0.4001117447888611,0.1083818386006213,-1
0.5676813499843654,0.3957679696706915,-1
0.297896975041983,1.6543489003344245,-1
-0.2690908874084282,-0.0886707998428489,-1
2.534591298804927,0.0651117189118811,-1
-1.318720566480467,-2.0272102719333933,-1
0.0278861685209737,-0.1928889644460344,-1
-1.4464749740624538,-1.3428620108607523,-1
0.8735162012217905,-0.2505249292546804,-1
-0.2022117164961341,0.2542661900103444,-1
-0.5775158487624353,-0.1759899190374574,-1
0.3931688414398369,0.3303874509247482,-1
0.9881814108047088,-1.626154260416519,-1
-1.117074404867707,-0.4778888964246598,-1
0.1374604603076759,-0.7592147565589836,-1
1.1888573301300762,-1.2006355035031824,-1
2.913824616721504,-0.2047490838619392,-1
2.232742729243092,-0.8765314399130839,-1
-0.049202247377775,-0.5167672374470563,-1
-0.0158464344136484,1.919830695391081,-1
-1.058388164452762,1.8564318608370112,-1
-0.0708678990259789,-0.9470933290711648,-1
0.8500040346376674,1.0807736924950306,-1
-0.5138925772363072,1.362504067528926,-1
-0.8456239334495906,-0.9795430149044784,-1
0.3200453122231271,0.1199756944567918,-1
-0.5504557094988843,0.6700675292703027,-1
0.0670998713809904,1.4068601536030705,-1
-0.0129596520770854,-1.2504100639814342,-1
3.031227383578062,-0.7277536500132161,-1
0.9092144775780012,-0.03225570293817,-1
0.5758205135804129,0.0390724754936335,-1
2.0557441441846462,-0.3174508496252584,-1
0.5331254427379902,-0.4312852307172373,-1
-0.3982540502935631,-0.0833318678809127,-1
0.9963363130010384,1.035414900417257,-1
-0.0435466345866021,-0.1183527601104588,-1
-1.62257821316827,-2.1807613509823165,-1
0.3469285332264306,-1.1428650052943032,-1
-0.2696983223585001,0.7267958441614566,-1
-1.4124719314498788,-0.7188101748771193,-1
2.49572987566745,0.0710978791578358,-1
-0.0504544604711537,-1.2465084877352806,-1
0.3254240112062064,-1.1029371156933765,-1
-0.6758073230236233,-0.5223083392043785,-1
-0.2682553727895578,-1.7722929043728146,-1
-1.1765941037721626,1.5384358715200144,-1
-1.3220162549852017,-2.111260203123716,-1
0.3210323120538745,0.4010103245432453,-1
0.5116995713040473,-0.5571461155820104,-1
-0.1625153281031773,-0.1106839894422918,-1
-0.10512828281114,-1.6490626481280075,-1
1.052811175013384,0.5250676877766657,-1
-0.5901365132791676,-0.6468369627663572,-1
-1.6271843095184786,0.5425827841144198,-1
-1.6191791202079688,-0.6256966801881688,-1
0.2032689238050489,1.4838650334673946,-1
-0.4642319053049347,0.5806362548088151,-1
0.5560081502313917,0.8672269782708351,-1
-0.7322101037933574,0.1226436295184999,-1
-1.0997239933104157,1.0681628363515077,-1
-1.7485683808364425,-0.5735817206511136,-1
-0.8853221739523132,0.0388825821948942,-1
-0.0387486347588492,0.2896251548626616,-1
2.3599254029067698,0.0681703713732687,-1
0.5814975213651362,-1.2639156214531715,-1
-0.6954591061080553,2.1007582301211416,-1
-0.0956453320273036,-0.809718804394207,-1
2.4949507834746174,0.0827765576324637,-1
0.3663802751831845,-1.411169365298632,-1
-0.1574639453739497,-0.2587161062485911,-1
-0.2272424823669478,-0.4319697417102918,-1
-0.9989172254837012,0.8390271985068317,-1
0.8458480776447768,1.0435423517651492,-1
-1.50726945398452,0.8060373980987481,-1
0.1605062793545169,0.1881720007035821,-1
-0.0456992005985162,1.1846540876276317,-1
-0.6435060834983538,0.807919636994364,-1
3.4743541134655964,-0.8578984865090161,-1
-0.1638221115128278,0.1780427686780853,-1
3.634043328799709,0.3673792741840648,-1
-0.5502691468225345,1.284562923937773,-1
-0.2003929062660477,0.158629550860305,-1
-0.6245481782566118,0.0070358218834968,-1
-0.5408897303099589,0.8207960433715534,-1
-0.06499385098211,0.0775684411311568,-1
-0.3341435058162847,0.0114487235862839,-1
1.0439189016362649,-0.2869748114524968,-1
-0.7340457513505069,-0.150668215695726,-1
2.544790775139393,-0.5683266099988129,-1
-0.0837933619043167,0.1742449174177681,-1
-0.2457046190002038,1.459734583733586,-1
-0.5287283744071563,0.7335603773682504,-1
-1.203190296971588,0.3918265471699978,-1
-0.6610183038627092,0.2841760236202505,-1
0.7034877248867968,-1.6344004283684914,-1
0.5593142365352135,1.452714909069605,-1
-1.644752402945481,0.3661245114723601,-1
0.7987454392340465,-0.7732285539161287,-1
-0.659916353018541,-1.4912732659046055,-1
-0.0259518053648542,0.8735295936505844,-1
-1.049618239019618,-0.4588917964012824,-1
0.1352226299136333,0.1129085036160953,-1
0.0003025059111186,0.9158416393139888,-1
0.4274433272436169,0.2268439342965658,-1
-0.1150684860795464,-0.3794657809176311,-1
-0.3587416190842057,0.2795878933520758,-1
2.0072607890118883,-1.3266243356217098,-1
-0.0692017227665365,1.0215499559859589,-1
-0.5875152097653238,1.591089054178966,-1
0.2222209388822055,-0.5091873517225745,-1
2.5100490585996527,-0.0140344520543805,-1
0.1066772707057069,1.2527499060359053,-1
2.4964168444024817,0.9177791983838576,-1
0.0971540314718968,-0.9211632684551374,-1
2.9150494648730376,-0.1774903022426232,-1
0.7264920269411892,0.7956371840872054,-1
-0.6784356654608192,0.0765337325947781,-1
-0.1622320545508162,0.1664373099270832,-1
0.1322525353686787,-0.5604507185751648,-1
-0.7465675190461742,1.5402300506498536,-1
-0.5760194276040024,-1.0442305053337615,-1
-0.5445856995098352,-0.1509146882532144,-1
2.1601343817029584,-0.8761458273808912,-1
0.0748536597154851,-0.0267887118706395,-1
0.726425756079455,0.6414845252108115,-1
3.223227482853546,0.333349333487223,-1
0.4209773788303639,-0.2845853752137327,-1
-0.9604567622204506,1.4379423384535206,-1
2.7534480131046637,-1.1199540937615629,-1
0.0567416668917007,-0.4080890016812907,-1
-1.4774296910914897,-0.3025893290993456,-1
-0.7651988614170493,-0.7296075805829803,-1
0.7341171817913411,1.0672310038903503,-1
-0.6697727744988737,1.085549024673053,-1
-0.4218683185868775,0.4481346819415213,-1
-1.0076509747255913,-0.8451266548503916,-1
0.2696606677785843,-1.4296039080803546,-1
0.6014600671796593,-0.7985960572905015,-1
-1.3824715882922594,-0.032524835526894,-1
0.8765807349852937,1.8956896853047,-1
0.2580732317391439,-0.4722989090634702,-1
-0.3361143506216388,-0.5329132865568116,-1
3.2851052539346743,-0.7151354706644399,-1
0.3730224682574084,0.4250338121438984,-1
-0.6256370757769569,2.2466679581928823,-1
-0.9042307698952696,-1.4838117936320174,-1
0.0619215532895772,-2.093459788460641,-1
-0.2441399450545769,-0.0757327766368654,-1
0.211200729126572,-0.4902018545940288,-1
0.3360883168034771,-0.2089905829503,-1
0.6161874028970491,0.374721549060288,-1
-0.5317388872177784,-1.1064641602764471,-1
-1.14086669014805,0.5939956759854879,-1
-1.279490655440486,0.0544289429300523,-1
0.0653401391016778,-0.2067017861261459,-1
-1.023551589146776,1.6182410252412196,-1
-0.790493877568107,1.1751030780638487,-1
0.1252947265860656,-0.1491525353888308,-1
0.598107956248887,0.7892974375745136,-1
-0.1793803744308779,1.2093331692598157,-1
-0.8399557369142766,2.4194288674131417,-1
0.6401966908680188,-0.5741943828568782,-1
-0.191304425796476,0.0907646913655537,-1
2.737821497399419,0.578563080894315,-1
0.6444034639256642,1.1311402729348885,-1
2.784424408930552,0.6705859613899526,-1
2.193644261199798,-0.0005491663771735,-1
-0.4658160721023608,1.7844102836389193,-1
-0.7495384967898073,-0.9610659092374336,-1
-1.0686873410232638,-0.2880953851495922,-1
-0.2845621580704698,-1.3887545947947504,-1
1.0322852369502795,-0.4767872250949431,-1
0.2829104460422414,1.0565892285571616,-1
-1.1654778067078089,-0.9816684892102632,-1
-0.2678686947816299,-0.0241568653996147,-1
2.613055504283505,1.4288772127182106,-1
-1.5245750694573357,-0.0961755743908317,-1
-6.017161050832928e-05,-1.1913316385895183,-1
-0.3369270877168751,1.332205384239508,-1
-0.3701959640367867,0.220540124798464,-1
-0.7956005839965912,0.3457624502789176,-1
0.4368066653919222,-0.8867170583877991,-1
0.3457244008893624,-1.3789642605699328,-1
-1.1657988930330867,-1.0830897686799803,-1
-1.374897798870253,-0.1043762454623495,-1
3.167618026110957,-0.0067942272533566,-1
-0.715916321804283,-2.1046980150211074,-1
0.4074028100218971,-1.5652489560274934,-1
-0.5761915544264454,0.6883560873330538,-1
1.1973636788822524,-0.1408882902473877,-1
-0.3173226320057689,0.2113375729012251,-1
0.9646647365860844,0.3958749318038471,-1
-0.6624647421230806,-0.387037300894601,-1
3.261133648920928,0.2259844566568732,-1
-0.4876395687067095,0.7336334455157828,-1
3.187137471491515,0.3823327239914514,-1
3.5911988288747687,0.5993882540331544,-1
-0.1417645950431096,0.17321222817765,-1
2.0438285086926755,-0.1132018949605318,-1
-0.9094970991857644,1.2082751033576804,-1
-0.5691161891376609,-0.4370606801114944,-1
-0.045408888122803,-1.374992701747473,-1
0.2159324580925906,-0.2363765984973022,-1
0.671801447057848,1.2358510122034216,-1
-1.7751372090940236,-1.017708576332222,-1
-0.3257075160126481,0.4510197784168597,-1
3.30550323769252,0.4994000268569352,-1
3.4182509442438813,0.3781608630937731,-1
-0.6415437843823213,0.1973682298822756,-1
0.9121015437178666,1.3297188488856395,-1
0.6575191936998834,-0.6826534141800468,-1
-0.8742064262513496,-1.1565636932120995,-1
-0.8451990231210489,-0.5638610658504158,-1
0.8450280178228862,1.2132138001096238,-1
0.7747492843706083,1.851586697658776,-1
0.8642420412745471,1.0307812732686277,-1
1.2791423123343793,-0.3572202867102201,-1
0.7522706916075741,-0.0341195614921289,-1
0.423916483997651,2.204958686475301,-1
-0.3680724054770805,-0.0876613163923943,-1
-0.9306324541244002,1.843266267440918,-1
2.642225185800552,-1.5371028375186533,-1
-1.179514265451041,0.7052432266946124,-1
0.0350305399799368,0.0103082470351021,-1
-1.4634991680926743,-1.3144782663342207,-1
-0.2692461268718225,0.6332437890112185,-1
3.1716259865834,1.2360824519092284,-1
1.09740152072712,-1.7651194250007776,-1
-1.4228698008218512,-1.704583892615086,-1
0.3752121678631552,0.4388890451332388,-1
-0.1709663531560969,-0.1930584581068558,-1
0.7030277370937826,-0.699921037473605,-1
0.370665698827111,0.1283765160274349,-1
0.3678949662307499,-1.4071828148579275,-1
0.6836657171216735,0.6881568278000945,-1
-0.0567943567208993,0.0624775239284042,-1
1.147711348620607,-1.524605898595209,-1
0.9436188996124992,-1.1698592371666603,-1
0.5171863121928892,-1.1676787719028137,-1
-0.9577712439742322,1.162997593598858,-1
-0.451393688734185,-0.1502061462925882,-1
0.1341211486491474,-0.6480167650555415,-1
-0.5567787981732898,-0.2433349357519696,-1
-1.6629688989516134,1.1631256527044525,-1
0.8375945624306849,0.7524431920532191,-1
-1.47478110241951,1.4261026836416768,-1
-1.10004036240179,1.31982344398054,-1
0.3626264509952016,-1.2142153232408048,-1
0.4302524219762856,0.2620451599589864,-1
2.8608469113238315,0.8148508837742383,-1
-1.2050167696923173,1.1604865067608805,-1
-1.098584279725316,0.4966340151040073,-1
-1.0233022443001212,-0.7834129942640384,-1
-1.2032833036280677,-0.5777501928253792,-1
-0.6517563938243192,-0.8450927608647685,-1
-0.4401958815392196,0.447144404010632,-1
0.6047883816437245,1.2930465250979066,-1
2.261647611116504,0.0730931855408017,-1
-1.0589828799142986,-0.0165134713934651,-1
1.2217869300192858,0.149097812604345,-1
0.9164264226450738,0.996276835095908,-1
-0.4247494945621576,0.2783287001968136,-1
-0.1248372417045942,0.6501065942530188,-1
-0.0148003566321273,0.4916667465982786,-1
-0.6746274007722584,-0.9709843025678456,-1
-1.518352859529455,-0.5231389864924977,-1
0.3153161887498587,1.2085157737131609,-1
0.0386499203027,1.5381447930482373,-1
0.6691215351729125,-1.8292509840591384,-1
-1.4967911617002083,-0.2391695491489301,-1
-1.0600497532939943,0.4087744781824422,-1
0.1593165828713553,2.2991547327622386,-1
0.0517183227035935,1.22654986392054,-1
-0.655646513987288,1.7301272869107571,-1
-0.2694664142342842,0.6604719137922307,-1
0.3910123171568115,0.9994667838102094,-1
-0.591544515199331,0.6699944611227702,-1
0.429756603335814,0.5508451378029894,-1
2.8284807036832027,0.0016529163756496,-1
0.7252476859378557,0.4366850709275421,-1
-1.3479364766440587,-0.20834763435586,-1
3.0070510257825416,-0.061639781223173,-1
-1.791807351075647,-1.248781444030576,-1
0.2681953602337045,-0.2687657958319168,-1
0.2237831613226907,1.313099279054008,-1
-0.3617702422165434,-0.0092308352832124,-1
2.5987830993612366,1.3364688712664734,-1
-0.2941874248095713,-0.8740969875861494,-1
-0.0491606561814263,1.4889847609867335,-1
-0.0295511434724276,-1.6472717061454878,-1
-1.5891001264640685,-0.1052001153036434,-1
-0.02667961191325,0.0169370289906042,-1
0.5155553673855281,0.2136359295912441,-1
2.5203611642580923,0.4858932752668452,-1
0.2370398486940059,1.1304283422508496,-1
0.510147197299259,-0.5533366614268614,-1
-1.0851585406039903,-0.2246142915225694,-1
-1.252700237074068,1.1425103415066962,-1
0.5637131786304915,0.4324982184116194,-1
-0.0784631632252443,-0.3855558177255154,-1
-1.3033635676527615,-0.1632046579972709,-1
1.0347674349767932,-0.5234593761081328,-1
-1.0151104125295531,-0.1254805910259479,-1
-1.6443397425257924,0.9338438785647116,-1
-1.2291567472769895,1.147621703278523,-1
-0.7820073555030181,-1.2494378632400152,-1
-0.5843039822277474,1.8604756626290957,-1
-1.1448810901484685,-0.5163914879329151,-1
-0.1714257915857207,-0.5832371525352538,-1
2.8457400905094743,-0.2432515237941013,-1
-1.571818041897871,-1.3803244620802493,-1
-1.5970722202355652,0.5342974420005379,-1
2.695173753930322,-1.3939933833037936,-1
-1.7964797182875896,1.3204100321897665,-1
-0.3831916060159846,-0.8258222906186402,-1
-0.3573217868028858,-0.0325268785558608,-1
0.6074121366627103,0.1732185508961956,-1
-1.4706413536065837,0.981443927557218,-1
1.81828884328906,0.4374659677096323,-1
-1.7560518989104137,-0.7066148907695714,-1
-1.310644314870419,0.8001476633660826,-1
3.3937283267061007,0.462804008364054,-1
-0.7865770716423784,0.7949275995843202,-1
-0.5627672478671889,-0.5361708716662656,-1
1.9257623540396895,0.3608381830538952,-1
-0.8706312184457712,1.8911788608180848,-1
-0.5638846034763512,1.3736085858670677,-1
0.8012842637061919,0.8286547073384599,-1
0.4405603597642113,-0.9157670851418216,-1
-0.6554490041484603,1.521402595863391,-1
-0.309171767864259,1.0272627460091623,-1
0.423062025890372,2.2322293741416352,-1
1.1166889281677677,-1.141764528082939,-1
-0.8779971800135712,1.0440271064414128,-1
-1.3547195531114784,-0.1872707084832461,-1
-0.823370339703114,-1.696376898825023,-1
2.33219791757568,-1.4607790799239706,-1
-1.294313319503804,1.101384572427115,-1
0.3108456349916517,-0.4422468499076337,-1
-0.8392365558389105,0.9093915419447288,-1
0.1719234907132653,-1.069642311470237,-1
-0.6349564454276717,-1.4801758954629176,-1
2.309065315872233,0.9670208159164996,-1
1.930889102683364,0.1972140570558896,-1
-0.0282617967852164,0.3993316248701673,-1
-0.0166425679531386,-1.7579379488216724,-1
1.0864624872668098,-1.7812738398580452,-1
0.8557973759658952,-0.3957991835133274,-1
2.230924802211684,1.0470419369329826,-1
-0.0963917982608056,1.2095525252785062,-1
-1.0932469679189911,0.5884680448431648,-1
-1.0721194052866925,0.7944042165045748,-1
0.598541208247156,-0.960606034439356,-1
3.108113911819175,0.3276758692020217,-1
0.2153698192269941,1.222928805793591,-1
2.002016483862044,-0.4488816253654899,-1
-0.9557629202312492,-1.6209352391770155,-1
3.15680509484614,0.4178461908863458,-1
-0.9434918001286122,-1.5813621536938849,-1
-1.1341182215654209,-0.6132944681346705,-1
-0.5826145588649886,1.4742409557560794,-1
-0.1189106052699131,1.47767978899728,-1
0.5782539516715317,0.9913204300949384,-1
3.560841698360108,-1.001901793141476,-1
-0.326413847783785,-0.8952588876533141,-1
2.7788655070153903,-0.0652026112447404,-1
-0.563875638239333,1.3717679331027723,-1
-0.0108191319544302,0.9191193446418804,-1
-0.3667716420477093,-1.400652629288069,-1
0.219875116614386,-1.6290647335538746,-1
0.3457843120068291,0.119394386423852,-1
0.3876762103864096,-0.2512484628335509,-1
-0.7242054638462384,0.2790222505391952,-1
0.120720089193207,-1.778367797986361,-1
0.0837645427457252,-0.7109896187971568,-1
-0.8156000593853527,1.8840796437119325,-1
0.0275574197050527,0.3787130765250917,-1
-1.033114493263269,0.2735032882965712,-1
-0.2306473115042261,1.5209163439165885,-1
1.13012451572479,-0.0369167497777838,-1
0.8311715579921417,1.5383280604762446,-1
0.2681032367759035,0.5895942018687331,-1
-1.436231874574193,-2.171548262465211,-1
-0.4457612730143429,1.2234658347971348,-1
0.4881502711260919,-0.5427095745597302,-1
-1.3680965322974097,-0.464942507471164,-1
0.4277980584712983,-1.5251747785554086,-1
-0.7239675357417432,1.2369628749452666,-1
-0.9609142187246146,0.2263842110745815,-1
-0.1170021972910679,0.3930342896667041,-1
0.7117915068022531,1.649460131728608,-1
0.4515782478303969,2.255097393572862,-1
-0.0892747119599784,1.9219837409639435,-1
1.212406080944641,0.1095860407978216,-1
0.1901706307532689,0.9623286314462977,-1
0.4021039345557801,0.3309617626373278,-1
0.2337511991126235,-1.790389677683953,-1
-0.597120853836932,2.269535977624109,-1
-0.8528722587275112,-1.3290968806661558,-1
-1.077339160586846,-0.0115483974927967,-1
-0.4055913441731436,0.4431815140878712,-1
-1.5131039669614,-0.8798957943461633,-1
-1.6164936019617504,-0.9006414250428314,-1
0.4984454096417741,-0.2438263162989653,-1
-1.6000864872977043,1.3808442278263269,-1
-0.7605261603698186,-0.1462042337840115,-1
0.1539798704604067,-0.4969578704772169,-1
-0.3711102034458385,-1.4184518498327914,-1
-0.2954881882389423,0.438894325309525,-1
0.1337769450362467,1.4375359321010757,-1
1.07805899360681,-0.0453482281867307,-1
-0.601374954267903,2.06640007981958,-1
1.3287756991076158,-0.6298540952260303,-1
-1.349918268611891,0.0705104412158809,-1
-0.7250579400280576,-0.5150864947450114,-1
-0.0338862161791277,1.5052311463589123,-1
0.6810503037724149,-0.3576006190661266,-1
-0.8140686107944326,1.0452982056436932,-1
2.7546891492198697,0.6009112575453027,-1
0.0293514760658535,-1.3537270766944722,-1
0.6068409521077924,0.4776105379319048,-1
-0.0812740302839706,1.4444348471320092,-1
0.1371589966498909,-0.6968467197921582,-1
-0.4128500672501513,-0.4078103512822537,-1
-0.607756521497706,0.1579176201762663,-1
0.1554534640632201,-0.1670745348628614,-1
0.9785765201160852,1.0481334160284566,-1
0.4539537567295088,0.8876072682298414,-1
0.8192155042345035,0.5759116996875338,-1
3.1951843818140677,1.051901242818848,-1
0.4787193593696769,-0.254483908428307,-1
-1.0457207219260944,2.149738231901958,-1
0.4406755945809346,1.5599643064431936,-1
0.591404833114124,1.3157682566579754,-1
0.5668918599924455,-0.093991351463128,-1
-0.3645888515496209,1.2820666771419464,-1
0.830708834890683,1.29834613132184,-1
-0.5298012677671312,0.1345837721688605,-1
1.8173967022245576,0.4725326599718198,-1
1.2947721071316505,0.0707521541136206,-1
-1.7836817901668134,-0.7450016996688792,-1
-0.4785824114500933,-0.6706413975005063,-1
0.0279148862411788,-0.1988443162775921,-1
0.6291693624053247,1.069842730142938,-1
-0.742524814944547,-1.7196494331558212,-1
-0.149276701021592,-0.1217696054130548,-1
2.5746027035108967,0.1569387523306782,-1
0.1811738541938015,1.3285875632598785,-1
-0.5512992204436856,-0.1258818687781997,-1
0.2377701067475436,-1.3707330842362049,-1
0.7030694581058253,1.13792694565638,-1
-0.5485882691490971,-0.2565852001904268,-1
-1.3555239485369874,-0.4877374587548587,-1
3.394579500141545,0.5857300859717133,-1
0.2656347212203119,0.9875075872163768,-1
0.0494263915729614,0.5807665743077272,-1
-0.8698144432957153,1.871704177747604,-1
0.3172485972150051,-0.2351669645477223,-1
-1.0690869481191292,-0.3916319054574144,-1
-0.7716458663418935,0.4153145267703527,-1
-1.0694864754312865,0.7165480471079727,-1
1.322823080261174,-0.2770106180894436,-1
-0.7772184507279772,-0.6717152801987945,-1
3.0778569010882464,0.3475973269052097,-1
0.3093966654424301,1.0325773438513404,-1
0.2731245990385507,-0.2236652307825563,-1
-1.3428759988621193,-0.5261244192302595,-1
-0.3975626239560152,1.452239369051468,-1
0.7417891146514279,1.1612841510295424,-1
0.0979721093683278,-0.2694552838490708,-1
0.6148403310374252,-0.671121023576577,-1
0.3532678300808002,0.2524275565423098,-1
0.6983741093506546,0.2051230172872526,-1
-0.4661501617194766,-0.1608143307923407,-1
0.008264201883528,-0.2250939175986401,-1
1.0045898282151302,1.3265140601291872,-1
0.5540717037114259,0.4652657288058796,-1
-0.5912898295514811,0.785167097019898,-1
-0.1153238509064808,0.9979236838123298,-1
-0.0950500672023763,-0.2614315574870147,-1
0.2341112711414998,-1.0255817351335417,-1
3.314382377962108,-0.3644567935716405,-1
-0.0622218156393736,2.284310439693068,-1
-0.798774677940335,1.3932379225562193,-1
-0.0170784754761434,0.0292206760161153,-1
-0.7530822273948218,2.027720846754049,-1
-0.2311710388701244,0.1552055576612553,-1
0.0523303450718756,0.9320691223187888,-1
-1.092359334488991,1.244131923051632,-1
-0.2342229888894868,1.0095483480828973,-1
-0.1126849808545037,0.7326155963178158,-1
-1.1842842267376734,1.783872060517023,-1
0.0551885395039275,-2.4001203005259737,-1
1.2108289530705671,-1.523408019116554,-1
-0.0820076472132434,0.6073901852661362,-1
-0.8093018043639412,-0.0510378782085286,-1
-0.0671777402069797,0.0441653053477096,-1
-0.2344408747787922,-0.9413570301061108,-1
0.742881500863202,2.09195408776928,-1
-1.4530342744759828,1.821288863279972,-1
0.4952010865651848,0.0155689822493128,-1
0.954961498439786,-0.4162407871489412,-1
-0.202657552238544,-0.9963877429568082,-1
-1.4938606022222427,1.0954610952849195,-1
0.9351582301434772,0.24216904756016,-1
-0.3867627757667435,-2.027920856922986,-1
-0.5363997579038526,-0.6851508550942258,-1
-1.2612169836253315,-0.4186748713575458,-1
-0.6463332385207528,0.944303732164339,-1
-1.8049061934908173,-0.4456597607283891,-1
0.2619354673486007,0.1659936208656025,-1
-0.5135287509559135,-0.5592593133911486,-1
-0.5315004097498927,-1.47318162119366,-1
0.2903017108427176,2.2158864116800743,-1
-0.2197894543392392,1.572210670759669,-1
-0.5714403326086276,1.2738746749701275,-1
-0.9382889321875074,0.2352624641162352,-1
-0.5856063322067963,-2.029931003348103,-1
-0.6446697975697547,1.7384856971721716,-1
-0.1016965638915078,1.913594673864225,-1
-0.3668905013002558,-1.3577167127064027,-1
0.3738359587356293,0.5557558943474109,-1
0.491802746987868,0.4563450644549973,-1
-0.1032482587172118,0.4248420273922855,-1
-0.5771267192493654,-1.7856078712112915,-1
-0.5619093010684809,2.6068605137165224,-1
2.5380410038103887,-0.0322191335552023,-1
-0.6435645620537513,-0.1871603576266779,-1
1.101001408198084,-0.5689762105279894,-1
0.1077474287572374,0.6772651911860046,-1
-0.3055487631056727,0.0364319838556158,-1
-1.1373502447011714,-1.8855570758016948,-1
-0.9211692002119568,-0.9695820586887444,-1
-0.7316494468532205,-0.5152823418218521,-1
-0.7808486984295098,-0.1646152676238841,-1
2.736965736545765,-0.0653488991158986,-1
2.186691589198785,-0.3929231661115693,-1
0.3341102290551769,-1.2370833426720318,-1
-1.1220433085552362,0.3061859760723741,-1
0.352872810403145,0.6698769386370421,-1
0.1750105924010006,0.2142564117860932,-1
-0.6773088809636569,1.1496044300126556,-1
0.2760649327483128,-0.5513413550438956,-1
-0.0599815837721748,-0.5659463234520321,-1
-0.845267146092549,-0.0645383070800733,-1
-0.1163492870774362,-1.2711556946781024,-1
-0.380906164445314,1.332071002415368,-1
-0.3763921915529067,-0.5329131349807184,-1
-1.3515237803708815,1.596066556152374,-1
0.3300816770041541,-0.1623371827283958,-1
-0.2371132599174789,1.0094870344062898,-1
3.6231647558202553,0.5249254209972978,-1
0.4771176816459114,-0.2037826440890911,-1
-0.9772756541055068,0.4166740561880382,-1
-0.352260006274571,0.3208790042462873,-1
2.7344582352865747,-0.3308221768489496,-1
2.950301985270547,0.0018414639799431,-1
-0.9380704969348116,0.8615097569819593,-1
-1.6805364430152254,-0.3379907052608915,-1
-0.5661123198746089,-1.7850454655457306,-1
-1.1589987251870242,1.2056601399577735,-1
-0.1124121051012298,0.5082988960787433,-1
0.8953552824388125,-0.8816027626208398,-1
-0.448871282041406,-0.0740254394217444,-1
-0.1764973463458319,0.7256637333577871,-1
0.3933247100503301,-0.5044687503793941,-1
3.0686176887897822,0.4466462047833738,-1
-0.6601788309727277,-0.7655185660570855,-1
0.223087097534947,0.6361626278960867,-1
-0.9435807687302722,-0.7052949059634235,-1
0.6156558034411057,-1.361778374323606,-1
0.886984210718549,-0.4585833380745559,-1
-0.6788605757893609,-0.3391482164592843,-1
0.7625286965294237,-1.0520983839587947,-1
-1.304448161558199,-1.934801930481656,-1
2.647220695467132,-1.3378496135928988,-1
0.2669023891106701,0.2032981813191098,-1
-0.1631039493805345,2.52903808672945,-1
-0.1756778358873317,1.8806503703365969,-1
0.9868242249493002,1.3587804785344937,-1
-0.359924276644015,-0.4461974633337478,-1
0.000796891989521,0.1237630090972427,-1
2.877373983967205,0.4040844494151617,-1
0.5278661523708479,-0.5759664224720193,-1
-0.5871806505685258,0.9999391104137332,-1
-0.0460665155703389,-0.063884604501416,-1
0.8322318676079756,-0.8632527393053877,-1
0.6570278826939135,-1.0845840068066983,-1
3.252791165105176,0.8109525446754042,-1
-0.7084697333045504,0.0319719126930355,-1
-1.4868001423670474,0.1593368987025785,-1
3.227213844312844,-0.0428702513899051,-1
-1.476668789004081,0.0252213285622269,-1
3.028843328989629,-0.515176941925379,-1
2.4167363364616907,0.6816683402133963,-1
3.61183125204568,-0.3984376970885215,-1
-1.0054962227686235,0.3509859027840925,-1
-0.8917426471020061,-1.3212700676559055,-1
0.4141606574605408,1.5899315429805732,-1
0.5925672444391493,-0.28598047119638,-1
0.1644198006084105,-0.041806712501953,-1
3.358532228734629,-1.3884711839138504,-1
-1.7246681036823226,0.3465343489451179,-1
-0.4916571735952544,0.9851595197445824,-1
0.9878943830008308,0.783295763684593,-1
0.0196677307713545,-1.8341494641069127,-1
0.1578284235989414,-0.2099065748825983,-1
2.950743233594747,0.7315094945445416,-1
-1.4373174874227037,-0.0821128914298191,-1
0.0647936342121453,-1.753909138647833,-1
-0.5879792356131577,0.6799244573480137,-1
-0.9849975698636552,1.862074819860002,-1
-0.2650155573474703,-1.3409576324504384,-1
0.8865487727752264,-1.2077992714332613,-1
-0.1257801190501427,0.2287864443265301,-1
0.5975827963209195,-1.0796920010535624,-1
-0.6696254015457163,-2.283841082063287,-1
-0.4260665459552014,-0.1022865565950614,-1
2.531470422399094,0.8025570032810474,-1
2.630013427451991,1.246340809315285,-1
-0.0942378794705306,-0.8018921429600501,-1
-0.2740428239532003,0.8964485417146457,-1
0.0613440089903917,-0.4448618133075405,-1
0.8717877921554331,-0.5276768854623591,-1
1.014359806802845,-0.2435921202381237,-1
-0.3952189876332493,0.0729973455101935,-1
0.4746141386578328,0.1646715930304877,-1
-0.0594726320241715,0.8211530183617032,-1
-0.2409749461635451,-0.9534635808460667,-1
-0.4316631308275862,-0.8302791246339012,-1
1.0653688533402166,0.6915653073551781,-1
-1.3927109335290029,-1.8904099073929217,-1
-1.535691570541284,-0.8965700519836698,-1
-0.0241389353313388,0.9653448725984566,-1
0.0051862694524049,1.8096655447038503,-1
0.0200109154411822,-0.0586695177437532,-1
-1.139142868499903,0.3501617297906121,-1
-0.7796868364678746,-0.4417059101549556,-1
0.5435018373327041,1.0441745884309237,-1
-1.2341290098402538,-1.4065095125773706,-1
1.0433218644852795,1.029929832160256,-1
1.978848520890821,-1.2031357007723962,-1
-0.6044354499765869,1.7658294529860383,-1
0.8407966949155492,1.1915744685714484,-1
-0.169110743167466,-2.124427839548776,-1
-0.7436150152112675,-0.1511999645229836,-1
0.1422616149915699,-0.3335295915560518,-1
3.636578664580425,-1.2010395376104692,-1
-0.6108741930154121,-0.4665503336017698,-1
0.8890597627258454,2.2279760793489123,-1
-0.0529484090751153,-0.9928365158300726,-1
-0.4813342005580459,-0.5498493115222376,-1
-1.399132635221171,-0.4333423712933483,-1
0.4479776069764483,-0.9368865738997576,-1
1.3405185786300446,1.0114251552261335,-1
-0.8366594990461516,1.17882071328018,-1
0.6008994102395225,-0.1606700859501495,-1
2.6606666808232418,0.2684361643207036,-1
2.3091308333509826,-0.8746672782069385,-1
-0.5487922685478862,1.464249494278135,-1
-0.0222573429309473,-2.146441180724312,-1
-0.9810965025382088,-1.5363653136303603,-1
-1.530781071205252,0.8126779345251752,-1
-0.4436482420694176,0.5817304093016338,-1
0.5250130149366883,0.7408343445788043,-1
-1.3727528953489818,-0.7343597727595969,-1
-0.0462926133136777,-0.0171085769262969,-1
1.9527638849321491,0.3797196520444181,-1
-0.3983015816864828,-1.901631948216792,-1
-0.538354943892633,0.5770353169003036,-1
2.6766589491225456,-0.5169169552750643,-1
-0.5584355955767178,2.1504924223191315,-1
0.3528981136358213,0.9820223673832827,-1
0.2823430157388407,-1.325590107877615,-1
0.9789462365610644,0.3185386051874838,-1
-0.7368333713059168,-0.6755555427683405,-1
-0.4587622557947354,-2.339723236022356,-1
2.525418357368197,0.3183132556664389,-1
-0.1477712348424326,0.2198656283995543,-1
-0.7526422818169973,2.0862062096421004,-1
-1.0835047440690948,2.063970426876648,-1
-0.0220173586970923,1.4785228643581392,-1
-1.738367471939907,-0.7037413971890647,-1
-0.0426181133112521,-0.8323981246450471,-1
3.31745382083327,-0.887106252452935,-1
3.308618173901782,-0.0505933394143193,-1
-1.1484736548927776,-0.017087479953858,-1
1.0654436698912724,2.0006313834867555,-1
0.6100982042723192,-1.4263842792817512,-1
-1.1639747420018056,1.3381002475723665,-1
0.2663331066975035,-1.525405737468931,-1
-1.1902563384359144,1.8050222061132624,-1
0.3640066183938386,-0.6971546576023471,-1
-0.1038884494423083,-0.5993799644976896,-1
-1.4640625603412556,-1.8510136150431595,-1
-1.1786729404512937,-0.9979267806294602,-1
-1.7478360666535446,-0.4077197264617881,-1
-0.5586365941069745,-0.8110849596826247,-1
-1.544668854248952,-0.1986177886297417,-1
0.7671532667883583,0.4172834560045934,-1
0.5196574332412313,-0.2232268218973618,-1
2.411052005950313,0.2892092147083562,-1
0.5388345271186539,1.597977408857327,-1
-1.1474535595230173,-0.2648347568658123,-1
0.4250093397891074,0.5992540650185451,-1
0.0057489083180015,0.350360140412957,-1
0.1832751845932643,-0.4857685295206179,-1
-1.13979708145991,1.3431690464588708,-1
-0.0313417853456994,-0.2329323335037219,-1
0.6009007129858976,0.5105125817263982,-1
0.9437306457377934,-1.864429918630768,-1
0.1732073667835878,-1.371961620553163,-1
-1.0715281785165849,-0.5029525243140711,-1
-0.7204535418000066,2.1151641143051183,-1
-0.799612378504259,0.5777406217136102,-1
-1.789954062776464,0.0096991503707337,-1
-0.5232066060858273,0.1524868692755124,-1
0.9780871910355752,-0.175176609548736,-1
3.501212235255818,0.8876142233167645,-1
-1.1369921545977548,-0.2993697003007421,-1
0.1058799884074501,1.6039179206467338,-1
0.5728054931352888,-1.1102214916804096,-1
0.0527240620031556,-0.1565629274524914,-1
-0.9676464791272796,1.9155644520090804,-1
0.0922137156888788,0.0248602675141434,-1
-1.704108520716815,-0.5050507305049649,-1
1.059716395405185,0.3108580800483917,-1
0.995739745429736,-0.184055014166483,-1
-1.2811886244925663,-0.7142497674521155,-1
-0.7510966811754729,-0.9377085522881776,-1
-1.878263612757203,0.2316318461234215,-1
-0.3331071224828517,1.4573080163618797,-1
1.0393087672312369,0.5907253359184009,-1
0.3314033658473935,-0.6403565117109801,-1
0.0316705625389277,-1.0492737759821555,-1
1.1885194862614434,-0.4592887944639559,-1
-1.1219601503344532,-0.5503333688639802,-1
-0.7451496686903141,2.049494711692458,-1
-1.5625656964918753,0.1965259796993246,-1
-0.4973311063075453,1.0941383938479898,-1
0.7555721904931857,0.0303824669040869,-1
-1.3949733935564457,-0.5463077958374601,-1
-1.5115326494682029,0.7726461683623193,-1
-1.4665128857914231,-1.792589565831716,-1
-0.1175434411631139,0.1509371196741945,-1
0.5027670836808545,0.7846449080585054,-1
-1.4157423167219372,-0.4907146773212015,-1
-0.37283470427307,0.3179441969891732,-1
-0.1026948447200212,-0.6968146935267024,-1
-1.4513384913689564,0.0908481682895651,-1
-0.1059715897363471,0.8754867921466063,-1
-0.2677465508572484,-0.2172895472552745,-1
-0.0015760856207404,-0.6547843838335614,-1
-1.2791047308155428,-0.1932757710965796,-1
-0.6839165459367987,-0.7121020020555391,-1
-0.3747287506019087,0.2612688300271141,-1
-1.1150159442390537,-0.1011563135115594,-1
0.2054554685546545,1.4800130164269236,-1
2.449964664700241,0.7945722995048073,-1
0.6461369299899137,-0.6070964266513716,-1
-1.340334099317541,-0.1182503808190685,-1
-0.7874029418451464,0.9841469507229016,-1
-0.5177479037381058,-1.9446525358408215,-1
1.014119557008902,1.9883172311990345,-1
0.3473983694551415,-0.2512483112574575,-1
0.7382847651257938,-1.2113198417216933,-1
-1.314551476380045,-0.3140796115457733,-1
0.1453026178484545,-0.3646522962628572,-1
0.8309427249403585,0.4106427680020729,-1
0.9302373330083582,-1.9685169385571328,-1
-0.4038265548959385,0.0413547980231489,-1
2.9157668736223465,0.1776642628089092,-1
2.371007375889636,0.8940681035917715,-1
2.548274329066853,0.8014013835355279,-1
-0.0791719465015232,1.6259195073513448,-1
0.8908015704598222,-1.67584604130528,-1
1.0107867349103348,0.5874052192812808,-1
0.5991346209623174,0.2411566301145726,-1
-0.8581340005997954,1.8839759187260965,-1
-1.062851605083717,0.8573040020986579,-1
0.2286083164928854,1.3797472051266328,-1
2.780773235815151,0.3427139900517725,-1
0.5292398302095233,1.4532042465876338,-1
-0.5732195577397394,-0.6713805962994361,-1
0.2362009751994005,-0.5241556415721123,-1
-0.3980773360529098,-1.294932558145174,-1
1.1254051664833185,-0.6106834392166041,-1
0.6921445766961194,-1.0633607930629263,-1
0.0085311874722165,-1.641579187916815,-1
1.1637811687794108,0.1735683779898916,-1
-0.7847773347163947,-0.7891564411255458,-1
-0.8640224047138627,-0.2760513659373023,-1
0.1364857103857814,-1.192286804683726,-1
-0.6922227793573968,-0.6382085710056045,-1
0.227731760041057,-0.2670407741004759,-1
2.772706283277409,0.6661102250073129,-1
-1.1725369638166288,0.6256383750486256,-1
3.081558007069724,0.5156358756092476,-1
-0.5623460417581788,1.1864619126812694,-1
2.271795722022825,-0.9037903731084932,-1
-1.4967716688484092,0.0925237823914171,-1
0.3526649027652302,0.3771636300759606,-1
-0.9007544589107565,-0.5978145496763125,-1
-0.0679054669716671,0.3992892135609385,-1
-0.6997898751998477,1.2420316738317712,-1
-0.5115021629036063,-0.194278628676302,-1
-0.759366200549935,1.609801029508667,-1
-0.3005181759746195,-1.1144761321675785,-1
2.07593729537701,-0.5896378835083619,-1
-0.6377758081437338,-2.1847191360375904,-1
1.1184063900716472,-0.0413924861604235,-1
-1.7838261622514382,-2.058023669402857,-1
0.2880832193128658,-1.2804163231046293,-1
-0.1799430875003745,-0.8197642800762117,-1
0.2315972803223486,0.2210549905546035,-1
3.585305367762809,0.4547496251636943,-1
-0.3287602194149951,-0.6904781841613301,-1
-0.1323493476830766,0.3551247606623136,-1
-0.4143471175556832,0.5733718474641261,-1
1.3035837535768369,-0.4067235199946881,-1
2.8675700766737844,-0.7045846890921605,-1
-0.8291740788304288,-0.721242022425112,-1
-1.571513089548657,1.7276095742020476,-1
0.4813608349144045,0.8225733394302747,-1
0.5866619529660333,-1.435335752047031,-1
0.9281450976616076,-0.3239055138447365,-1
0.8259009866272333,-0.935727868583012,-1
0.6808813818380983,0.0130727354534865,-1
-1.265240948258144,1.1770571909886445,-1
3.2416442240069507,0.5020848212570553,-1
0.6518252187724027,0.4192902137062976,-1
0.2592863293132303,-0.2380403065521358,-1
-1.767493864138448,-1.085604092665277,-1
-0.6116527358448542,-1.779529740450426,-1
0.4148018671287101,-1.246879108649229,-1
-0.4979470869469385,0.7546916205971113,-1
-0.0130127898312881,0.2713365967999103,-1
-0.6719782627368878,-0.5669503751501073,-1
-1.180828161987944,0.3423352199325485,-1
-1.585842120916557,-0.0133541795174675,-1
-0.4922732340183561,-0.5660037263795052,-1
-0.2492947322393713,-1.398715399434391,-1
-1.3899591444210504,-2.0112019933711904,-1
0.4660714096948088,-0.216096947952906,-1
-0.2529197189234174,0.4134947956696966,-1
3.238471982172973,0.8960848758876205,-1
-0.7411893694264852,1.6419753258229692,-1
0.5497526351650959,0.7791598398015046,-1
0.3967296133915087,1.0310480176206465,-1
-0.7189950076183909,-2.065779305718449,-1
-0.6513788108691033,1.0727879461765315,-1
0.2459528434653995,-0.5430560129300136,-1
-0.3907978173777278,0.5589353064418459,-1
-0.8303196027964058,-0.1301652983835048,-1
2.8646473837060555,0.6082601843562625,-1
-1.2065185316519451,-0.4880995623452013,-1
0.1804901701306048,0.3317094787598632,-1
0.4931730659508084,-0.8526903548382767,-1
-0.9703704337137056,0.2024644484597644,-1
-0.129160817885426,1.654731275719298,-1
-0.773703573587562,2.034422696857084,-1
0.5851681873323363,-0.6043503185746443,-1
-1.2814665572437327,1.5254555885808956,-1
-1.8603199925043443,-0.3410525948695984,-1
-1.222974825799083,-0.6139110395803853,-1
2.107236629637943,0.6488480334661343,-1
-1.2415240288922471,0.1207646277702034,-1
-0.5678693168454773,-2.2241460852256565,-1
-0.0053226668657773,0.0259004078029018,-1
-0.4918196059696095,-0.1562771291570005,-1
0.3978470988163649,-1.046635455216492,-1
-1.3305191150459486,-0.0007053433303876,-1
-0.8470735765980884,-0.2888431012721276,-1
0.6402011985025207,-1.264924953327533,-1
-0.9090163157945756,1.2766717116796893,-1
-0.6783797923981721,-0.2707516081372755,-1
1.859453014903953,0.4219470266654584,-1
-0.8865321166702584,-0.1776687702866288,-1
1.2025476033349485,0.0193849106991007,-1
0.706910348753717,2.098001561691842,-1
-0.7452571112007006,-1.2671640156372057,-1
-0.066078994250938,-0.3693707460299441,-1
-1.234879514128575,-1.2328821706304958,-1
0.397881626917447,-1.0721387098421566,-1
-0.1657920731195032,1.4616174962310169,-1
-0.1535790120245672,-0.6506434829263734,-1
-0.1903968299349943,-1.458252657082125,-1
0.072931649049426,1.9183320259986911,-1
-0.4871775247843353,2.4661774752972763,-1
0.2717990019561856,-1.7591939048296152,-1
2.8028937384747685,0.6422328737017247,-1
-0.2025458061132499,-1.6909584244209157,-1
-0.3554335508549242,0.0436963912003048,-1
0.2204588849134449,1.0671006843914386,-1
-0.1052055008353521,-0.9799952212895648,-1
0.1572748797860568,1.0796541613401944,-1
-0.453960217912163,-0.0861013333233968,-1
0.0476595461663964,-1.6844301303039302,-1
-1.0746736845558174,0.7064716114354777,-1
-0.4783322334367452,0.1352618088672761,-1
0.2493310110118326,0.1770366739510434,-1
-0.6269867531293314,-0.1415399497970783,-1
-0.9226363598666024,0.8447314712064298,-1
0.5076300516239665,0.675592814231472,-1
-0.8514784088579519,-0.4607949806932441,-1
-0.190352503430201,1.7219606614009555,-1
0.1555438652269493,-0.5398631302205794,-1
-1.7298924464006862,-0.980404167454808,-1
-0.7852332844545894,1.9909669374951784,-1
0.342878506398149,0.4215672560595268,-1
-1.1467725309845564,0.7692984804581213,-1
-0.5527734932255833,1.0367968962345335,-1
-1.0413275902116936,1.1490694440380786,-1
0.7714821837703851,1.9294854299407005,-1
-0.7491127032625872,1.282552777512656,-1
3.169195153985032,1.626199832661019,-1
-0.5854866397875568,1.1346903059432716,-1
2.3772433981041323,0.6504419105207547,-1
-0.8685539683163176,-0.7758564659053132,-1
-0.1755271040584392,1.849466351953184,-1
-1.4959743865501527,-0.2586442322194112,-1
0.2270339239272559,0.921214465261548,-1
-0.8802910374578693,-2.436683619151584,-1
-0.0162323590385917,2.167535409417713,-1
0.9634067131118288,-0.3143184156902703,-1
0.9609798387845714,0.70972647991415,-1
1.879251695782052,-0.7574487104461969,-1
-1.6791790531402226,-0.0024266058887875,-1
1.233542738629652,0.1457775443911315,-1
0.1644875040322139,0.6156245987471839,-1
-0.8756697518707697,-0.8171050139142025,-1
0.4419723997391944,-0.3869545213051103,-1
-0.3669651138317173,0.6537160494851357,-1
-0.9294169050451716,-1.2802291211947816,-1
1.8057408093783291,-1.2234344052602644,-1
-0.6825813044383311,-0.6709760813998648,-1
-0.2417454926670564,0.2131285148837449,-1
-0.8006573075270137,-2.0230320883171693,-1
-0.1692171484915654,1.086969497317718,-1
1.234790913668211,-0.9701251930464828,-1
1.0238245674812576,0.9352410596318772,-1
-0.8381740602780229,1.006930147535671,-1
0.460570566787348,1.199948544052922,-1
-1.8081887488880208,1.1461896277390264,-1
-0.6878729369615019,1.7089653868435926,-1
0.1575841357501786,0.1763587888287212,-1
-1.8688964461534805,-0.0800976164045091,-1
-0.2503858157047702,-1.6582026684975804,-1
0.150860217017241,-0.3000463913047119,-1
-0.5044072249793145,0.2237144082927059,-1
1.8333929287949728,0.3211070552286813,-1
-1.1876838690613654,1.5534654750461596,-1
-0.0067496122743494,-0.3136195851716024,-1
0.5712681043477978,-0.0839881355142585,-1
-1.607343907628337,1.2010350301327497,-1
-0.4275544214243129,1.9208674469564269,-1
1.307771033782683,0.9669178042567316,-1
-0.2586476725885895,0.2162835928584215,-1
0.5201745968432678,-0.8338088858477537,-1
-1.7886487119288828,-0.7823062601223865,-1
-0.4452921901686166,0.1192417758341483,-1
0.1515366581374915,0.2131009436166671,-1
-0.8384972027326609,-1.7615145526104257,-1
0.0520892621112394,-0.0435787521170941,-1
0.4557997223020369,0.4506406401793058,-1
0.3345041500060509,0.9947834458798044,-1
-0.4082293310264422,2.536426339278412,-1
-0.962248157476707,0.8564409580954547,-1
2.78912611742999,0.259183901641689,-1
-0.3874065909276633,-0.5334755406462794,-1
0.1076349292489586,-0.6240048803497199,-1
-0.682792966327763,1.7228819335095402,-1
-0.3751310132225101,0.1949874625432104,-1
0.2837881512528367,-1.3255594510393118,-1
0.7933594973080207,-0.0340464933445964,-1
-0.9243361810284484,0.729528178470998,-1
0.0622537907969272,0.5052402436173558,-1
-0.8172194576348599,-0.2621043140091442,-1
-0.1739618807494216,-1.0106590937405515,-1
-0.3882084606441301,-0.7032934284380055,-1
-1.152124074625194,1.650881301707794,-1
-1.1352136828496275,-0.3499551820310101,-1
-1.1232181738087088,-1.2605267163580975,-1
-0.3606616478248051,1.403329198270865,-1
-0.4829664481117824,0.1602827222952722,-1
0.5813000115263086,-1.0551909304058056,-1
-0.3299811092954182,-0.0838094509280166,-1
-0.6185234781675588,-0.211202899170803,-1
-1.2514214922055382,-0.632823165409212,-1
-1.138283822974414,0.8438769445268323,-1
-0.9712289298758042,-1.6159088515997395,-1
3.298081403062073,-0.000466386787683,-1
-0.4076698470169866,1.0594136849577076,-1
0.2054840564591657,1.6419616798991707,-1
-0.3768048519725954,-1.1006325020730698,-1
-0.2519185670420654,-1.490603898105889,-1
-0.5237323153771851,-0.3918444840292795,-1
-0.4157700249094357,2.07949584221546,-1
-0.323760671693595,1.3544190274902628,-1
2.7387037900282243,-1.2825996962996042,-1
0.0940955918925729,1.4452895253877005,-1
-0.7450945490106516,-0.2936313820394275,-1
0.5497786175768565,-0.401256832079344,-1
0.2508125267366766,-0.5019113414830537,-1
0.1830372564887692,-1.4437091539266893,-1
-0.2529289437918233,0.7511434790416017,-1
2.431271219338145,0.0483219818176132,-1
-0.5579756077837035,1.2160130314242457,-1
0.7531600973636319,-1.2436475738036072,-1
-1.0187159063618,2.018422935618487,-1
-0.0796430854766093,0.0631201456379516,-1
-0.7763599545658786,1.1466580198607097,-1
0.0473796314897706,1.376654658679622,-1
-0.962936428958114,-0.6614230288071149,-1
-0.8326010063122569,-0.4424146036916748,-1
1.1889326960445228,-1.2162275126948887,-1
-1.7229591874677648,0.2919929736124493,-1
-1.4149455837870708,0.4827753933912541,-1
-1.7943050038991404,0.3118413631681047,-1
-0.9770970877550876,-1.4484020517229594,-1
2.8012711353371347,-0.1420378458721498,-1
-1.5927526023258445,-1.1042547543183712,-1
-1.2993823429750646,0.2642479400463306,-1
-1.0816191136138835,0.797828361279718,-1
-0.8685534189529271,-2.100514551228597,-1
0.949618296468876,-1.700243386967201,-1
2.125049010913708,0.4390409423968742,-1
-1.5487813179037424,-0.2631930367495834,-1
0.0993573337648573,-1.767783274004552,-1
-0.6302239630786683,0.7694901136336411,-1
-1.0671329906728235,1.1634021084984296,-1
2.569179078627648,0.9039168174980636,-1
0.594505543068881,-0.537494639378161,-1
0.0232494281368944,-0.2985169134979247,-1
-0.4318315033985121,-1.784263855437572,-1
1.116138669026718,-0.0024005571341393,-1
-0.0607352429166373,-0.4100262315349686,-1
2.488940988819153,0.1117227078245566,-1
-0.7304172759750318,1.2074236622493089,-1
3.190420026888718,-1.209516664475964,-1
-0.2337117154520357,-0.7932022859465967,-1
0.7824171791758756,0.0999958570721293,-1
-0.2088822934552749,1.576613187418683,-1
-1.7810430499305303,-0.8424057718595883,-1
-1.2130768131224012,-1.184981331724254,-1
0.2895486010616457,1.0471484182738535,-1
0.1154789889314886,-2.2625383258773435,-1
-0.4720469075032713,-0.1552561943878075,-1
-0.2951132107764769,1.0144096969977296,-1
3.070904229087234,-0.044776672829186,-1
0.7194866867656562,-0.6113647130623391,-1
-1.7138883477402262,-0.7610406350693857,-1
3.46692141145638,0.6771716584344109,-1
-1.0441451008179898,-0.2089492141833305,-1
-0.7307941055472631,1.2853837082078408,-1
-1.3900714399097351,0.008026773416201,-1
-0.3655949246844709,-0.4874153545043335,-1
0.5241916523684224,0.2393231252467307,-1
0.292299087423223,0.255173664619037,-1
-0.1317743290929331,-1.4241220769706733,-1
1.8012710090031068,-0.8783562758812268,-1
-1.5501705803550914,-0.6105090343199406,-1
-0.8742382190439875,0.0434008814628558,-1
2.7738907929469843,0.7384201640464003,-1
-1.166710526949388,-1.3797164079581403,-1
0.3021002594081992,0.1893814830770687,-1
-0.98104753858322,0.7852134190782611,-1
1.1577114630064802,-1.2958441188118004,-1
-0.6186846077955385,-0.6814568803958377,-1
-0.5972066175504656,1.7836899872073682,-1
-0.4171437027481112,0.0503251731558069,-1
-0.997595536640462,0.3610078695242473,-1
0.3363443051977022,0.5773647206233756,-1
-1.1002560623460416,1.8680374711641068,-1
2.3688209609557243,0.7300161053284379,-1
0.7502856149679072,0.3949352793536054,-1
-0.6260075456049204,0.9804220160340232,-1
-0.5880943406141869,-1.9637109495408067,-1
-0.2645906470189286,-0.9252756833963758,-1
-0.517321560847495,-1.0256919344140163,-1
-0.2434915424754469,-1.0491921905110175,-1
3.045417179642937,-1.103484048948409,-1
-0.9771074855541748,-1.9498400513314067,-1
-0.4145018076556868,-0.0293716490050907,-1
2.7988579434808,1.2332482840667245,-1
-1.3029781923912092,0.9137487132993812,-1
-0.0068645132557846,0.3632438462626935,-1
-0.0234918354985841,-0.6792972089522433,-1
-1.4988503015079464,0.8766599685650585,-1
-0.5061070461411604,0.1085111155572743,-1
-0.7244854527267645,-0.1482958141041731,-1
-1.038636261584598,0.8545767963893093,-1
0.9083977024279456,-0.0127810198676889,-1
0.9917540131175372,0.07922295826057,-1
-1.6906210183682568,-0.3814158077844933,-1
-0.6221596160336768,-0.8962714566749949,-1
1.0579217154770932,-0.1204465350356807,-1
3.019077104653431,-1.6316420850285545,-1
3.544917003668914,0.6087866530072338,-1
-1.638418446892306,-0.7554095820934131,-1
0.4492460282497912,0.2747447732028073,-1
-1.266931674367278,0.8921092301851128,-1
2.581085619066907,0.8694125309014377,-1
-0.4761293506914814,0.4453958733373409,-1
-0.8946880378096606,1.0217947123993727,-1
-1.3386823589120056,-0.4966890830962314,-1
0.835932424226062,0.6294438947219342,-1
-0.3425342002040411,0.2706788318960252,-1
-1.010549457607617,1.1524934372371285,-1
2.6949749413451194,-1.8564513599329755,-1
-0.4241868556965612,-1.1809767040940795,-1
-1.2866686718018527,1.7046717237706075,-1
-1.1039189360069048,0.3675448325409315,-1
0.6685017204982938,-0.6938429067127392,-1
0.1959262891242735,-0.5064482399662074,-1
-0.6431578418306337,0.5680109275635852,-1
0.1973428367337584,-0.6683662466001508,-1
-1.265777055348589,0.1312878380754052,-1
-0.4071845559912961,0.4370797228090619,-1
-0.4112405972200489,-1.299438951366117,-1
-0.9574015275292532,0.4334027827578853,-1
-1.4405188665245832,1.4745965850517833,-1
1.0671490974144011,-1.2242120648950352,-1
1.0384166261667347,0.6257920281805884,-1
0.4170605729046354,0.095590103265796,-1
-0.3825372632402837,-1.986733622590704,-1
0.2300916843274952,0.0473237720457991,-1
0.717837681668565,0.9415353092641144,-1
3.443030229354972,-0.412689079229921,-1
-0.1414259977914921,1.4277062721382556,-1
-0.5412541801576431,0.5788146559879916,-1
-0.1767097616182486,1.1236809952673603,-1
2.792397805448424,0.7022710717623192,-1
0.1942726966089721,0.5254658799576917,-1
0.023381969860363,0.0097884042548629,-1
-0.0070120902285361,0.4121351146759176,-1
1.1569609587181586,-1.1222167768649254,-1
-0.237866369698551,-0.1592509589999306,-1
0.1235793208115461,1.4174988433650335,-1
0.7950643754677591,-1.934231856403104,-1
-0.916184767523548,0.2207952662556511,-1
-0.8967374033856018,0.475317461418172,-1
2.942379275001736,1.8061636839732664,-1
-0.8513458671344832,-0.1524896629404561,-1
-0.2783846700231643,1.0288460864439166,-1
0.6304390122211427,-0.5357461087048699,-1
-0.4895700750301044,0.1442202779529159,-1
-0.6295313879823538,-1.7238753082575602,-1
-0.0450858754838589,1.5613560137024285,-1
-0.1505139288976732,0.1709130463097228,-1
0.6731963158704799,-1.7568797313434437,-1
-0.3645233340708712,-0.5596214169814914,-1
0.3096409532911928,0.6463119801400209,-1
-1.1649903297370643,0.895116954013666,-1
-1.2453259338365408,-0.1759233251845637,-1
2.8957211695870404,0.5688640435825936,-1
-0.1410694144540446,-0.9777878583604552,-1
-0.4398418294906225,0.1876877917857462,-1
0.1197611279035801,-0.5727956792772834,-1
-0.1076686755897488,1.9347448194604653,-1
-0.4693217243743701,-1.2593763767888646,-1
-0.0175248605819439,0.1032248283722466,-1
-0.7951665786153376,0.59169973126488,-1
-0.1959471861608346,-1.039127812461634,-1
0.1718488781818039,0.9417904507213016,-1
0.4173620365624204,0.0332220664989706,-1
-0.8366418583041182,2.1639894624672635,-1
-0.1435943524356737,1.092068953042526,-1
-0.9732230217844748,0.194607130187304,-1
1.7335529145642217,-1.4962567613803683,-1
-1.707344298104083,0.9092579852984972,-1
2.4782722256193663,-1.471113742624879,-1
-1.2414401172884797,1.260086035833681,-1
0.4096238328405993,-0.2149837395166152,-1
0.7001083287978889,0.4627270707008244,-1
0.2349084236240627,-1.208845734440565,-1
0.8524912896620733,-0.9812871143120976,-1
0.1819737419848086,2.3197848840021456,-1
-1.0782480591947028,0.8662862832783342,-1
1.182560507670734,1.2377606707900222,-1
-1.1439507167633525,-1.88391227011424,-1
0.288001363838458,0.2472856895082729,-1
0.070146480599158,-1.9643092922209573,-1
-0.3674104002107367,-1.921595968805301,-1
-1.089884459189132,-0.4979874504134028,-1
0.6426236894311617,0.5105430869886087,-1
0.7300130598062778,-1.162929665297423,-1
-1.246392337636554,-2.287009933805149,-1
-0.7500166746882456,0.312902817793653,-1
0.4822438809261948,0.9572513152361874,-1
-0.4113594564725953,-1.256503034784451,-1
-0.266000501048858,1.0450311581394878,-1
-1.5652688554801273,-0.5136980246330964,-1
0.3485510065483706,-0.1906902704166238,-1
-1.2065099859626236,0.6668138549099827,-1
-0.8088165133382507,-0.6733718403571743,-1
-1.0631583297589884,-0.385438143663694,-1
-0.3752926922138804,1.0493915666414595,-1
0.4417125773097438,0.3015450257184915,-1
0.6527206445087398,0.2340267561701168,-1
-1.0870077908483535,0.3625491018019594,-1
-1.3572697943257837,1.570440674173495,-1
-1.0245671768820348,1.175257731682519,-1
-0.1953539032613671,0.3305388673960994,-1
3.632344057001253,-1.0724821038746513,-1
-1.0479007771157387,0.641480245521233,-1
-0.4528809648079204,-0.8313307162413979,-1
2.312529926311284,0.680397392587209,-1
0.3019431678350391,1.5647714895778724,-1
-0.8438823912757019,0.9735082609609386,-1
2.330725496903548,-0.9515757325579736,-1
-1.224134705835258,-1.1581998299998553,-1
-0.1211940649151242,-1.5015929369872694,-1
-0.1924948756626221,0.2059066704243779,-1
0.677365405970902,-0.0437490709558239,-1
-0.733388253718665,-1.2938722976379784,-1
2.864085973382934,-0.7496545973032173,-1
0.5942711036558148,1.6748668092648902,-1
-0.0308511535188141,1.6615603597500186,-1
0.3863084227123194,-1.088250561814102,-1
1.0196177944236122,-0.7700935961598894,-1
-0.0540735569906143,1.7578702774479091,-1
-1.7323108992745078,-0.9102282200451112,-1
0.0673011354713352,-1.488435860914782,-1
-0.8623777032316793,2.1822780205300147,-1
-1.2325695227082132,-0.7586842018500786,-1
1.2102280818843567,1.2683514750934766,-1
-1.4550817879421585,0.6213361946520352,-1
-1.7124047758860224,1.2270347701728963,-1
-0.6176695694236704,1.0861844984861468,-1
1.1694672716168462,-1.299164387025014,-1
-0.6297321027093079,-0.1532373790629916,-1
-1.1980960945035366,-0.5676737571528844,-1
-0.946342955637312,-1.0859408195936024,-1
1.1700061140157358,0.9210662859375164,-1
-0.207910952441101,0.0510996353675115,-1
-1.7074600822841968,-0.2418153209632342,-1
-0.0902911828939156,-0.348936290290784,-1
-0.4574975887729098,1.5584794345506956,-1
3.507997084049295,-0.9986545930757948,-1
-0.4380529599434081,0.6385403096639258,-1
-0.0769822468957764,1.6397747403406857,-1
-1.5713350725616289,1.187191551614334,-1
-0.5318193101301171,0.9245165047091978,-1
-1.7694567126178709,0.8496053997700954,-1
2.980328181024233,-0.3243858532468752,-1
0.7239974547699368,-1.1144356123112231,-1
-0.8062127207507463,0.4114814120972602,-1
-0.2974419416656537,2.2043591496767974,-1
0.3144409350444054,0.2329104621626,-1
1.2225693068839534,-0.0127776311442762,-1
0.3971142352700768,0.1121606359174666,-1
0.0089406430037786,0.288053417322739,-1
0.4861080186774029,-0.43755206065849,-1
-0.2326083820777837,-0.6857524349216962,-1
1.1439225767838452,-0.1453945318922378,-1
0.6260835634639649,0.4571266745631557,-1
0.2424500007057348,1.076021500318414,-1
0.0213038865642165,-0.5307334948947798,-1
-0.7878083593218886,0.9001583332091861,-1
0.6320928087560382,1.752838609694347,-1
-0.0712006061130112,-1.0094188029526685,-1
2.3905488454108426,-0.5311491318968984,-1
-0.6177416506662816,0.9515797424038598,-1
0.8866332337423848,-1.393135948693068,-1
-0.8179757723040586,-0.0689290692681623,-1
1.207499619663429,0.2459820420148149,-1
0.4338637261894095,-1.9014062694795557,-1
-1.5423869013697102,-1.211026568644856,-1
0.0386192762688288,-1.2908272911003893,-1
-0.2018231363464548,-0.0306936768402057,-1
2.8381520692531548,0.8020167371301843,-1
-1.117536374586181,1.2779699274207674,-1
-1.2436734400480205,1.4414787255381054,-1
-1.6690471504138655,-1.4612002613524235,-1
-0.194046570488326,-1.282845976047562,-1
-0.4443461579669271,0.5582691757904484,-1
-0.6637428078125259,-0.1042658946057813,-1
-1.0831514454034823,-0.1913269383480699,-1
0.0353061510416551,0.9604528668453204,-1
-0.617559879427736,-2.27540960365434,-1
0.396022528237387,-2.31107140144936,-1
-1.4957138905214258,-0.1630194991163901,-1
3.011398682233383,-0.2135852287465507,-1
-1.330388425432246,0.9610753920691368,-1
0.2952387419539008,1.4200596409847863,-1
0.0698639604297815,-0.2455898385905008,-1
-0.033660118435789,1.458455118783793,-1
-0.0018970421303247,-0.9241096786070832,-1
0.2232566986483479,-1.2270728272506155,-1
-0.7391138916230893,0.8401318896195167,-1
-0.9052157135966574,0.9021769969579088,-1
-0.0954946001984111,-0.8409028227776196,-1
-0.7001811906579714,0.3525302206330306,-1
2.0695525232590803,-1.1362071050044735,-1
0.382062738154976,0.0314309729403574,-1
0.4317443355002168,0.0845351441333367,-1
0.8835754733421455,-0.5192452554773189,-1
-1.6236112376259682,-0.2884145554049844,-1
0.3456212004533897,0.4705198381493582,-1
-1.3227918584866052,1.0707205484000346,-1
1.0536878612809062,2.0039516516999694,-1
-1.118069746368182,1.406661894556819,-1
0.7518456514633386,-0.2818974952423867,-1
0.7250287013217693,1.1350958633851025,-1
-0.2302139296902632,-0.396891143401086,-1
0.322667714463752,-0.2914144592444532,-1
2.519074003515935,0.938409349623765,-1
-0.4513156672950027,-0.2030533083082128,-1
0.7318714051033532,-1.919837726690052,-1
-0.0350924046455559,-1.3978915295930971,-1
-1.4849632718472312,-0.1078850612798567,-1
-0.3945956842672015,2.107891341212917,-1
-0.9599550534153936,2.3413109306886195,-1
-1.8431782419679523,-1.0835549236543442,-1
-1.5744087013778445,-0.7892783948769458,-1
0.2234028430590302,-1.7792427480365829,-1
-0.0423602227752755,-2.079138726895122,-1
-1.1382800687228969,-1.8426943789436545,-1
-0.1979498237588264,-0.3835252479297744,-1
-0.9289794109724892,2.1360102328403032,-1
0.1002697210641432,0.52468411827344,-1
0.2970529147337913,2.1830575876092064,-1
0.3157917611555467,-1.407818288671021,-1
0.4956891128993198,0.5676963401499581,-1
-0.2278032691227786,0.373860244933865,-1
1.1526069425230498,0.3739346587758433,-1
-0.1415177017015965,1.1293121998194262,-1
0.2327799378821579,0.9468403472404274,-1
-0.4947866754741168,-0.6440250860146445,-1
1.2468327311393823,0.4781371581589693,-1
-1.399226191241041,-0.0782610259654414,-1
-0.9623366564986848,-0.8038663523705771,-1
0.4503571539303798,-0.4587327115169402,-1
-0.8169355049034145,-1.477545115266858,-1
-1.0799473309931582,-0.5735750947803816,-1
0.6634439780247986,0.7983951982109511,-1
0.7540349315213885,0.8887118077664331,-1
-0.9180593210005876,0.4958132308339394,-1
-0.6214714743679638,0.7894965455313796,-1
0.3555283081827831,-0.2702951220626107,-1
0.474163795280921,-0.3952517694660107,-1
-0.7645801454692116,0.7843005127171889,-1
0.4433057891278963,0.3076468169973007,-1
-0.2868246180979122,-0.0446524832392889,-1
2.7315231681741072,-0.9747222508121444,-1
0.0755377633263784,-0.1866646973901036,-1
-1.0989261616487689,-0.6076632635826047,-1
0.4762996037494804,-0.8554906286951578,-1
0.1146098294102146,1.2745237709743136,-1
-0.3955938352800209,-0.6704220414818157,-1
0.4882614678879954,0.0873778292994465,-1
2.90377847770868,1.7398705620184376,-1
0.0417245680619881,-0.3464179039802597,-1
-1.778511548185039,-0.9359697330568448,-1
2.575361000105555,-0.8576159253608446,-1
-1.6147002247800344,-1.1405194776353067,-1
-0.6449140854185174,2.124751060883491,-1
-0.3868120052818206,1.5073738068880016,-1
0.2428591724339944,-1.5265612056383573,-1
0.2508112239903015,-1.1730940091596016,-1
2.742904752704993,0.4422828622862691,-1
2.728462123102033,0.0493652076775975,-1
1.0968993423423807,-0.1321134590393838,-1
-0.7815997520812218,1.3336701596462748,-1
0.8647397120247846,0.0885058777778883,-1
2.718610005236608,-1.3850419105385143,-1
-0.8702497514233442,0.9545842290850935,-1
0.0065287538938188,2.334522214938161,-1
-0.1185635365328744,0.3986843965861487,-1
0.3694147884801077,0.0698179334157585,-1
2.2004344507944698,0.6300086726326535,-1
-0.8584375203869403,-0.7206794651834576,-1
-1.0233867052672794,-0.5980763170042318,-1
-0.8773091125517584,-0.7586077449791334,-1
0.5417349919261392,-1.2210221161807342,-1
0.1109968886154274,-0.3858022902830036,-1
-0.7713113071450954,-0.1758354169948803,-1
0.2539737713761912,1.3069291777782313,-1
0.3851414239690837,-0.007487736362301,-1
-0.7257838944666876,-2.025154477051728,-1
-1.5287062725809406,1.5033965989488114,-1
2.5776359140614447,0.9667433833685208,-1
0.928035333461773,-0.4507142653311703,-1
0.4493709074826168,1.2560734113964382,-1
0.9389606844511612,-0.7858010848083568,-1
-0.0745754945674174,0.396978125645993,-1
-0.9550228137420148,-2.296000580732338,-1
-1.671785257050896,-0.9891669410397006,-1
0.1503949682067402,-0.6706771829390029,-1
2.9425481969360523,1.4354903294536534,-1
-0.5326089299377309,0.6026611988791829,-1
0.0155496607552811,1.441322028890468,-1
-1.0407077755370748,0.0136613666916795,-1
-0.0492959332133391,0.006218123184655,-1
3.680297115464443,-1.1286258735855457,-1
0.9465423459632124,-0.4868633576152515,-1
-0.7318655663451689,1.1896857553811937,-1
-0.1621969770863435,-1.1837240300218654,-1
0.4727921735716054,0.2426009821507156,-1
-1.3572083149018537,-2.116891407675781,-1
-0.294393276318126,1.5002131245291486,-1
-0.3088761943710593,-0.2272738608367648,-1
3.4827669061979023,0.5569300720746851,-1
0.5747177295695516,-1.3930354608545512,-1
-0.3302059042923818,0.6341492443236503,-1
3.6851550264096624,0.7777106883813595,-1
-0.4789461079147931,1.0832179681157637,-1
0.6782517366545271,-0.0592678604239044,-1
-0.7372887716807209,0.7799097505291,-1
-0.9820359709760365,0.0009001366190645,-1
-1.4759124743348824,-0.1679539161787547,-1
3.54877663378562,-0.095286152416789,-1
-0.2166548954624843,1.1860066207249569,-1
0.0623835972119513,-0.3609157586791472,-1
0.8119476861047839,-0.1053354976144908,-1
-1.5626963861055785,-0.7652547557001992,-1
0.1587719300915887,0.0984719625938152,-1
1.0796366708442744,0.2629877464043607,-1
-1.1197359226276244,-0.5619813905003044,-1
0.1735836469924285,-0.1252635811884108,-1
3.2261418341515475,1.186089881106732,-1
-0.4035919114632783,1.1494921877032138,-1
0.1638700908307515,-0.2271008268764376,-1
-0.223557714381129,-0.5779172745167898,-1
-1.147816157260936,-1.1602915618961105,-1
0.1243330299879942,-0.1180417367290438,-1
-0.0824035500895772,-0.8030971703351587,-1
0.6529258168382105,-0.6477212553180924,-1
0.7244966322861435,1.9349704981977007,-1
1.0337435055718072,1.1991427514010988,-1
0.035100095513506,0.0142641406375026,-1
0.4620719949116879,-0.3040602098603071,-1
-0.4230391457855305,0.7270659772368882,-1
0.4522526328212876,0.1012213078178617,-1
0.3731218346581557,0.0504045640218847,-1
-1.0866795913958232,1.1156051461541172,-1
-0.8592249542495004,1.4565846343591022,-1
-0.3869341492062019,1.7005064887436614,-1
-0.1179534960900521,0.9255830879349388,-1
-0.2252735397033451,2.145488174256554,-1
3.3555030562389008,-0.3526318272258544,-1
0.5328797223271584,-0.5482985193786607,-1
0.3067313192270954,0.1466533196192612,-1
-1.4040767794596063,-0.2891503654805016,-1
0.3722868694026758,0.4093685832285663,-1
-0.037877838655912,0.5763405487068632,-1
-1.262843290982497,0.1040052443620525,-1
0.4562318755735249,1.3500533388120044,-1
0.5523620341138833,-1.476033648861284,-1
-0.901372970839,1.2087761953466345,-1
0.9908858725393356,-0.2447475884075498,-1
-0.5463232036289041,-0.2583219763927927,-1
2.781656281826941,0.4773919658576853,-1
-0.0296621362147371,1.0431397283184514,-1
-1.1543827804011193,0.3084120897927687,-1
-0.3747042007522171,-1.4224264942264773,-1
-1.339438673581204,-0.3035138383552495,-1
-0.4368988902881098,1.2023770028775025,-1
-1.7221080140323206,0.4149190512201084,-1
3.148562526794526,-0.696473054540421,-1
-0.6489927743552103,0.0388318051381532,-1
-0.5478461065305029,1.7353728789306304,-1
-0.2014643670639536,0.0629315980336581,-1
3.170818306486056,1.0858124669116094,-1
0.3073751343880153,-1.3477919966574452,-1
0.3675842777045591,-1.0071660947191974,-1
1.96865493472094,0.6224711982174,-1
-0.5339545692352857,0.0600972786150607,-1
-1.0550178634165657,-0.0709509701642043,-1
0.9607075123946882,-0.3906149051700618,-1
0.9654906067888522,0.2066555806652658,-1
-0.8193084083097758,1.2323103454292583,-1
0.2640583467292225,1.3503542803018331,-1
2.6243342337222137,0.0502095008895151,-1
0.0610225031174169,0.6104709772422219,-1
2.5178627580516144,0.0506753294656941,-1
2.7265102217850874,1.1613546143981333,-1
0.2968701063089585,-1.1180091305287505,-1
-0.6848983347820453,1.691594038564198,-1
2.889054426663125,0.4163561903936544,-1
-0.9744530067176098,0.9710205314887178,-1
-0.8471125623016867,-0.952229764352822,-1
-1.0688568123209707,1.4072360546933051,-1
-0.5049360891268134,-0.3383241950418972,-1
-1.2005691974773385,-0.6907462742077948,-1
0.5618118893587066,-0.1079078981290756,-1
0.6062608023158566,0.7838431777319098,-1
-0.7807402369760506,-0.708989183813998,-1
0.3737507443854864,-1.2547481813926145,-1
-0.4659155182868165,0.9473230588877242,-1
-0.2971289314500147,-1.3855075463051627,-1
-0.8289062600750474,1.069829933129754,-1
0.0669114565948748,1.4458401765823363,-1
0.4691559856735018,0.9371529128235376,-1
0.3813849942883502,-1.1528990296575694,-1
-0.0851390012018717,-0.368319002846354,-1
0.2233313853837097,0.249897264184767,-1
0.9804394528313708,0.812211257038382,-1
0.4383069947894809,0.2585903583455398,-1
-0.3138450182748801,1.7685174845334777,-1
-0.2870390152957885,1.174744211620825,-1
-0.411096225135424,0.0135830183678608,-1
-1.6357574784957796,0.6533409973055155,-1
-0.9256027501920256,-1.1355785862783032,-1
0.9339692128394,0.8605896789917273,-1
-0.3384678353801011,-0.9797673479472684,-1
0.1679799489927914,-1.5048909141096916,-1
-0.6217560506667,-0.1588074215145432,-1
-0.8787657445916227,1.3892397692206837,-1
-0.8164507632411145,-0.7752209920922195,-1
0.854299652061087,-0.198741264893571,-1
-1.559851590341146,0.0835298983169091,-1
-0.1929043311941842,-1.723725934815176,-1
-1.5741889633787731,0.508151565665326,-1
0.4644729368591698,-1.5273089217608924,-1
0.6157079222522356,0.977507608414827,-1
1.1989322610670048,0.3371923524118039,-1
-1.0018255568014234,1.0105512056626198,-1
0.4036952144804586,-0.2211775013103355,-1
-0.5915177794045857,1.4854185422417534,-1
0.0265982543958317,-1.7362136430889463,-1
-1.7855915008920338,-0.3315388680148513,-1
0.6281674571409883,0.9781006709186918,-1
-0.2064936514486315,1.8850223817334,-1
-1.7680891289633751,-1.6338913395724697,-1
-0.4288820004321378,1.2067182058599089,-1
-1.7489868516370082,-1.1217531849493585,-1
0.5626832348250345,-1.145850589608158,-1
-0.9310750051949752,0.442415569199772,-1
0.0126444045099916,0.4188368132028588,-1
1.0911715184929027,-0.4972286771544637,-1
-1.0218934889969729,-0.1044036651533339,-1
-0.0397194264096324,0.4904806215905488,-1
-0.5901013616107949,1.491404550911615,-1
2.744989195745407,-0.3614012266814789,-1
-0.4571421041622435,1.8023014746985528,-1
3.084046564840505,-0.8752422635213329,-1
2.852224778391541,-1.3959696357432876,-1
3.67299565243232,0.0435669214341213,-1
3.1032385641515163,0.7566693963711489,-1
-0.9222749850913508,2.2807220814333893,-1
-0.408514790523857,-0.2398143654635375,-1
-0.3539852604847872,0.0614342980684198,-1
1.543275617993812,1.059838952444094,-1
-0.6761191844804955,-0.9613783020460004,-1
-0.2804302015638801,-0.9924860151345616,-1
-0.3181044595070459,-0.9514450686734376,-1
-1.0278914532912806,0.9292591370199496,-1
-0.7570842476706934,0.5973922494935532,-1
-1.7202359862643233,0.0092522241619335,-1
-0.5280299889299646,-1.7793529473170573,-1
-1.1796124088891216,0.5393386696199649,-1
0.4029161222876259,-0.2094988228357076,-1
0.5556662683079392,-0.2370703004157771,-1
2.708026456386964,-1.1573742852479243,-1
-0.9963973444999644,0.7845590428977889,-1
-0.5495349805298712,0.7969495004803621,-1
-1.1103927565102027,-0.5146736140979278,-1
3.304752733404199,0.6730273688038104,-1
0.1117415027391636,-1.7515982023089804,-1
-0.4143737235347346,-0.4099562489586623,-1
0.5072110314600102,1.4520794352565114,-1
1.1768663287236594,-0.9807945396467492,-1
-0.5393659442096816,0.6550379257441573,-1
-0.1515335546877515,-2.117714234974816,-1
-1.534512951036294,-2.0164286830236846,-1
0.5725020475520441,-0.2264740219630429,-1
0.2035936345661502,-0.9333809952295696,-1
0.1421240162702089,1.373553746485099,-1
0.9936032633619004,-0.5079404350639588,-1
-0.4750130938091002,1.1849325864505755,-1
-1.0599086658812045,1.8719932131904136,-1
0.3135864769371264,0.2601811498289342,-1
0.5402210542615585,0.7708320863783938,-1
-0.0664521196036377,-1.598361535364885,-1
1.1581903942879033,-0.573972092843055,-1
-1.3514959458493552,-0.2378255333752105,-1
-0.3431800714943206,-0.901899272503648,-1
-0.926309631326553,-1.1571991670251929,-1
2.5890063474102583,-0.1135302561413447,-1
-1.2931113731117894,-1.16163557766983,-1
-1.4842172751934113,0.4092181672439229,-1
0.1453157509559861,1.311247023394881,-1
0.0924644930976032,-1.873515099618372,-1
-0.4414344121616761,0.0686443880568619,-1
2.550709749083432,0.9322699051862918,-1
-0.2841487442677964,1.174805525297433,-1
-0.0405264273278918,-1.1523514640341592,-1
-1.2725950794647878,1.334622088593163,-1
-0.361257666032717,-1.1407988016361588,-1
3.426147672100932,-0.2457446850187017,-1
-1.0092759793363817,0.3487361285457545,-1
-1.4166304197316195,1.3899960026668243,-1
-1.5124429806381288,1.1472021967607071,-1
-0.932609942477324,-1.8891050657811117,-1
2.679167882943805,0.2518349748307293,-1
0.6002795955649037,0.9747379913962496,-1
-1.2152130911706427,1.811632085701386,-1
-0.8955751218762703,-0.9585272511323784,-1
-1.533179561647592,-1.3218273447212738,-1
-0.7830203377455263,-0.3500558214456202,-1
0.1749502117038517,1.2522723229888015,-1
2.139612481694674,-0.0323567525266614,-1
0.4531278865267409,1.0768266193684226,-1
0.5473120839467248,-0.8247228796822413,-1
-0.8354404612754943,1.2256273976936027,-1
2.3915631303997262,-0.7593485060147458,-1
-0.9353500310398144,-0.5956923125178473,-1
0.4142392282631136,0.2124262956416642,-1
-1.3624713595205131,0.4249987240399228,-1
0.0772974956056911,1.4268972423391129,-1
-1.4783524019859628,0.391908132641136,-1
-0.6569857935405753,-0.1566426214707558,-1
-1.427260197227808,0.4705462152980834,-1
2.998328427722724,0.7514851180278833,-1
-0.9849852699228168,0.3304169136446995,-1
-0.8522425956171956,-0.638408873080823,-1
3.6233713607117943,0.1464560618818314,-1
0.7362099665014823,-1.902038506145329,-1
-1.5184899088874255,-0.1407137337746309,-1
-0.1335110798290177,0.4643113878895802,-1
2.5679119601006803,0.3634681380720462,-1
0.6721274605653247,-0.510212348816995,-1
-0.3147462543920942,1.9733288448637651,-1
-1.475526549709939,-0.4156586302053869,-1
-1.5959916643849474,0.4602507267590844,-1
1.112434278373406,-0.0202423405641838,-1
3.167503674492913,-0.6545888811423447,-1
3.08883361750578,0.3559557371666241,-1
-0.6273363475754122,0.8068065801341666,-1
-0.0835476414934849,0.2912582060791914,-1
-0.2240825404738084,0.7056881098744456,-1
-0.3704954457691121,-0.5384712713852516,-1
-0.0062628886865897,-0.4326748949475051,-1
-0.6178936852415494,0.3115810931107247,-1
-1.0008049120682725,-0.5618541565726183,-1
1.1673770181955552,-0.475932395263159,-1
0.55330499124314,0.1570029739384138,-1
-1.01723657658201,-1.159644485188185,-1
-0.0021296294336249,0.6347763523892317,-1
0.8639606198319518,0.1001845562525162,-1
0.088956259504758,-1.3916437535953166,-1
-0.0843853420574091,-0.5242390947634176,-1
2.2370150197794865,-1.0128848782447557,-1
-1.5902587835375768,-1.1900227109197743,-1
0.2215140077156925,0.8488125557075493,-1
-0.0634174764910207,-0.2852782519542994,-1
0.4560998832134469,-0.2829100642640674,-1
-1.6503768223393924,1.4720240329611052,-1
2.666084495325613,-0.4589939980525749,-1
-1.4503487562297643,1.5463441184253093,-1
-0.8166763116210627,-2.053103049840385,-1
-0.9428159083717522,0.2564432665507784,-1
0.3365269096029408,0.5579326004382167,-1
-0.7833704315230122,0.543328305631895,-1
-0.3882274041325387,-2.359644845301637,-1
0.3736779839637906,0.1032091631521873,-1
0.0439051726150227,-0.162818002922819,-1
-1.8206391887240607,0.9758518971670612,-1
-0.3412112086144263,0.4638421705899887,-1
-1.1981707070349985,1.443759005038654,-1
-0.8214054350943308,-0.9645629705840156,-1
-0.6644101538800645,-0.7871578975952607,-1
0.8386320945228847,-1.8306341739947676,-1
1.974970700668691,-0.1595735592121728,-1
0.5214144302120995,0.2158737977825639,-1
-0.2129297889947063,0.9950079304986876,-1
-0.1911673764385056,-0.2916605613523133,-1
-0.5516130638260176,0.2564276013307192,-1
0.3083348490606268,-0.5575233623666909,-1
-1.563292200293896,0.0111160827158922,-1
0.3546140687737314,-1.909287096693866,-1
-0.6145480638707388,0.2357976016669051,-1
0.6764732649063999,-0.0086823786936364,-1
-1.2246882496481424,0.1313609062229375,-1
-1.0660686430021702,0.6074652964426356,-1
-0.0337939629056327,0.4789671333544576,-1
-0.8430572744559187,-1.2115518431774746,-1
-1.144687334561158,1.961455144490205,-1
-0.0409078943503189,-0.2157568323011681,-1
-0.1975208253434795,0.4981802006731128,-1
0.6960049601958104,0.2284071545128827,-1
-0.0492568176940468,0.501700770961545,-1
1.178416171439597,1.1614335244719267,-1
-1.3512327145121836,1.032260519777101,-1
-1.4729695351323695,0.8467352949130014,-1
0.2439774112418353,-1.6084039254756637,-1
2.33535785946882,-0.3231212283392334,-1
-0.9236948915765708,-0.8955660002855949,-1
-0.0878037238499156,0.9095017412252036,-1
-0.3905093570117803,-1.3472360652865227,-1
0.6713938436360517,-1.3472570106828683,-1
-0.5451795317726932,-0.1959232827876637,-1
-1.0512985673296649,-0.242401757596367,-1
-0.6447355190680985,0.2596749529724937,-1
-1.362184881080026,-0.6597932147379043,-1
-1.613785306191898,-0.9940896036311402,-1
-1.4046070761691745,-1.354467621187848,-1
0.3271909864284653,0.9943555736144762,-1
-0.5589970856835474,-0.4191388322135571,-1
2.720187682474073,-1.076705935947423,-1
-0.1315320231696302,-0.9890080077314514,-1
-0.1301680639509574,-0.9538374389073346,-1
0.2409521970172182,0.0613629460649616,-1
-1.357382843197453,1.5938286879610544,-1
-1.8426993106865297,-0.3616828976855988,-1
0.1673256062170905,-0.3439795821376279,-1
-0.1553269139427235,-1.2594887706743996,-1
-1.0127178122517986,0.8168561181413989,-1
0.1420291575039635,1.0574524241364582,-1
-0.6660403453044411,2.589997556898629,-1
0.5861129965713588,0.3752108865783166,-1
0.2614442861583249,-0.4038409870648539,-1
-1.0617131942449924,-0.3854074868253903,-1
0.506149215078207,-0.1380212709615197,-1
-0.7384851117114525,-0.2971168404911778,-1
0.6435807986110229,-0.0415536140737328,-1
0.8928854641368456,-1.1548720449497438,-1
-0.0593050128362302,-0.2207030038344578,-1
-0.1755954310495333,-0.9717097275995894,-1
3.3794804716335243,-1.3132996573412743,-1
0.5446160380857252,-0.8833121191322215,-1
-0.5965418769756774,1.1242166548437522,-1
-0.7330931498051476,-0.0120343462874127,-1
0.0562399580866435,-1.3114575939163895,-1
1.0987207580652176,1.1146152371636722,-1
-0.9081581034357796,-1.4371702994571316,-1
0.2048340172983724,-1.2083563969225362,-1
0.0724928522303682,-2.169089995712941,-1
-0.8214145301470429,-0.7948183025159153,-1
-0.4185622322830558,1.0336226127402914,-1
-0.7225901036515506,0.5795622205344336,-1
-1.3641284407272438,-1.7133892290853008,-1
0.7110319074612195,1.9928321417435837,-1
-0.3024777397822078,0.6705365949938006,-1
0.8975059963409608,-1.5311341927121942,-1
-1.8091784840272125,-0.3093063223967177,-1
-1.0979586546698203,-0.6583219650364985,-1
-0.7873394062918564,-0.0361617104499954,-1
-1.1044529869679902,1.988798900304072,-1
-0.9099325371290872,0.459059169998975,-1
-0.2410600863097878,0.7244351970408287,-1
-0.864500582612301,0.9979173610937844,-1
-1.2553182559160772,-1.2456124407126203,-1
-0.2422076664051245,-1.351511499593944,-1
-0.5637904980930903,-0.3061308447841232,-1
2.793380217860961,0.4623197994462181,-1
0.7817167375693239,-0.0541142389189425,-1
-1.024109924397465,-0.9336829792616576,-1
-1.5625312982064874,0.3389267403774648,-1
-0.1728487787231815,-0.2888296306571284,-1
1.6702105151172983,-0.7794959456073562,-1
-0.4498102011158433,0.1385819255043963,-1
-1.6249405889598505,0.8626280940184429,-1
-0.9109475755009552,-1.3085822088830097,-1
-0.242035255779379,1.4481172189355656,-1
-0.8222181721895673,0.9005557002123039,-1
-1.419503803400563,0.3792626851774688,-1
0.2040603159387201,-0.0594715512225357,-1
0.5381308008402674,1.5940640781402486,-1
-0.5927472149743302,0.9371738582198832,-1
0.5648878398643702,-1.321287927481025,-1
-0.4986924044216738,-1.2549737085537571,-1
0.2446831936495817,1.0625328259177944,-1
-1.064546838827353,1.2630866117657804,-1
-0.0618534817244782,-0.3281835116976621,-1
-0.7862516074982924,0.3735223238871873,-1
-1.1082367018068595,1.3526216112131042,-1
-0.2911522323335636,-0.8856717894988478,-1
0.9398665079865852,-0.4696265427360903,-1
-1.425216721816452,-0.175145103799818,-1
-0.2891191547212949,-2.032801108205197,-1
-1.0946817056339002,1.0898753876133085,-1
-0.7022130453075731,0.9591257341427188,-1
0.2201871078869521,-1.3578987860160572,-1
-1.0275841792526186,0.8473431974590173,-1
0.490154211470459,-0.5271294714150423,-1
0.7218285507623646,-0.1254148460836685,-1
-0.8769647049192638,0.476338396187365,-1
-0.6329081785785113,1.7156175261648512,-1
-1.4227337704069536,1.774023498186824,-1
-0.9108109957226672,0.8453670965956167,-1
0.3596258664039845,-0.0164273030805618,-1
0.2452712655635485,-0.2525311649306631,-1
1.3522463486992904,-0.4785018617826111,-1
0.8495668243682875,2.1967496496562706,-1
-0.7908675522841974,1.2707703740521918,-1
2.383055682920769,0.8302204513760281,-1
0.353733078891301,0.623058348176601,-1
0.5110869995723747,1.0619927113430243,-1
1.1039188345685182,-0.910244885751878,-1
-0.3934904487511984,0.1822452864140674,-1
-0.9121302330607648,-2.034367565568833,-1
0.4781319666347949,-0.4319820182069384,-1
-0.7652928369846159,0.7822278347644059,-1
2.0355054379450146,-0.4082569482748625,-1
0.2062973429177925,-1.547815076220433,-1
-0.9628960106924463,0.5052422866463226,-1
-0.1660975748321078,-0.3216584547279959,-1
-1.1796215039418334,0.7090833376880651,-1
-0.3571652445931163,-0.0832587997333803,-1
-0.809793115369911,-0.4529684708351805,-1
2.729879973457893,0.5586298687202021,-1
-1.636696397570217,0.8659483622316565,-1
-1.840188524755505,-0.2464063852265414,-1
0.1582696719231411,0.519761455682,-1
-1.0537501955262076,-0.8551603760614713,-1
2.435473954340971,-0.0919873501164586,-1
1.0062479283649337,-0.3961306302653664,-1
-0.028858364356519,-0.8201382897135727,-1
-0.1055784221684577,1.1115128276986104,-1
0.5573615818352834,0.5688635627903091,-1
-0.97282855147021,1.101815833415856,-1
3.0352013653128127,-0.7840318015482507,-1
-0.8454114383934656,-0.1658438039408427,-1
1.1116025977897614,0.1885249133685042,-1
-0.6332553215194504,-0.6937899350509381,-1
3.465236495728123,0.3726757948367722,-1
1.2876304709811313,1.0420162626817746,-1
-0.1724147733419279,-0.0428923496711661,-1
3.394649055675114,0.5896859795741136,-1
-0.9788968246810716,0.1356819889869068,-1
0.2368688706303296,-1.165921723905917,-1
-0.6355456902723196,-1.0041985875948127,-1
0.7497359051902484,0.2096411649791209,-1
-0.2264997703849631,0.2353302520874813,-1
-1.392306065415651,-0.4817632045559222,-1
0.018340435566832,1.9839166059928937,-1
0.8142296389840256,-1.1177442776296052,-1
-0.7328833400254814,-1.7524169435500816,-1
0.0416909231595845,1.507022088341432,-1
2.5550483104815607,0.9500691257310142,-1
-1.5299402955688952,0.4341660125243866,-1
0.0556156357775229,0.5146810539006639,-1
1.0084253780618273,-0.2302379792377371,-1
-0.3849686452020426,-0.2719581565156293,-1
-0.7262775271621055,0.7627649061648498,-1
-1.5079395353605027,-1.051315924940022,-1
-1.820554727756903,0.7905152199072548,-1
-0.6186610768889197,1.495880438870348,-1
0.8697319370195302,0.437955866977636,-1
0.7684735230695285,-0.5640145253507338,-1
0.4080741941442552,0.9632870346878246,-1
2.2797881918447995,0.6163421388236999,-1
0.2215420462568131,2.3354193045030804,-1
-0.070779529819695,0.8811179966986721,-1
0.30904636764535,-1.3945373673942607,-1
0.2696197001495262,-1.271611138210508,-1
2.85210667252198,0.6428070338382109,-1
1.3169692784520892,1.025861696248414,-1
-0.8093264840293267,1.8005614613488674,-1
1.9401068402045687,0.5878512805879195,-1
-1.4876487900934494,0.1670596835748059,-1
-0.2596242746202498,0.4366869623804156,-1
0.1234077933844791,0.4458068625315511,-1
-1.0169063952040198,-1.2279678737865682,-1
-0.2551231510320719,1.428018816522916,-1
1.0853826847991768,0.2886136283832401,-1
-0.8410279510951671,0.3278901615866627,-1
0.0449045521703171,-0.2017248061784593,-1
-0.4794153947801134,-1.1330568112443662,-1
-0.6102335827426189,-0.5990824117312739,-1
-0.5473393407275535,0.6233528153717909,-1
0.2491023077757435,-1.118552633826933,-1
1.7979227321075602,-0.7653176316134892,-1
0.3909746341995885,1.0072627884060623,-1
1.7054344476102967,-0.762112842857037,-1
-1.7292160052804355,-0.467256832533429,-1
-1.037170534492022,-1.463015385878608,-1
-0.0678801637389909,0.7114346423071791,-1
-0.3646383648680003,0.2851460297566092,-1
-0.5928610172289843,-1.0352788809923892,-1
1.697468164219677,-0.1421631883469624,-1
3.214458656147184,-0.0006431799210515,-1
-0.6062860029673254,1.6818101786340194,-1
-0.9479797906092586,-0.8967946881786467,-1
2.149298752698215,0.5787144973656659,-1
-0.398198177230916,-0.4306172086129664,-1
2.4548073864085693,-1.6420138788624052,-1
-0.2348657851073339,-1.3570389791601736,-1
-0.1868483078921756,-0.6055546723479379,-1
-0.4868169831757766,0.6946108596511948,-1
-0.5006008124005192,-0.1703282092231813,-1
-1.2708107973357834,1.264488704068788,-1
-0.7636029940741607,-0.7607609421280893,-1
-0.458255285972192,-0.1312444612580793,-1
2.593891543513614,1.2835723016212597,-1
2.2174977603439827,1.0971075758830116,-1
-0.7551265359728707,-0.5341450600210896,-1
-0.7821826371816022,0.4654414793969888,-1
0.3731327818206335,-0.7728155216929518,-1
-0.964428342482045,-0.4839130129814652,-1
-0.8263618292416192,-0.6683335467328803,-1
0.321199801426122,-0.4729416823491109,-1
-0.7181266630205957,1.578690079272787,-1
1.137161728476669,1.3818370455700142,-1
1.0146599677142547,-0.9771428246814968,-1
0.134331242232116,2.1438159488781148,-1
-1.3655609924970988,1.287137519057418,-1
0.574721767624371,0.4526085268712874,-1
-0.6585824142664486,-2.121330012925479,-1
-0.8939570263731382,0.5164740389121505,-1
-0.0846686156097702,-0.8013603941327926,-1
-1.2598704611290978,1.9518257866026036,-1
-1.4439771172193667,0.4170140202636827,-1
2.5329764879736296,-1.5600863364066413,-1
-0.6102581325923104,1.0846129125223174,-1
0.3519298532738882,-0.9631596841626554,-1
-1.8725170494389105,-1.0674003572209834,-1
0.2143346088242423,0.6161561959983479,-1
2.185345270722146,0.5570750142513975,-1
-1.0666710209543495,-0.5924567153469978,-1
-0.1115550415012004,1.8233935437655049,-1
-0.6522995398381166,0.945905974966472,-1
-1.0640355653899016,-0.5396640222637136,-1
0.9995331046847078,-1.0422804784668998,-1
-0.8347367349971078,1.2295407284106812,-1
-1.302743548958549,2.021886102979446,-1
-0.4822581344151857,0.6851819554149051,-1
0.4393427545556232,-0.4592951171825014,-1
0.2000991334762128,-1.4798889030490745,-1
0.2807244506560263,-0.2642168397256513,-1
-0.9795992482130828,0.8029513259463762,-1
0.4685257731997959,1.5711229905614892,-1
1.066730077250445,-0.4477254438699958,-1
-1.194250696221143,-0.2983297115880772,-1
-0.9105498205148556,-0.5515702709284511,-1
0.8111685939119511,-0.0936568191398629,-1
-1.0134424639440534,-0.0220291964887698,-1
0.0341202088100107,0.38486427543349,-1
-0.5252065881590829,0.7708342809834541,-1
-1.0480132766240176,-0.6597898260144918,-1
-0.6462324395579363,1.0729531364150682,-1
1.227884470313743,-0.2153817801215478,-1
3.176355529604365,-1.00921169736662,-1
1.8301531133528848,-0.1102282166936949,-1
-0.450180541128113,-1.2955680319582674,-1
-0.5241637152656884,0.7045835703378538,-1
-0.6991869478842776,1.1172956002981205,-1
-1.4457146213384355,0.3096067321241043,-1
-0.0888460473799196,-0.3489056334524804,-1
-0.6497629013110251,0.0486698308484856,-1
0.4571278506732526,-0.1598682040474603,-1
-0.3134357167309266,-1.0019692367270985,-1
-0.503876458690064,-1.2473428941964408,-1
0.140713408857295,1.3480198350211308,-1
0.8099944820414631,0.3354712414294972,-1
-1.5417337871364842,0.4452822853334535,-1
-0.0959622504820681,0.7665998885581097,-1
2.9290235609936617,-0.0050066739942494,-1
0.2215680286685738,1.155002632622232,-1
1.126325346088941,0.8408566173167398,-1
0.6313577592646963,0.4125152954557308,-1
-0.1744673438059958,0.7725436374948357,-1
-0.1808794010820613,0.7352084202030248,-1
2.924469299651281,0.5254081326445947,-1
-1.2714482527524356,1.4147280322281035,-1
0.7387020129636925,-0.1226145722267875,-1
-0.6072989852098336,2.5811922204284143,-1
0.2500165471847951,0.5204393408043225,-1
0.4906954553425049,-0.2850323014225328,-1
2.786950100295166,0.596569902986803,-1
-1.851366035683701,0.1041566608334038,-1
-0.9748682726300488,-0.9390641709567292,-1
-0.4005653444603006,-1.2287125043378777,-1
0.7879611756574483,1.0250770005690295,-1
2.9259604597922277,-1.6479426361808869,-1
-1.3781798049040657,0.1628150576817818,-1
0.2797836794718233,0.6018659428472259,-1
-1.0401951993532483,-1.117906599661267,-1
2.941344194414678,1.0314870588742189,-1
0.6182204805093179,-0.772407769646061,-1
-0.2854770766586059,-1.535184468798917,-1
0.917716868059066,0.3935639954649949,-1
0.4824445956531489,-0.6133866139583811,-1
0.2986864650339029,2.1441082214682443,-1
-0.6901751360755273,0.3938400823185276,-1
0.8784064543230381,-0.8688110272860144,-1
-1.5285309909023568,-0.2114827436881927,-1
-0.3339219157074478,0.6554032664818195,-1
0.502648224428308,0.8275808246401718,-1
0.2695853018641379,-1.4140118988886483,-1
0.3646812074043233,0.4694680949657682,-1
-1.052501267104664,0.0247776395007462,-1
0.6842114686282211,0.2395234273219494,-1
-0.5318493305966974,0.2592891888642076,-1
0.6614867359066583,-0.6064420504708993,-1
-0.413464071543893,0.7080498232700387,-1
-0.8919752344053063,0.2376159633404093,-1
-1.0464012011011647,-0.2090530907452601,-1
-0.2095322028003742,-1.4416089047068288,-1
-0.8852422206196567,0.5442764754057423,-1
-1.5318519826397672,-0.6076781036247558,-1
-0.6467295609447832,0.6905704465825236,-1
0.4760143482716596,-0.3112324951139916,-1
-1.3062193105796718,-0.1887692262995428,-1
-1.4084381183813697,-0.4884461522915781,-1
-1.5967993444822912,0.3099807417614653,-1
0.8522424941788089,0.0957088198698764,-1
-0.0910792403237665,-0.3354169590518607,-1
1.2733261934825175,0.9378560230317842,-1
-1.801954159235593,0.3992847822952667,-1
-1.1843226630778811,-0.2041726878869557,-1
0.0408474122147834,0.7110726902929299,-1
-1.754113600280682,-0.9581290589513526,-1
0.0525746329206383,0.5458037586074692,-1
-0.2554845258073235,-0.0079717937040434,-1
-0.0294223059684907,-0.0320155530992271,-1
-0.7634391291377365,0.8839543591462362,-1
-0.4482174886290958,0.0897213139294759,-1
1.0741096415054587,-0.4610489280320787,-1
-0.6822004368112802,1.096707860367442,-1
-1.123302634775867,-1.0751900390982911,-1
-0.6125441235263717,0.2513777048115934,-1
-0.9970224999757782,-0.5968595351581983,-1
-1.046642753641483,1.3516735930153505,-1
1.117805314865843,-0.570131830273509,-1
-0.7135061308164806,1.2024279315103368,-1
-0.5575111123561874,-0.4091969299412952,-1
1.93930244477906,0.2873845303163067,-1
2.697468290553705,0.5941552416621146,-1
-1.0333087184302618,0.3320312140699439,-1
-0.0763837771827227,0.8261487491006754,-1
1.13214727532168,-0.4737675952193714,-1
-0.2432297437003448,-0.2823847897314486,-1
-0.2369261478777385,0.2993243437504762,-1
0.948557986853042,0.701337412814432,-1
-0.4467346701578765,0.0819559661719265,-1
-0.6403416339707126,1.2548469181084465,-1
0.7323361843341717,0.9871676231407324,-1
0.0041952315668378,-0.3170130731084416,-1
-0.4562163181953378,-0.0862052098853262,-1
-1.0293964999227434,-0.569130166812139,-1
-1.4809878575504112,0.3391154395578517,-1
-1.0442894729026149,-1.521971183917309,-1
-0.7636594165001982,0.9111824839272484,-1
-0.1053217545951481,0.4053060306451971,-1
-1.392508632252371,1.7423501422853829,-1
2.804527838138271,-0.7213745777625217,-1
-0.6748612908219339,-0.0832809392480784,-1
-0.4930659288984026,0.3061501906338774,-1
-1.1032887235331987,-0.26642524519702,-1
0.4262719506815731,1.8304333149152168,-1
-0.4646328651791611,1.1855375550014586,-1
-1.0730550396892946,0.8568148161567225,-1
0.4086843644027716,1.3222817107328098,-1
1.0533270358690452,-0.7566970438502741,-1
-0.8037709409899001,-0.8018560543693668,-1
2.426522603013078,0.8051687295336349,-1
0.4105704144056794,-1.1006144248835994,-1
-0.7140804702275396,1.4891126685162348,-1
-0.5263508093786845,2.0330936727016087,-1
2.559887747518054,-1.336320287362205,-1
-0.4361379882007011,1.530187660539075,-1
-0.2285077487841496,-1.6258938387830453,-1
-0.308846303720173,0.6058574703120297,-1
0.7244017735198982,1.6188691758490603,-1
2.7014649700283813,-0.492342816479775,-1
-1.692893326831396,-0.8634097811607633,-1
-1.4099313346516755,-0.982118804142476,-1
-1.213367878981099,-0.6211752953489811,-1
2.601479564769933,0.2383040406969742,-1
0.5557221413705863,-0.5843556411478308,-1
0.5480924788859328,-0.1652188904803216,-1
0.1462038539656686,-0.5694636565931448,-1
-1.7032500245547164,1.3133225695545392,-1
0.5545617119710206,0.1960136537559834,-1
1.1779496198827215,0.1196200651610879,-1
2.2298147752578763,-0.8687967489938382,-1
3.284019641086164,1.3742999003709522,-1
-1.179499360017452,0.5159506558324054,-1
-0.2957707084083188,2.157613778939982,-1
-1.0613220086025623,0.671997981677155,-1
-0.3507766384399613,-1.0115444288345463,-1
-0.8954611898059223,0.8460214727760891,-1
-1.585423100752601,-0.7898408005425072,-1
0.625451165045205,-1.4080226530714677,-1
-1.2025204196151993,-1.071318968114348,-1
-0.85363110468556,1.0101158823486514,-1
-1.0820961927855408,-0.5775190823357639,-1
0.4500193100617468,0.2826139975222863,-1
0.6866840222386321,1.6872540297001442,-1
-0.0551368059344868,-0.3355090811428651,-1
-1.1748586557824534,-1.0211802610167866,-1
0.4258942379106634,0.0804566231777214,-1
-0.8102816910674365,0.3195622565874587,-1
0.8949992484647555,0.199233282554587,-1
-1.4282122494097769,-0.992745739433514,-1
-0.5304296281310715,0.1150784322600756,-1
-1.4425886081510022,-1.2315107351657917,-1
0.7501920589480371,0.7500166246815124,-1
0.4451090147453092,1.893864849336557,-1
-0.467009676824648,1.881845012667932,-1
-0.5287088815553571,1.0652537089085976,-1
-1.0204392584302648,-0.2741176763831304,-1
2.6217766697812537,0.1124736610944113,-1
0.9231300951432276,-0.854852069310838,-1
-1.1638156685031855,-0.8586691918789784,-1
-0.4093879880999505,1.4516037436622813,-1
0.7272099850538883,-0.1738663361845462,-1
0.4351250343355001,-1.3414096872594314,-1
2.3150619774201653,-0.7378246539333316,-1
0.1067427881844565,-0.5889381880875325,-1
-0.0008834363205257,0.3402530479021584,-1
0.389613206269766,-1.1739452986918797,-1
-1.0934874217325286,-0.5001214420427931,-1
-0.8515329791742238,0.5576730277153575,-1
-0.8719608535829558,-1.4899938009548126,-1
-0.7956306044631715,-0.3194648655660724,-1
0.8842337243569718,0.3333914155802605,-1
-1.2975421877834137,-0.1531707852100979,-1
0.7512336290950566,0.0125832463593644,-1
-0.5582289906851783,1.772023063203665,-1
-0.6483177657970289,0.0487004876867893,-1
-0.4302348826726389,0.1804235360171507,-1
-0.402262560129396,-0.0015504617202136,-1
-0.4384592606188291,-1.2733850455458164,-1
0.2943738860475345,0.9458923290426734,-1
0.6409375507402378,0.7465810285876311,-1
0.1895350774783681,-0.920527946218137,-1
-0.0455116690110792,-0.6822626730476611,-1
-0.5972450538906734,-0.2043547611966105,-1
0.6040605750953287,0.4364539604379264,-1
-0.0883085077274053,1.200142371833502,-1
-0.0132102996701158,0.4800612878472764,-1
0.4830196884471925,1.0957694020355528,-1
3.38879580322942,0.5679002085886871,-1
0.2556663996270766,-0.4412187672419869,-1
-1.5205465174063129,-1.1709217343344678,-1
1.054138000638224,-0.7566238241266483,-1
0.0758315644935207,0.423990586283914,-1
-1.063133026526312,-0.0732927149174535,-1
0.0541627079571902,1.355577732807008,-1
-1.6833195553361335,-1.5536086028041602,-1
2.109740092842313,-0.9313226765266532,-1
0.7283893579418628,0.7021157857752709,-1
0.6541825375660908,-0.6087105755005228,-1
-0.5243261476400433,-0.4368530785637288,-1
-0.0894365949709428,-0.544110993260923,-1
-0.5075376957692641,1.0759419578762428,-1
-0.7272268440356299,0.4739342714825431,-1
-0.1826604783229389,-0.5565714334198026,-1
-1.05056044276589,-0.0960876662011482,-1
-1.51119480559957,0.0312994593230928,-1
-0.89858535088359,1.7336635224192485,-1
-0.9844250825623624,2.2288655005008406,-1
-0.0803105613598418,-0.4518678420477229,-1
-1.1403123929521808,1.3002756927625267,-1
0.7087841488477719,-0.1728571558862782,-1
-1.173930813686188,-0.2426635249242861,-1
0.2588893277101153,1.0007885084931376,-1
0.8419745610375542,-1.924124915468398,-1
0.1846481090489551,-0.4524386134607965,-1
3.166601889012308,0.8748805645112272,-1
-0.2689823461712606,0.5786717568402461,-1
3.4982167076624933,0.0700135876830685,-1
-1.0882704017408191,-0.8686301480947123,-1
1.980519754148156,-1.2498810715092117,-1
-0.678869670842073,-0.1694035483911841,-1
-1.7011506760807131,0.3203459097245839,-1
0.6928991190392606,0.6086558527160372,-1
0.058840466002313,-0.0764075761879616,-1
2.577839913460234,-0.7540913111000409,-1
3.366410217122865,-0.3482293105668405,-1
1.985499809017757,0.463322808602034,-1
-0.6485516558467044,0.9364038510065564,-1
-1.1151191446750266,1.7483277852077317,-1
-0.2449463224055455,0.4451799060420631,-1
2.965841508719783,0.6346984848576974,-1
-1.1700438984113457,-1.4559703345526096,-1
-0.6623990206247369,1.0917734433050772,-1
-1.61258370514368,1.3880471699183148,-1
2.7848843967235664,-0.2638934295049336,-1
0.4803983849333487,-1.1421566149097704,-1
-0.5856686948294048,-0.1705356591948535,-1
0.0472366919672147,0.5669113413183868,-1
-0.2934809632227404,0.3042776631802196,-1
-0.5627885928287538,-0.2143887855598768,-1
-1.2834945778581088,0.6571962514933061,-1
-0.2484940910653796,1.588322674307708,-1
-0.9743028242521076,2.264494598428589,-1
-0.3315833363825744,1.2915498987344831,-1
-0.4604997599138045,-2.447130524161934,-1
-1.0058087634045805,1.4044780405695594,-1
2.955428733914221,-0.1617826620180625,-1
-0.701631462953568,1.1561717467154569,-1
-0.8694923380273644,-1.8879071863024568,-1
1.9620504246039392,-1.2215279838209836,-1
0.6090138941701844,1.3342337594301883,-1
2.910367798588789,-0.7590529962772966,-1
0.746032063900327,-1.1328587037742075,-1
-1.2211710508182791,-0.3523510925644131,-1
-0.4091372106912262,-0.4467716234702341,-1
-0.4845519176555836,0.692874083448829,-1
0.6299939298617174,0.2094407113278089,-1
-0.9299476713344222,0.1908281812943653,-1
0.1387489237962085,-0.5405481632393556,-1
0.2207499507721428,0.5032946480161655,-1
0.2949313380995447,1.6698795958495238,-1
-0.811215473360273,-0.2715025614071302,-1
-0.5454719003777663,-0.3032999140889385,-1
0.1910561282702009,-2.260747383894824,-1
-0.9263083285801778,-0.4860164993486452,-1
3.1307768813135057,0.3287581176478221,-1
-0.3219830331121608,-1.9037236801130464,-1
-1.3312137462716234,-0.1743633421155664,-1
-0.9867441690354364,1.924412199788524,-1
0.3374944165818892,0.5072738989843227,-1
-0.0865723063547113,0.6363669922965327,-1
-0.6181262725448498,1.87046712410704,-1
-1.752474239599693,-1.0166263278864218,-1
-0.699816610994593,0.4266075927127877,-1
2.972638058058722,-0.0789496642498666,-1
-0.8077890952418356,0.7743281051827167,-1
-0.7417715753477812,-0.7188154550534055,-1
0.9552806028396046,0.5065599252713172,-1
0.5551458998177758,1.7354250016818171,-1
1.1951389018120329,1.1954178167122207,-1
-0.7102059346772442,0.5957472922300049,-1
0.191944515083186,0.3907572473134751,-1
0.4321074826015259,-0.3446661361596492,-1
-0.0874150639165279,1.8362583472478624,-1
-1.4898646761305507,-1.986877715856802,-1
-0.0506696110520146,-2.022952545874998,-1
0.3142297427346557,0.0903939188755119,-1
-1.703497801094908,-1.470714139783264,-1
-1.0185664772792828,1.3160562495585264,-1
-1.1881822931945876,0.499900117537067,-1
1.0818096129066663,1.1196109679026445,-1
-0.2121688869072975,1.32281858816026,-1
-0.8772006510982991,-1.3029816611692475,-1
-0.8384755239358079,1.0692981843024965,-1
0.3561412137497438,1.263160874031665,-1
0.5593179907867308,-1.2338564144008817,-1
-0.2176483848531933,2.4170819940596995,-1
-0.2288259699852894,-0.7207578135072763,-1
-0.199207643213488,2.2267802428992245,-1
0.57759241598487,0.2888805243113523,-1
0.3880693779542989,-0.0152224272815468,-1
-0.7314615814304954,0.7703957205221662,-1
-0.951722333799476,1.6295340911836549,-1
0.1240387592411697,1.8076775377934315,-1
-0.904356198491486,-1.1404823465023644,-1
0.2095861223148689,1.2050989284105649,-1
-1.549269893601268,0.5093376906730559,-1
0.8155377251400513,-0.7352883680734346,-1
0.2190987597299976,-0.4429247350299559,-1
-0.341682896952903,0.2257008941998796,-1
-0.1198048024637752,-1.154276939416912,-1
0.340035013380092,0.2439652697189659,-1
-0.4331621574787695,-1.3044038736906924,-1
-0.8776782796333469,-1.353671019461445,-1
0.5521359363705446,-1.4292576212861647,-1
-0.7649096476681171,-0.6399381993115169,-1
-0.5457883992848341,0.1162647088438988,-1
-0.2299625287142482,-0.1315217422299645,-1
1.0781063209801356,-1.5475469861739684,-1
2.9000506359324576,0.7564079321954164,-1
-0.0957914764379859,-0.2575488836082401,-1
-0.4855766004435544,0.4196354579582284,-1
1.35092609241812,0.5027961195727162,-1
0.5372156782325371,-1.8728646341870336,-1
2.79904046810233,0.0020996910083564,-1
-0.9235441597476782,-0.9267500186690076,-1
-0.9767089771850908,0.8030126396229836,-1
0.9754022221527474,-1.2248899500173578,-1
-0.4092094217495313,-0.4134723642487163,-1
-0.6349401074320135,-1.1661898139523816,-1
3.4343766374653324,1.72904979894682,-1
0.8978660683698374,-0.7663262501617825,-1
0.5288504168931509,-1.4693931124348567,-1
0.3591653292475795,2.2427101731376085,-1
-0.0417479963873995,0.9468793698262434,-1
-0.0042830786442176,0.109846462431295,-1
0.3128963533459538,-0.604207419426899,-1
0.4119611094190974,-0.250019774940499,-1
-0.1256878657766477,-0.7974775686779245,-1
-0.6496218138982349,1.5118885658564574,-1
0.2017762568981331,-0.3344657037067873,-1
-0.3793252823197227,0.2784937388592572,-1
-1.004248597093455,0.5597412506697625,-1
2.04310528956249,-0.4488085572179576,-1
0.9337403797876168,-0.2670956134824444,-1
0.3618604919099005,0.4733626748915613,-1
-0.8454368214098501,-1.689705705560292,-1
0.3240224988460043,-1.298215695225445,-1
-0.4426847731452889,-1.3145722798780983,-1
0.2191468404863079,0.0507172599826383,-1
0.2200512814916487,-1.5160073384948516,-1
-0.3644375703573377,-0.0737754265647502,-1
1.3042745507672855,1.2417893293877682,-1
3.498720188793608,-0.8918097106017775,-1
0.3961472776545189,-1.1618387479519237,-1
0.4611436034520318,0.2420811393704765,-1
-0.729874679324625,0.7410830117413526,-1
1.0486175350632705,0.4956323516426372,-1
-0.0879706638587723,0.4587956627942756,-1
1.2707479137270914,1.2089606568929938,-1
-1.0101766660902052,-0.7711105964472419,-1
-0.2751656501792512,0.4573053591493978,-1
-1.3094143299372838,0.0237342620646685,-1
-0.6278679470313557,-0.9296933432497274,-1
-0.5614474111337152,-0.3607147830021139,-1
0.229362105453042,1.0559230979057643,-1
-1.422686992397019,1.596482825522871,-1
2.490143139230762,1.1692013960507277,-1
-0.6957471710982204,-2.017847809973904,-1
-1.2325513326027897,-1.0981735379862791,-1
-0.9200366053339176,0.0839407359350258,-1
-0.7157655899753905,-2.13588203340452,-1
-0.7075580993882491,0.3285985519711954,-1
0.108046286922272,-0.7274681809339164,-1
-1.6955040285265583,0.7206010398254771,-1
-0.9814316110983972,0.3794427154581566,-1
3.4933868352583946,-0.3497162254883055,-1
-0.750034315430279,-0.6722659313934306,-1
-1.006185043613421,0.157780001204807,-1
1.0486225920611625,-1.5197563041513014,-1
-0.1955202939068333,-1.4448252963581127,-1
0.4512012142385714,-0.987441398791722,-1
-0.7181910817725641,0.7710620027496569,-1
0.065234882536345,-1.0242411080832343,-1
-0.7931049130985577,-0.3934809239692221,-1
0.4636134217539984,0.5153504216993806,-1
2.6455117792525744,-1.2833082382602303,-1
0.3103011862314791,0.6775692182470593,-1
-0.9183127039020622,1.0518232626133592,-1
-0.8518253477792967,0.4502963964140826,-1
-0.6144882325369804,0.5224397757874812,-1
-0.9902303284556464,-0.7876811290989125,-1
0.5399904488837178,1.5083386844241673,-1
-0.1123095838443415,0.151376897986541,-1
2.8021859741415627,-1.2073244447411924,-1
-0.2224315534512574,-1.6685913454025492,-1
0.0234546004663649,-1.180264924986134,-1
-1.403410736138443,-0.2774410301675701,-1
0.240061908062482,-0.5570457793195871,-1
0.6791398396642097,-1.9399785404119303,-1
-1.7872872839990603,1.3989018269755555,-1
0.5927038242174374,1.8679688342822465,-1
3.383202503028869,-0.3102891247241463,-1
0.297832006926624,2.1713789091345785,-1
0.6518823945814252,0.7431875406507918,-1
-1.1969648023718724,-0.1853336302056616,-1
-1.87636683111992,1.462768533134771,-1
-0.3115480301463556,0.3989121183523515,-1
-0.9857787181858478,-0.7932699223417496,-1
0.2218136192637117,1.4399199365874602,-1
-0.3743142380724542,0.1755127794727294,-1
2.9184913775721637,0.5661061810349413,-1
-0.5608482380696622,2.201120466934721,-1
-0.4986671011889976,-0.9428282798075166,-1
-0.5054142670252517,0.9356445319891896,-1
-0.9608233980131888,-1.303158454302616,-1
0.5107398566314356,-1.3474147498727649,-1
0.1420238167027686,-1.459374231265928,-1
0.3459759316810714,-1.281498874702616,-1
0.9905940532976534,-1.676782305032109,-1
0.0300727132705794,-0.1967409814865053,-1
-1.6342460721200491,0.8075243130202132,-1
-0.0103005357903245,0.8118159330642312,-1
0.939871769004072,0.8354836397930872,-1
0.6929431617407513,-0.7433461399972068,-1
0.1601838902828635,-0.5844319464426825,-1
-1.5105840859776631,-0.934363949955206,-1
-0.1852609862386084,-1.791621451148231,-1
2.340049170169171,-1.2359612876959445,-1
0.0748737019306748,-1.0197534656535765,-1
0.0659976367335196,-1.3499058680683982,-1
-0.2660348993342462,0.9026303974613478,-1
0.48542652055926,1.0646892602140694,-1
2.339583371995279,-0.2819339940069515,-1
-0.6439941098324887,0.255792279093719,-1
-0.4604997599138045,-2.447130524161934,-1
-0.0681233528609726,-1.5516161646280695,-1
-0.0131940914901516,0.9619513846616172,-1
-0.3713478477470312,2.155822836957462,-1
-0.4348710736933275,-1.249862498358024,-1
0.1239676969416312,-2.187959861808633,-1
0.2300923635065798,-1.4452383285812898,-1
0.6562242406513893,0.610789995921521,-1
0.0731946763670033,-0.1320807591721131,-1
1.138363125505293,0.4434749807963533,-1
0.289750618534975,0.1476931567558329,-1
0.2796329476429307,0.6330499612306386,-1
-0.2100895008647759,2.534523154986451,-1
3.1167597114024783,-0.973135673230071,-1
0.5838674239029652,0.7086409943210301,-1
2.8074103168599263,0.1196140716587336,-1
-0.5211513003133149,0.5115122021588014,-1
-0.8168575334962177,-0.1507717891054688,-1
0.8379051211411819,0.5203304872182932,-1
-0.7392738483203877,1.2089645913748344,-1
0.7790026314185947,0.0588818424634729,-1
-0.1108917334884814,0.6606415590291456,-1
-0.1427692356158905,-1.0929911510958872,-1
0.7123521637423899,1.0115341603882562,-1
0.0414081989706141,-0.0947572963512271,-1
-1.2737771876612063,-0.7158213534159447,-1
0.6665811423943039,1.7545564835293344,-1
-0.3444015107381343,1.0294275460529496,-1
1.1514482854495416,-0.7108879368402875,-1
-0.0402522488282427,-0.7054854965966839,-1
0.2548301316252215,-0.7534374157118529,-1
-1.4572450855884476,-1.729689780237633,-1
-1.5687842819839328,-1.895177916365691,-1
-0.4344277692397679,2.146828952882954,-1
2.9763736921412813,0.0635856298285066,-1
0.2343426299023251,0.2327524198205167,-1
-0.2277650368021649,-0.9585938449852722,-1
0.5645299537805476,0.4130235353411382,-1
0.4802444482163295,0.2509406416208447,-1
-0.3977991194984411,0.9975773970181396,-1
0.052994332263679,-1.7232449630446594,-1
3.477015081862123,0.5508520928899125,-1
0.7669803067992222,-1.057687177201632,-1
-0.8125812846887116,0.3468022874154892,-1
-0.9286501127931776,0.239750106545893,-1
-0.4087940260213986,1.3287083228929255,-1
-0.137952292299729,0.971338180740865,-1
0.1565334705504473,1.0835368352189692,-1
0.6862511155841599,-1.2079994219323864,-1
-0.0798309508993344,-1.2225579167060667,-1
-0.9579376346196984,-0.612366570155354,-1
1.1785130121313026,0.6561554138700266,-1
-1.433105108003775,-1.7168249767552752,-1
-0.9204914563453312,0.2147479439091822,-1
-1.3452411099621435,1.3428037057212088,-1
-0.0056800035862094,0.4355537853017808,-1
0.0547116643518645,-0.4549689058183392,-1
-0.882615180928836,-0.7257482640699622,-1
0.652907077369396,1.016426166141392,-1
3.230485452547569,-0.8114995541424842,-1
0.419995640017103,0.7394901772289912,-1
-1.454124678762297,0.0692394935896937,-1
0.8088780953433881,-0.2361614563799327,-1
1.1195273641879322,1.0512261140515606,-1
-1.1518421038192082,1.2568199334006211,-1
-1.4534768255465578,0.4204381650388258,-1
1.007533236997325,-0.1951712869755497,-1
-0.6231680108579748,0.5240964875219546,-1
-0.0251454280138856,0.3526169109716556,-1
0.5512360029997057,-0.5532635932793291,-1
-1.3500332994090198,0.9152778879539818,-1
-0.460071360893834,1.1388534979412508,-1
-0.9981297916211412,-1.3382369010357285,-1
-0.7672441889381709,0.5695591561616576,-1
2.752538435317722,1.250442687636657,-1
-0.0991171854093008,-1.0068261306435529,-1
-0.2200435906236985,0.132379949539257,-1
-1.6484807940850938,0.707319966972623,-1
0.139475427598229,-0.3551382662559233,-1
2.891576833355904,0.4925368972644982,-1
-1.6904331529455316,0.904262254559525,-1
0.3099665472509728,0.0570026891390831,-1
-1.1530357085414953,1.354254662429634,-1
-0.9009343280075506,0.5960788905581372,-1
-0.8317959817396491,-0.2548894658701375,-1
-0.9735055419538512,1.9133265838177609,-1
-0.0806855388223073,-1.0273832137359271,-1
1.693327662023766,-1.6933451852623354,-1
-0.7572739652031842,-0.0348103952037287,-1
-1.4653575133897498,-0.5575702049415916,-1
0.1255299193821162,-0.3656732310320502,-1
-0.6582002438930223,0.3175365965183755,-1
0.6013126200226017,-0.9176088041810824,-1
-0.3319778066968391,0.3843411955059314,-1
0.2357175362834757,-0.5552970970702028,-1
-0.2205243740148872,0.0639833412172481,-1
0.3066286681545132,0.6714793330152683,-1
0.2556886277873202,1.064935884347651,-1
-0.2787596474856297,0.4533307147557119,-1
-0.8898589985722545,-1.766032700302294,-1
0.229915099902536,1.0910204470062554,-1
-1.4808943015305407,-0.015965905770055,-1
3.164367263506392,0.3850905865391038,-1
3.468457367681802,-0.8523403501044827,-1
-0.0867512065404184,-0.651151722811781,-1
0.7120181539089824,0.2780260188302049,-1
-0.2986187888445858,1.459025890196867,-1
-0.3899641548686232,-0.4712113804413837,-1
-0.6377808651416261,-0.1693304802436517,-1
-0.8152753486242512,-0.5331663849850319,-1
0.2674917637710119,-0.4405831418528,-1
-0.0638406645254905,-1.1865316033512936,-1
-0.6673490550277575,0.0437968790388216,-1
-0.0974146289390104,0.2828384821411697,-1
0.4443200741167798,0.0794474428794535,-1
3.669333532154441,0.538915035810778,-1
0.1833569102519782,-1.8455665268297152,-1
0.6926339057766295,0.1599492325142664,-1
0.1934064081405367,-0.4519800843571647,-1
2.694319295823043,-1.3667226956374594,-1
-0.9909878716673202,2.2227143015924424,-1
0.8483600865384684,0.6182850590275455,-1
-0.2037113722944164,-0.1069169465963715,-1
2.6429951829406724,-1.3790368479251809,-1
-0.5158596677901441,-1.868429266084656,-1
-0.574533454276642,-1.0342886030615,-1
1.7424861555703992,-0.8422070320210523,-1
-0.9396041314707853,-0.7988282103223763,-1
-1.166955364161541,0.3312070410764635,-1
0.0810226020734692,1.2358985521128436,-1
-0.0803027690535051,-1.292795177792371,-1
-0.8710952442936051,0.9800142639871324,-1
0.7508528412517139,-0.5433842225347333,-1
0.5162259981249014,0.7463311673067301,-1
0.2961281477099584,0.2105316286733085,-1
-0.0310974974969367,-0.6191976972150414,-1
0.0625499136535175,-2.073954448551856,-1
0.8054448081172925,1.3868719504708955,-1
-1.1994773606289546,1.5645817478552262,-1
-0.8287360353943558,1.3703392462866886,-1
2.1676646777868647,-0.9206533299263868,-1
0.4863568939443758,-0.3028315219672551,-1
0.3520085038601694,-1.1289484586283554,-1
-1.001364266262034,0.7472544824442815,-1
0.1465347887266434,1.3580537078083037,-1
-1.66077140703953,0.3360535499491447,-1
-0.5702884488983831,-0.6614080371888703,-1
0.020415783554534,1.349977185093246,-1
-0.4852660417330575,0.1875227531233028,-1
-0.7908389643796863,1.432719037524439,-1
-1.7420328768896205,-0.0581965175384148,-1
-0.0378876870916086,-1.2497555362248685,-1
0.8019326662853219,-0.1448047065356922,-1
-1.4965942012247715,0.8767638451269879,-1
-0.2081396556771903,-1.2444896724104648,-1
0.4652533317983777,-0.8678049325589725,-1
3.369765816745066,1.234179267617267,-1
-0.4237105299078886,-1.8014700134784296,-1
0.1174316436314187,-1.3786869795980476,-1
-0.0650556142093426,-0.7673147882158915,-1
-0.0349767502811361,-0.0789142080275612,-1
0.0533951623222114,-2.1602422479334984,-1
3.130628001594379,-0.2935332816155015,-1
-0.8880162378878528,-0.841086090205627,-1
-0.4332440129531773,0.2232981389222096,-1
2.0845794705244898,0.628217882226227,-1
-0.2349229609163562,-1.6809363061046676,-1
-1.5113533297347992,0.9034108134511536,-1
3.4723073533824054,-0.0620104021371213,-1
-1.2143171958546235,-0.9100059300312878,-1
-1.048239374367356,-0.6130137984393725,-1
-1.3019184321387658,-0.1631740011589671,-1
-0.4906143007018598,0.918908809098982,-1
-0.4762984024414917,0.9839732431607592,-1
3.327033612308812,-0.5530405193210348,-1
-1.4052081513749786,-1.8832069653009331,-1
0.3593497059788758,0.3580861624325039,-1
-0.0344106227241105,1.632082460730668,-1
-0.0141018913712272,-0.8095301052138202,-1
-0.5868764516022965,2.112032393696198,-1
0.4541104287549722,0.668971331748517,-1
-0.2255933974861482,-0.7731532911635361,-1
-0.8575804567869109,0.5944151825033036,-1
-0.3896191180890297,0.6507931482750396,-1
-0.7153925146546765,0.4727292441074345,-1
-0.4321615549608084,-1.8838444821429936,-1
1.1200963627977965,-1.7522852783567235,-1
-0.6915838913786755,-0.285169246792177,-1
0.863816247747327,-1.212837413481462,-1
-0.7892016598280573,-1.2928016520870098,-1
-0.7136219149965944,0.0513546252486055,-1
-0.17844090599305,-0.3279322809896092,-1
0.8891310905854721,0.3667400824313673,-1
1.1025004348492673,-0.0948514614711983,-1
0.29423211945566,0.9752356946617906,-1
3.2165471372424173,1.041316718837039,-1
0.1829508933798595,0.7747234291568673,-1
2.302522568982465,-0.0320951367748356,-1
-0.142645788945134,-0.614941165274999,-1
3.315330392089257,-0.7468088265658814,-1
-0.7719967135023639,-0.687142099151964,-1
-1.404485481608183,-0.2229422177202235,-1
0.2633046875847599,1.5062743722188967,-1
-1.1121802435273336,0.9173730085736492,-1
0.4985779513652427,0.0644790014538224,-1
0.5035767457036581,0.1135354601055833,-1
-0.7334160882401914,0.5400197918896066,-1
-1.420622042208404,0.4611054050147753,-1
-0.8816677161650773,0.2165577882590807,-1
1.130118705343913,-0.0173688469836771,-1
0.7134918773274896,0.4400053391407556,-1
-0.8574978479295184,1.0625539228902332,-1
0.0046832579009727,0.2351142847922034,-1
-0.069481292099366,-0.5625221786768891,-1
-1.4767105100161235,-1.8126266545677585,-1
0.3079911948111168,0.2033712494666421,-1
-1.2150163347147998,-0.392933358345812,-1
-0.636435775207462,1.6978915253437543,-1
0.1005809589537247,-1.1999906871885748,-1
-0.2072851975699113,-1.271760360076799,-1
-0.7610890032550092,-2.0073976678162344,-1
1.3152414187491226,-0.5759483452825489,-1
0.0044953924782476,-1.0505637775518148,-1
-0.954191602738052,0.0316067235314668,-1
0.2054359757028553,1.1483196848865764,-1
0.894059026643943,-0.25934202019582,-1
0.9795187238623572,0.6853292858283224,-1
0.6683841639921226,0.0202756775454748,-1
-1.04157406400551,-0.9637845976231766,-1
-1.7257572052222618,-0.7343323530686124,-1
-0.7243842342162514,-1.176400479872923,-1
0.2591505029179268,-0.3961488590309301,-1
-1.0642271850641438,0.8612292388627547,-1
0.7460047787421911,-0.623624699569907,-1
1.0969233428286818,-0.4911506979696909,-1
3.1541019358578883,-0.2923778134460754,-1
-0.305405693767423,0.6782712859130465,-1
0.2181947883043392,-1.412574694748959,-1
0.6295013958930807,0.3480439238978186,-1
-0.0008307181140195,-0.0247395428597066,-1
0.8897068625586,0.5833339977982125,-1
0.5339247811656067,1.884570175348314,-1
-1.0759003848171174,1.3326882474628978,-1
-0.6340225833511268,0.3226053954048803,-1
0.4761392275044853,0.6700961430796394,-1
-0.4838948395714385,0.7064240715260558,-1
0.850069552116417,-0.7609144016284072,-1
0.8869641685033596,0.534381415708381,-1
0.5824748767797812,0.5115217620246663,-1
-0.7615820865870365,-0.5441363699229406,-1
-1.09586238126825,-0.4572894020230563,-1
2.778547705361947,-0.3168206559884509,-1
0.7395754145593803,1.5064661569705096,-1
0.4687556251946518,-1.1622243604841165,-1
-1.019725134352791,0.2312336539423956,-1
2.624582479842088,0.2978716520308253,-1
-0.0937186597391342,1.2545492137659373,-1
-1.6081048097157455,0.8732243724711771,-1
-0.3522749914918683,-0.7015448977647144,-1
-1.3805657116022645,1.0288671834163554,-1
-0.8273358257805291,0.8944351581422094,-1
0.7299475423275283,0.678758428826015,-1
-0.1446952843367692,-0.9935144009523948,-1
-0.1844837961875271,0.2297957762008911,-1
0.1328313824142394,-1.5378660260517174,-1
-1.238106745826522,1.3363399624281505,-1
-0.0933730235641645,-0.3277248310179368,-1
0.0929877508838192,2.028570244833454,-1
-0.9878477064292824,-1.5035364895594927,-1
-0.0647683026021619,1.355450498879322,-1
-0.0880591628807502,-1.2015116476717562,-1
-0.7971788105974463,1.36208456101111,-1
-0.5474965621164075,2.166646837176399,-1
1.006982977856275,0.9441926839732498,-1
-0.4171347375110932,0.0484845203915115,-1
-0.7072421998765572,2.613312502538656,-1
-0.7340814523822703,-0.964251644050414,-1
0.0613603469860497,-0.1308757317970045,-1
-0.6804655381849615,-0.1382501868460751,-1
0.4675087529024682,0.6248610446300458,-1
-1.1754875655097845,0.2839724843977127,-1
0.0303832719810763,-0.428853686321431,-1
-0.4755926942376455,0.1665071409272962,-1
-1.0400158796198449,-0.9871419545724324,-1
3.130814564270729,0.3209621130519691,-1
-0.8721667050915108,0.8843163111604857,-1
-1.2148760006849944,-0.9255553763376722,-1
-1.4650391623729155,-1.630610245521165,-1
1.0107171793767655,0.5834493256788803,-1
-0.4260002750934671,0.0518661022813324,-1
0.0696287676337309,-0.0290691429472815,-1
0.1976164658700169,1.1031578061606084,-1
-0.6328776087485406,1.0561867566865573,-1
-1.6976387382683369,-1.4684762715919442,-1
-0.1938211519240717,0.1629400970044077,-1
2.766149853916718,-0.6842469620184762,-1
0.2206827967117298,-1.4787947485562554,-1
-0.0487947737716727,2.2342448007430384,-1
-0.9988249722102064,-0.187236814497623,-1
0.0126631439788061,-1.245310608256626,-1
-0.8205346389913938,-0.677847576739814,-1
-1.063121196165156,0.931423937063737,-1
0.4500941266128025,1.591680073653864,-1
-1.433476047411421,-0.4466963607176414,-1
1.8518850358628236,0.4742505338068071,-1
-0.8389609447771924,1.8595361617549468,-1
1.251095377259675,1.836186473218682,-1
-0.4610219805137337,0.1788401955823965,-1
3.574363049630664,0.5887919755804203,-1
-1.4958458828815038,-1.795982902192462,-1
0.3494191471265718,0.133280276251496,-1
-1.3559826335836265,1.1179245998165752,-1
1.117894363251211,-0.2344826051307614,-1
0.0366205969419483,-0.0012972117159,-1
-0.2775036801407341,-1.5034993584265504,-1
-0.260875808534544,-1.7856163885348977,-1
0.9751859728451052,0.6479821624894931,-1
-1.596004797492479,-1.2156485928986538,-1
0.2441952971311406,0.3425014527133446,-1
0.4120818207814098,-0.9464311091689016,-1
0.332393650349976,-0.50951864689852,-1
0.2821078229427901,-1.1090694122343965,-1
1.088622500241264,0.7199489003056165,-1
-0.8007111244603008,0.991276673091264,-1
-0.7394058406804659,-0.4239988117012375,-1
0.6526900746787689,0.893457525648411,-1
-1.6756203373179106,-1.968789459869269,-1
0.4519211486969222,-0.5016379712603027,-1
0.0083013354773606,1.0917681631287908,-1
-0.3096643816166041,-0.045850514294037,-1
0.0630360378459009,0.5112688151725391,-1
-1.1239360521376998,0.920693276786863,-1
-0.0414731387086658,-0.0988167633633703,-1
-0.1743115549792109,-1.2740290366825158,-1
-0.6373455570139974,0.7477894684188582,-1
0.7582038176022166,-0.718656370169063,-1
-0.3667313535977358,-0.0660832985308265,-1
-1.208716572927419,1.6636306257333906,-1
-1.601873504735153,0.2765162923014106,-1
0.4931933121855923,1.474843729701902,-1
-0.170635548210816,1.9023629215983973,-1
0.2262535289880479,0.261710476059628,-1
-1.5871006937542034,0.6011105583116995,-1
2.1937209298606195,0.6550414921076679,-1
0.1577472473036181,-0.1747666628967852,-1
0.3580989254475662,0.1316235645170227,-1
-1.0354244846836314,-0.2006946804838456,-1
0.7373212962016651,0.6849828474580392,-1
0.4934602977742807,0.0583584593837278,-1
-0.4842068308440046,0.4352581239882386,-1
2.754170682871458,0.5403106538191471,-1
-0.0073831094198903,0.4705472578403425,-1
-0.2589966676392943,-1.5396484507106316,-1
-0.8350278008558056,1.793346764785954,-1
-1.229223018138724,0.993469044402129,-1
-0.7981017255115135,-1.263916815571524,-1
-0.1026707144180262,-1.2237559477608146,-1
-1.371715159237188,0.0030616995155326,-1
0.464867956536825,-1.9447583038556249,-1
0.5385349155706347,1.006870027977416,-1
-0.6955969886327186,-0.7243737430340322,-1
-0.1394540542593568,-0.677247888365217,-1
0.2117322487988071,0.034581595916656,-1
-1.5709408062669583,-1.2260985834802298,-1
-0.512090105001879,0.9528813468683508,-1
0.8479669189705792,0.3822590234755412,-1
-0.99956452933605,-0.8368295582655846,-1
-1.0829942240146282,-1.7346209601526783,-1
0.7123794489005256,0.5023001561839554,-1
-1.590790099190218,1.6056926768926565,-1
0.5422579659090527,-1.8511520829252328,-1
1.0217399204212494,-1.5815736897234909,-1
0.6474717519406846,0.5907835640237823,-1
1.093608161472148,-0.9068939607003608,-1
-0.3759023131090061,-0.6342611947268095,-1
-0.6566893868806827,1.7963779975563574,-1
-0.5309104115222602,0.0466818239380667,-1
-0.9350939128298952,0.0227589757520236,-1
-0.5161071605270334,-0.120250664226134,-1
-0.2585157544324116,-1.6391558576924272,-1
-0.1104504851642817,1.3903095895937438,-1
-0.4266371811467287,-1.1225526548826363,-1
0.7811813838618635,0.8959571611676501,-1
-0.0702636689640336,-0.4006467349282679,-1
2.768140191573872,0.1918083796649665,-1
3.0201875511549354,-0.872557469121213,-1
-0.9790035138084732,-1.1851359853429246,-1
0.9779941843790956,-1.1447533495441131,-1
0.4909917822186891,0.4562718447313716,-1
-1.59447444762834,0.5948861396796752,-1
0.1211223518138084,-1.7120864305024577,-1
-1.5680484791096063,1.440986150872757,-1
-1.1439745132300594,1.7956238071391837,-1
0.3429343794607961,0.074281915327473,-1
-0.2886556782368515,0.2030215739490394,-1
0.191065223322913,-2.4304920519629243,-1
-0.5358760305379544,0.6805599311611074,-1
0.4817031864175393,-0.6095039400796063,-1
-0.8287972492581976,-0.7992020683836439,-1
0.9498718833899448,1.0642454195764954,-1
-0.4507405745009592,1.506102707685721,-1
1.0987258150631098,-0.9007734186302664,-1
-1.4025979990432065,-2.142559700963889,-1
-0.5622232186547128,-0.4992328698014793,-1
-0.547822310063796,-1.944163198322793,-1
0.3867671819628587,0.7944902332413849,-1
-0.3809256572971131,1.0003776708750207,-1
0.1220965023403267,1.4252641911225827,-1
0.2630986320566109,0.560085646011079,-1
-0.6819106736989575,-0.1382808436843789,-1
1.644952298724785,-0.7105180292524074,-1
-0.4856310409441323,1.270199451063025,-1
-0.5813904640964389,-0.4943410156244367,-1
-0.3677052203209517,1.328781391040458,-1
-0.7250014433981198,1.3013729328265715,-1
-1.3419181362992734,0.917619632707231,-1
0.7850215211267706,-0.13980897579672,-1
-0.5814059188934185,1.0196096405610546,-1
-0.4164128211272827,-0.2870914850276105,-1
-0.4897915853552331,0.7119822079305894,-1
-1.5692442697769473,-0.9606985254708048,-1
1.110763594479462,-1.2981550551506529,-1
-1.4441837221109062,0.7954833793791494,-1
1.080105753690001,-0.8412363125586255,-1
0.999228436138796,0.382000796447128,-1
1.022636099540571,0.2290036057401604,-1
0.0325893095824812,-0.1010123718215547,-1
-0.6203576931626391,0.0187639079877137,-1
0.8339511816216207,-0.416356115029609,-1
0.1682808632871859,-0.2426008655532329,-1
1.0848011024451716,0.0915676158105018,-1
0.1013872064889994,-1.5529993545636986,-1
-1.6458038215281972,-0.7225381951372236,-1
0.5124027482190432,0.7714253004583521,-1
-0.0085325916569784,0.4276964670293204,-1
-1.659770255158178,-1.568045143826441,-1
-0.1668824774058176,-0.2904318734592614,-1
-1.6186716010220348,0.2581240092528232,-1
-0.4169494775811185,-0.0082027526175658,-1
0.3566552224956393,0.6348715600514622,-1
-0.6788892935095661,-0.3331928646277267,-1
-0.0738426310211293,-0.7618179654879655,-1
0.623257711187941,1.2646934374096783,-1
-0.071117373688328,1.6224647057378982,-1
-0.6230049790882437,-1.0387454370767608,-1
-0.6235916184401412,0.7795972061444397,-1
0.299905298784966,-1.129583932441449,-1
0.3926353398421421,0.6269834333646045,-1
0.7170318536809869,0.1377899066197587,-1
2.779064319600593,0.3972553653844411,-1
1.2425467581320655,0.2632493621561866,-1
0.6232187254843429,0.601306774328984,-1
0.8790543075387776,-0.5176123558368825,-1
0.8923170148903721,0.3239812621352562,-1
-1.581845990805271,0.224805847663927,-1
0.7962282935587541,0.4557009217422048,-1
-1.0647365563598437,0.6308839670684987,-1
-0.686974436152732,0.3296927064640141,-1
0.055431728625909,-0.1370694935907246,-1
0.4498281599671869,-0.8528672995477384,-1
0.2200806227791444,0.6417820779772274,-1
0.4082975565791496,-0.2579503129365853,-1
0.2114086367644868,-0.1974885460329474,-1
-1.6595601615752094,1.2237875701072154,-1
0.6741314806933999,0.717084227200902,-1
-1.4033645074918983,0.8696763824917608,-1
-1.3018157810661837,-0.6880000145549742,-1
-0.6309516898433558,1.1246140218468696,-1
0.8181640856517876,-0.5127510069220501,-1
0.7331964528223277,0.9403490326802912,-1
0.7122234560541467,-0.771626007961809,-1
-1.3158276899597243,-0.6847836229036901,-1
-0.5309629999130723,0.2437703993961269,-1
-0.1728378315607038,-1.1120497163719651,-1
-1.3684293191681498,-1.7389844542258763,-1
-1.8385959420844515,-0.1273629814976571,-1
0.526126666326319,0.1380057223389433,-1
-0.2912139955607961,-1.7305550188458962,-1
3.21788962168383,1.5661733890713496,-1
1.295123633471205,-0.3193533205911518,-1
0.9151534937372292,0.4753760584639977,-1
-0.5374718978808429,0.7117132927062163,-1
0.1794985828816471,-0.4703110537291446,-1
0.0699465192551884,1.6021693899734426,-1
-0.2592746003904606,0.7000569053223799,-1
0.7732915651124714,-1.14900136416055,-1
-0.2527853250901831,0.068324695775748,-1
0.8403046305265947,-1.206196877055035,-1
-0.5780643355774274,-0.9018178386086032,-1
2.72431197649002,-0.0074140358463907,-1
0.3274729572344512,0.6002942053073035,-1
1.1901758140851892,-0.3167415943385644,-1
0.4771444174406568,0.6116414370298924,-1
-0.414812366366184,0.2027410558298348,-1
-1.0647625387716042,1.8113006389493471,-1
-0.5510191017474655,0.1335321805613638,-1
-0.3884936363382426,1.0526811780163694,-1
-1.4441753804411788,-1.370102041688783,-1
3.52655087456067,-1.2123443580238291,-1
-0.3796949189809934,2.2198050225734387,-1
3.42741533999129,-1.0299540909159688,-1
-0.2196608208548963,-0.1330320145171863,-1
0.0702071450996093,1.529890107772659,-1
-1.8323859022817155,0.8094274973121748,-1
0.6677979942199074,-0.6977562374298176,-1
0.2469120087746206,1.5718707066840245,-1
0.5228999839917632,1.3825697700743051,-1
-0.5956706613250436,0.2541779786684744,-1
0.7136580639533617,-1.1051293354281484,-1
-1.1428757672740175,1.3820877557615294,-1
1.0028573810939536,-0.7962818838043298,-1
-1.6743147824507354,0.5597039679607267,-1
-1.2537112373911166,1.22051295035055,-1
-0.2259863610344435,2.3113195116075755,-1
-0.5061174439402476,-0.3929268840511732,-1
0.2897921355274237,-1.334957698437298,-1
-0.3695734140537237,0.2595933675013555,-1
-0.5190928396846615,0.8882447850719017,-1
-0.9512818388582608,0.3633613687484214,-1
0.3557063251698114,-0.8107131446503238,-1
0.911957171633242,0.0166968791516614,-1
0.4796134823596388,-1.1109300336410357,-1
-0.513300597083215,2.060988079710112,-1
0.5220832088417072,1.4020444531447862,-1
-0.2237089955734121,0.7779248291899072,-1
-1.1948393917024005,-1.1470104890432564,-1
1.1652743850497174,0.6672410298407898,-1
-0.5158303265026484,0.2893601503874229,-1
0.4838774312263065,0.9183019490952252,-1
3.461888218832576,0.4857144391045097,-1
1.0461527737591958,-1.7930255864802054,-1
-1.4585029050431093,0.8806157105913657,-1
1.6983322667430585,-1.6638366294046811,-1
-1.073773201821588,-1.494180501894642,-1
-0.5984198449402458,1.7173353999998386,-1
0.3065533022400671,0.6870713422069747,-1
-1.7200144759391944,-0.5585097058157397,-1
0.2749856796440703,0.1938880278741053,-1
-0.3625584294620881,0.1721925112595157,-1
-0.3970025905831691,-1.3494313705925207,-1
-0.9117908824261624,1.215967231391604,-1
-0.9458290767071104,-1.546326118270001,-1
-0.7947013298048369,0.9623305228991712,-1
-0.0609782280190248,0.6474217998528988,-1
-1.034335383143692,0.880172021529885,-1
-1.2387072716689356,-0.5170574670082191,-1
1.6214348711231756,-0.6843295900318735,-1
0.6601917828581643,0.6870013596306684,-1
-0.798071834860627,-0.4307854844227293,-1
0.1297703373421651,-0.5137785675619752,-1
-0.8566936565236036,-1.9574781651612705,-1
-0.2655190384785847,-0.3791343341655922,-1
0.0243216423177848,1.793021792328554,-1
-0.8986983997552594,1.7570515362068082,-1
-0.5589243752938373,-0.3974756885813452,-1
-0.373266104161573,1.4143722513563064,-1
2.91801244629074,-0.155765844933804,-1
-0.1106914883412094,1.62637818803107,-1
-0.7768511357561545,0.5768234119302533,-1
0.1594262728672896,-1.0624393693782486,-1
-0.6561363924311887,1.8314753466568487,-1
-0.4397482734707523,-0.1673935535421606,-1
-1.2774997684199425,-0.3941738007097887,-1
0.4380315135434565,-0.8594582767684831,-1
0.1310433460337181,1.218838681943144,-1
0.6433514959795574,1.3671356516485886,-1
-0.0709790957878825,-1.5771807329303416,-1
-1.4884518827725832,0.5377756009797413,-1
-0.5332463853543831,0.7529005270384984,-1
-0.7220566020538558,0.2829662380945774,-1
-1.2624338354509348,2.033637849601606,-1
-0.5409818537677599,1.679156041072203,-1
3.373649447348073,0.171069223262937,-1
-0.0488267205519189,-1.265909951082136,-1
-0.052385016826534,-0.4563011671211338,-1
-0.6877507930371204,1.5158327049879328,-1
-0.722755740914032,0.8000388097800535,-1
2.149255259360115,0.606058404755626,-1
-0.0747906451482785,-0.3794659324937244,-1
-1.4145459766912056,0.5863119136990763,-1
-1.4994045987038156,0.1703799517880194,-1
0.9797162337011852,0.4766045947809561,-1
-1.2271906939094397,-2.149501027304052,-1
0.3327223991658969,-1.0811206878696462,-1
0.0260760337959028,0.8897570766553843,-1
-1.1789463655679582,0.5510480049328965,-1
-0.5163995291321065,-0.2276272955274089,-1
0.0952456234930515,0.1634822308754384,-1
2.58862172553169,0.8053571255618353,-1
-1.3689606348207908,1.056730933586555,-1
0.7592375954428994,-0.6151624127465631,-1
0.4706446145255982,0.9098396622718814,-1
-0.9065991656671296,0.5353130965934446,-1
1.0097691652496164,0.9658013586731214,-1
3.210684036361026,-0.8065651370801195,-1
0.1868495592321498,-0.6455832013634745,-1
0.9452337104437964,0.455338818151862,-1
0.0573817278011032,0.7840370055124894,-1
1.229711696417457,1.0117990132874013,-1
-0.5963451205198346,-1.080348789203446,-1
-0.3055104009693651,-1.4639261213673262,-1
-1.564819061466606,1.370883423186686,-1
0.8290019006015847,0.5315080737039675,-1
0.3324852244443865,-0.0432205592758857,-1
2.543975432551407,-0.0455732745555889,-1
-0.6784161726090201,0.4082270641351253,-1
2.436982705191965,0.0994511184221571,-1
-1.054612995303214,1.337695732672795,-1
1.802407437916372,-1.299688331854734,-1
2.757147266976374,-0.2984401274107886,-1
-0.0913307711154754,-0.4328823449191774,-1
0.6531311189833748,-1.6973732821101066,-1
-1.4669637785317255,-1.02785484300493,-1
-1.1478252523136478,-0.99054689382801,-1
-1.36861643120789,-1.0288217635700627,-1
0.2395194412277692,-0.2586091441154357,-1
-0.7747517872821514,-0.416153247899702,-1
2.919321755409433,-0.3138437405742947,-1
2.477562139596712,-0.1308210852245664,-1
-0.8342682015147721,1.449974754770979,-1
0.0459033025785128,-0.127689996984024,-1
1.9477021044038345,0.0263137692422699,-1
-1.5236108471502223,0.0033624894292679,-1
0.0210454466648496,2.0406651926785786,-1
-0.969773396562721,-1.1144401951529883,-1
-1.662117929535763,-2.0344471080110043,-1
0.454360526984612,0.2631580652430905,-1
-0.6923480781379191,-0.4627831391797563,-1
-0.126590404640237,-1.2638488760241848,-1
-0.0123312917131452,-1.2309047240726494,-1
-1.0784359246174278,-0.419391779065684,-1
-0.3279517859346665,1.4556325538361208,-1
-1.0348896803395613,0.1738920047528459,-1
0.4825149045697028,1.386410032643851,-1
-0.1013308855013484,-0.6616441247025856,-1
-0.3537260672024355,-0.5141236365051065,-1
-0.8911890290852214,0.8775720497482224,-1
-1.6278172573006289,0.0020915418030807,-1
3.4416500619563357,-0.9297497448683784,-1
-0.8444945434596779,1.4358930178664944,-1
-1.1596207258066968,-0.1580511880684023,-1
0.5091121167122009,-1.3280132865259096,-1
-0.1969978513605659,-0.131949766071386,-1
-0.6095712936729727,2.099198247052144,-1
-0.2338774825302111,-0.4048216813971723,-1
0.7780500298732353,-0.0797520269448401,-1
-1.080494515061775,-0.6282203466749796,-1
2.083345447536535,-0.4410127041981977,-1
-0.833202081518061,-0.9711539478047602,-1
1.394499621854122,0.5868458991869457,-1
0.1530862968338355,-0.9651698305877724,-1
0.7178486288310427,0.1183152235492775,-1
-1.0227069794751935,-0.2351257473568461,-1
-0.0313781655565474,0.4460463387686789,-1
-0.8340728776209984,-1.257869341648962,-1
-0.9421311255817744,-1.3959948195957743,-1
0.7694033470912538,-0.6068772222087745,-1
-0.7666048814117529,-0.2341555896443942,-1
-0.7853853190298571,1.3509682882020435,-1
0.5785917955401646,0.2499737210557122,-1
-0.1183570614570287,0.1881190527744871,-1
-0.1266533166262361,1.9202045534523489,-1
-0.0904138761816877,1.16885447688816,-1
-0.1988321163876319,1.4776375292641446,-1
-0.5921565375676131,0.9644752027245213,-1
-0.3423125600632183,-0.464987113385453,-1
2.9468801147866115,-1.7347197730805584,-1
-0.3323891643701525,0.4878044960901276,-1
-1.250246077588675,-0.3907685583020245,-1
-0.4089682887569098,-0.8174449779898472,-1
-1.3822642300177352,1.5848465583574716,-1
-1.257881630237914,-1.1638003777136174,-1
0.7056991032893966,1.2102675415337711,-1
0.8005901818439081,-0.669661376770003,-1
2.93335896753565,-0.0049147034793382,-1
-1.686564977139504,1.355102866390686,-1
0.4564852584749996,0.7940433070325849,-1
0.2450243221900496,0.1709893516045747,-1
-0.9501726951031318,0.4512633169792152,-1
-0.4389523439508563,0.1898762523474771,-1
0.1556015903993622,-1.5406238885993695,-1
-0.3453398804491809,-0.0826231743441934,-1
-0.2442615396155676,-1.20725818010449,-1
3.027755530196065,-0.9248609762625618,-1
0.3652900749164643,0.1572801033342058,-1
2.4120005694408526,-1.4178009036091688,-1
-1.153442558580307,0.7669873925431758,-1
-1.5781896809082694,-0.2509943639186228,-1
-0.68967540919593,2.118588107504168,-1
-0.5164327044548278,-0.9105618614022102,-1
2.9221724413384504,1.7271094835219158,-1
0.5119147218849083,0.2192979425577069,-1
0.9314862614299018,-1.088578922994915,-1
-0.331218756719196,1.3656272708142403,-1
2.20294393397912,0.074102517415163,-1
-0.7873334660952854,-0.2236136285479071,-1
0.393594430947463,-0.746492700648278,-1
3.0027905656073037,1.0794303090896888,-1
0.8755338240370794,0.1162964082244617,-1
-0.15974678145187,-1.074244063929504,-1
2.351658285005464,0.6375464502000934,-1
0.7552154031361441,-0.884622240920318,-1
-1.4035278230649315,-2.099697004105849,-1
-1.0924269080971003,0.4187965964986902,-1
0.9979658252463304,-0.8491784534495436,-1
-0.6637433571759165,1.2203921907175028,-1
-1.8427615434934448,1.3298084311638456,-1
-0.2341294328696166,0.6544670027549906,-1
1.2445786127816674,-0.3433461513535011,-1
-0.0030530937110826,-0.6665669388701188,-1
-0.4393051730367867,-0.0912009406242984,-1
1.003904292042168,0.9831113932759084,-1
-1.5063585734512033,-0.8931767156229239,-1
-0.967710897879248,1.1079363754859504,-1
0.994570220977458,0.7660589488054316,-1
0.5829765855848382,1.4148903542597653,-1
0.0453795752126145,-1.4934007832393572,-1
-1.042468057179778,-0.2752424877142528,-1
0.0382144823593772,0.7889288596895322,-1
-0.8191149365257677,-0.8220583333439461,-1
3.2578483582152806,0.6433725250749982,-1
2.946651565538131,1.669810245641595,-1
0.2229773333351125,0.5093538764096528,-1
0.3260849975294773,0.9241608754134938,-1
-0.8286179295247941,-0.6684374232948096,-1
-0.1650605123195903,-0.3683612625794895,-1
-1.0002024043003988,0.4701638399132101,-1
-0.799592755836766,0.7415299379501525,-1
-1.013826406643537,-0.5957039154126789,-1
0.976839015997016,0.9407261278888782,-1
1.0516648976644225,-0.8796963411815589,-1
1.1026784518362958,-0.6352694840589117,-1
0.8263922976332032,-0.5337972759563603,-1
0.4375969087668267,1.5988830157458522,-1
-1.3092649008547668,-0.6786324239952919,-1
0.073867832815419,0.5312633410232596,-1
3.013777679823924,1.5892267189595506,-1
0.1278989387212666,-0.2210533529538754,-1
0.1680579203999881,-0.1781175879483024,-1
0.7601590777948972,1.5075603114633285,-1
0.264549577951484,0.5405684000552757,-1
0.7547177323859068,0.0576531545704212,-1
-0.3316640430982155,-1.2096847474761965,-1
-1.781953930463847,0.8568083418620837,-1
-0.254264185290291,0.7100175583859271,-1
-0.7521374979395076,1.795565579033802,-1
2.6669520865404244,1.189634633938829,-1
0.2000414083038,-0.4791281446702841,-1
-1.311880110184431,1.596108967461603,-1
-0.6276444547807674,-2.318834706177942,-1
-1.156473787205395,-0.864196671445208,-1
-0.6878079688461427,1.1919353780434383,-1
-1.1299686243167977,0.7681428607126021,-1
0.0475360994956398,-2.162480116124818,-1
0.2384374528150822,-0.6878410812467252,-1
2.909243070220987,0.8348997269812056,-1
-1.671803996519711,0.6749804804197841,-1
0.8622607986701059,-0.0150187364829155,-1
0.484747344130565,-0.6229193947566002,-1
-1.168067712804797,1.6052183309928725,-1
-0.2851598744005388,1.4207121494450914,-1
0.7355193733306274,-0.2300525172046697,-1
-0.0512172647003137,0.4587767604268969,-1
-1.6756916651775375,-0.1075534629517243,-1
0.8623510700181414,-0.2199033165368289,-1
-1.5742643292932192,0.5237435748570324,-1
-0.1949854895627631,-1.070238611121421,-1
-0.0145332912597304,0.286897949153313,-1
0.3585048922876991,-1.1090459032925464,-1
0.0236249549627505,-1.0476596271330043,-1
-0.4897442579819074,-0.7902165500566483,-1
-0.1998426471249982,-0.9807344200884944,-1
-0.2127698322974078,0.62617522874337,-1
-0.5641784046434933,0.76295330219305,-1
-1.151941000640273,-0.9049253766738584,-1
0.99610617720288,-0.7634530597334623,-1
-0.3446843647427988,-0.4044478233359045,-1
-1.5945407184900744,0.4407334808032812,-1
3.001936107500024,1.106700996756023,-1
-1.0055938168433132,-1.1395767396138392,-1
0.1508725967417878,-0.6199878246468055,-1
2.60304629484492,1.3698601010029023,-1
0.4968695845140753,-1.205637708536793,-1
-1.0594949067347346,-0.2096035903638029,-1
1.14991287858751,-0.5060340136246778,-1
2.713877726907199,-0.3142090813119568,-1
0.8424575303737969,0.6433910982261857,-1
1.3135552800581989,-0.3399104036835264,-1
-1.65503448813734,0.5314240999961245,-1
0.5339389332162112,-0.300563148513725,-1
-1.061800390520595,-1.3745321296148745,-1
-0.096308090676632,-0.971624904981132,-1
0.662343046123703,-1.28718815578397,-1
2.719767359563741,-0.9714019825989312,-1
-0.0484940634968724,0.176036010976381,-1
2.7525280375186343,0.7490046880282095,-1
-1.4901271540847376,-1.261123016009282,-1
-0.4525963885091841,0.1169732508045249,-1
-0.0497552418272689,-0.5518645865475476,-1
-0.8296023238627911,0.3928932819718323,-1
0.9113275085229264,-0.673991128433671,-1
-0.6597792238768622,-0.6619820457492634,-1
0.4411056917230625,-0.2076464156004872,-1
0.8420547183898048,1.9017678160655656,-1
0.7246842936892746,-0.0998502777813965,-1
-0.1865051232223478,1.1699252740152215,-1
0.9603325349322228,-0.9661302768582662,-1
0.6396663941584506,-1.6395116385642248,-1
-0.8008312864592224,0.3630299219963825,-1
-1.2388711366053595,-2.1617727682825447,-1
0.8455815616357707,-0.0763469361131692,-1
-0.3729151271854087,2.348924861974818,-1
-1.082680176612702,1.2035684080615183,-1
-1.0432003713626756,-0.4411044819035783,-1
-1.4923337410495328,-0.264306245185874,-1
0.903102031849955,0.52151646064993,-1
-0.5375621692288781,0.9165978727601298,-1
-1.0203333226858478,-0.9491404550531308,-1
3.705746481951517,-0.0621224928704696,-1
-0.7367747629348255,0.1516204365488965,-1
0.5710407038580839,-0.7083947756156872,-1
-0.1815988659607298,-2.286969565524888,-1
0.4501264687688308,-0.9329425863443752,-1
-1.5819357127899156,-0.8949676576054436,-1
-0.2616573522325186,1.5838162810867649,-1
1.030632193798369,-0.769531190494328,-1
-0.3456140589488302,-0.5294891417816686,-1
-0.6326373589545975,-1.1757225947506007,-1
-1.6014198766864065,0.6862428895239158,-1
1.9158752885254864,0.1086883894829273,-1
-1.7772347852419692,-1.889923807022212,-1
0.4965630638583978,0.8721189840239711,-1
-1.0608042956371355,-1.263242167596521,-1
-0.9897306015760492,0.9370668960867278,-1
-0.3391267655740123,-0.3398419183777593,-1
-0.318599394948839,1.1652916468665924,-1
-0.9159794653783836,-0.8288567605363628,-1
2.499759310917151,0.824288456910227,-1
0.3451591565310155,-1.2620241916321353,-1
-0.1731339544172939,1.4671449757972466,-1
-1.774789516789694,0.0670407995602832,-1
0.6480188061936077,0.8133328312221851,-1
0.8117774614240922,-0.4058448107714253,-1
0.3851211777342999,-2.33502182090248,-1
-0.168099459047115,2.329784862803696,-1
1.1208418100882256,0.0894760354903402,-1
-1.166406327983159,-0.2676231246756748,-1
-0.5770829421079628,2.719263532595073,-1
-0.7937323902638194,1.4149504738180203,-1
0.8014784888731845,0.7701267815650872,-1
0.0174670339711444,0.3548358767955967,-1
-0.323767315241165,-1.8335902955886716,-1
2.928968367110099,-1.150283433889285,-1
0.4669811915013444,0.7340051089719902,-1
-0.1695661435422701,-0.6689625462513351,-1
-0.8002043586573514,-0.1207433904675756,-1
2.743881354736653,0.2218794927642751,-1
-1.2099513492983582,-1.401440713690866,-1
-0.6945578699908411,1.895946869790854,-1
-1.1336282133058262,-0.8825465431845667,-1
-0.2952912277635053,1.554827719585443,-1
-0.1085069997209637,-1.0444972496857805,-1
0.742211419487219,0.2346007647305096,-1
-0.5730025550491126,-0.5484119558064549,-1
-0.3807118094626273,1.1056390613381903,-1
-1.3237530057212863,-0.2228267382634624,-1
-0.5516779021256827,0.6055535948270684,-1
-0.8025429379822248,-0.7568900227202395,-1
0.3017980423674295,-1.7440912331559375,-1
0.8788957834035482,0.3544989982911782,-1
2.3493469908387263,-0.5078341862568714,-1
-1.6718606229653423,-0.9735749318479942,-1
2.261795607636952,-1.1325521528919018,-1
-0.4024327848100877,-0.3020597748771482,-1
0.0538890788209316,-0.4159463199537513,-1
1.0809362113109788,-0.5094697612946526,-1
-1.4327847008575816,-0.1228415966584694,-1
-0.8129158438855095,0.9379522311807224,-1
2.199108853712105,-0.9055200014144056,-1
-0.0492036799398441,-1.0200458898197993,-1
0.6679514613572443,0.4455210642360602,-1
0.259462364374799,0.0429211038106919,-1
-0.8881837272601002,0.032865916686729,-1
-1.0151072076414265,-1.48739382917315,-1
3.0577540212439183,0.4148997807343998,-1
-1.3116502581895748,-1.1372383835840023,-1
0.0098600692264166,-0.2562472791437491,-1
-0.2927954270497779,0.6476803300334987,-1
1.113790445285742,0.8558555640045811,-1
0.0146866569586807,0.3136792993016184,-1
0.9113742865328612,-0.8515318010976244,-1
-0.5414316477812811,-0.2054254067475792,-1
-0.5506941869667701,1.036784990187515,-1
1.6949898002283887,-1.5703458879310503,-1
-0.2469444523690356,0.4100519001032683,-1
-0.0182930056122989,-0.708316578867962,-1
1.002162749868279,-0.9699398825895086,-1
0.0457181724642321,-0.2389067392787517,-1
-0.8047320882245809,-2.095403341032864,-1
-0.2437150347260352,0.3399491724171971,-1
-0.4153094877530308,-0.1796416340027099,-1
-0.6089846543210753,0.2808556038309436,-1
-0.1324982274022033,-0.26716663860101,-1
0.8809556765942708,1.2345102335770215,-1
0.8273182876197032,0.8981948777828765,-1
-0.7032994115390679,1.0527203521782789,-1
-0.9323226308701436,0.2336602213141022,-1
-1.7390621031655813,-0.8773993959742433,-1
-0.2564143498290488,0.034890903153997,-1
-0.3343429177968637,2.2532693204574,-1
-0.9247344055942304,2.5088907987129327,-1
-1.4469309238006485,1.4372613677599724,-1
-1.5936298379567575,-1.2584806329183906,-1
-1.3470443355795565,-0.2434143266180475,-1
-0.112327094770681,-1.0016958665043474,-1
-0.4426398472451196,-0.8386375348953156,-1
0.4231866213198954,-1.3186572988610588,-1
-1.701591924404913,-0.4093221208400145,-1
-1.5408039631147594,0.4024195884754127,-1
-0.6880530100778901,-0.4176400112450736,-1
-0.0376309453143989,1.532440520348639,-1
-0.106019121129267,-0.9428132881892722,-1
-0.1047232848820943,-0.4083199605948129,-1
0.2938409338132302,-0.0821697738407546,-1
1.2964719282934962,0.1859554468490522,-1
0.5204314684361716,1.780483155421949,-1
-0.031837603986171,0.0558676443402809,-1
-0.6763766054367898,-2.251012257992419,-1
0.215095510911651,0.9439668536599206,-1
1.4287624071124398,-0.6893182847262321,-1
0.0174657312247692,-0.316346790880951,-1
2.668881210333736,-0.1038513390480606,-1
0.4381276750560771,0.1278257132567054,-1
-0.1324967948401342,0.236112013771733,-1
2.4990892295411684,-1.033064866128543,-1
-0.110950212043879,-0.3344384355918964,-1
-0.4784608168891025,0.4608840059671179,-1
1.0518909954077609,-0.9264723687566782,-1
-0.8470000627934079,0.3490403071829023,-1
-0.9185395550283856,-0.8972414628113534,-1
0.642539777827394,-0.6287783210748689,-1
-0.616523366278609,-0.9974543261825491,-1
-0.0949448106370437,0.5561077644700739,-1
3.015060802511261,-0.7089333431232074,-1
-0.1120657155432755,0.9218656042947008,-1
1.2465416652806849,1.0419431945342423,-1
1.9783781352987195,-0.7700943094859574,-1
-0.6542748922779725,1.0922745352940308,-1
0.8196132592206031,1.332923637642092,-1
2.631675565656614,1.3693401066465698,-1
2.4764905489831124,-0.0586150227474085,-1
2.47404350820478,-0.1503877388099585,-1
-0.0133084431081961,0.3141567307726289,-1
2.8408388902457484,1.1982546599520694,-1
-1.236386882449486,0.4585785013806452,-1
0.2325629351915312,0.8238717067474461,-1
-0.890445637924152,0.0523099429189064,-1
2.67327113716001,0.2573931112352626,-1
-1.4070065855545872,0.3720597430854804,-1
0.5610803285587936,1.7220708606814308,-1
0.8046649625414752,-0.5972901240543081,-1
0.3869348011507998,-0.247365788954776,-1
-1.1174863119044112,0.9502324894828208,-1
-0.4368639426393311,0.0201196782323585,-1
-1.0273093215738849,-0.1983529357305964,-1
2.510484496542976,0.7351814813043249,-1
0.2467235939885049,1.6108507296632903,-1
0.1323628489319038,-1.7583000524120151,-1
0.4808442206757585,0.1084973180573824,-1
-0.4147370004517376,0.1871490466381283,-1
-0.3722043619836701,-0.4839298960525832,-1
-1.7280196652497042,0.6097697584868489,-1
-1.1883122294253057,1.5339601351373748,-1
0.6635257036835125,-0.5614027990981463,-1
-0.4243725351742324,0.0324646389344771,-1
3.039823330078997,-0.657015296937958,-1
-1.7006489672756562,1.2237145019596831,-1
2.852115767574692,0.4730623657701105,-1
1.2183814773147168,-0.0617608700724115,-1
-0.8936868859283086,-0.8823039813762127,-1
-1.7688088594021316,1.2008040712192274,-1
-0.014364369325414,-0.0837754053663001,-1
3.166889670199171,0.4612712934099475,-1
-0.9964871462683176,-1.5469309352447909,-1
2.6595262936388657,0.055840705441581,-1
-1.517203297508659,0.7314282771917335,-1
0.8004460137788771,1.3378154918191347,-1
2.0694493228231075,0.7132769937148178,-1
-0.0634591975030635,-2.123126235084285,-1
-0.3856976747131053,-0.5880169159789481,-1
0.1947112096247275,0.0806725904729993,-1
-1.1117117100449978,1.137807034933947,-1
-0.2942340730038124,-0.8644603302260008,-1
0.6468148036722333,0.4093295606427504,-1
0.3609266298333555,-1.329418615976237,-1
0.2449782975630991,2.34437077726836,-1
0.3918777224265683,0.1489760104290385,-1
-0.2259884171638035,-0.355703909068804,-1
-0.7963809789357992,-0.3137415389230022,-1
0.3396692607860325,-0.6691987853411435,-1
0.2466070564254066,-1.5360633295982726,-1
-0.3489910535645819,-0.4104951456823734,-1
-0.5720315593787352,2.571231415788774,-1
3.304748145985988,0.152041466401256,-1
-0.5025079918368894,-1.9029028958429783,-1
-0.6493320507859124,0.2768998618046366,-1
0.3055843626990495,0.2344513912881255,-1
0.1299229212808234,-1.1984380035921245,-1
-0.956182489758596,0.4802094671713081,-1
-0.6368419460671889,-0.3819378451697926,-1
-0.6070990238658641,-0.985286461765986,-1
-1.2967350570494602,1.3217572851108053,-1
0.7252757244789764,1.9232918197230733,-1
-0.3907336026453533,-1.95393545535814,-1
3.03702278103565,0.4626968946548052,-1
-0.3953066034565486,0.2406267727401886,-1
-1.365580485348898,0.9554441875170708,-1
-1.1663264544342105,-0.9739457043380356,-1
-0.7934966481043779,-0.1262283071484832,-1
-1.04124182649816,1.6349154344548198,-1
-1.1443535287473448,-0.6255355522748596,-1
-0.5353230360884604,0.7156572802615984,-1
-0.7668511511859752,0.9734892070174666,-1
-0.9818093238693072,-1.3705339762793387,-1
-0.5897030572613046,0.9237584035428892,-1
-0.784069021019798,-0.2642572080059132,-1
-1.5319175001185168,1.234009990498682,-1
-0.5865957835426857,1.046788357712478,-1
-1.2911991366775266,-1.4444495468439715,-1
-0.3445276927173353,-0.6230837598172289,-1
-0.9592884607308396,1.0283621806782672,-1
-0.6018923218895337,-0.6435166945531436,-1
-1.1062784407456463,-1.103573783624823,-1
-1.1129093528221046,-0.6104022237628784,-1
0.2823703008969766,-1.834824112081916,-1
0.0067391130368756,-0.7305184676477917,-1
0.7088576626524523,0.4650262525687517,-1
-1.0054299519068892,0.5051385616604865,-1
-1.509936782125314,0.7414928068172103,-1
-0.6985912134796681,-0.8707917109911804,-1
-0.0764514806065261,0.1687174378515384,-1
-0.0796703706347453,0.5723541498422524,-1
0.802032032686069,-0.5194339546577058,-1
-0.6008644342134365,-1.732191307209746,-1
-0.6469869819010774,-0.5990635093638952,-1
-0.5358773332843295,0.0093772634845594,-1
-1.0384640549784467,0.3337066765957026,-1
0.0757885407351028,-2.085040064522619,-1
-0.1762738540952436,-0.6634776295704274,-1
-1.4906625077921982,-0.3110516159226894,-1
0.3792669063455327,1.5042250516318705,-1
0.6992622123603371,-1.6755876627007733,-1
-0.9910017581578364,-1.449025771065128,-1
0.1197429377981561,-0.2333063431410829,-1
-0.3457558255407045,-0.5001457761625514,-1
0.0525121163104212,-2.2949202237394117,-1
0.6973006666272892,0.9308044974111468,-1
-0.3365743384146532,0.4015661043380743,-1
0.597695845192589,-1.103080014841122,-1
0.6642620559212297,1.4501031828170177,-1
2.123555794643402,-0.0546317094540236,-1
-0.1194049913483158,2.269758419214026,-1
-0.4718195070135572,0.4691504457136212,-1
0.7369716219718757,0.4216129045160748,-1
0.7053872418325243,0.7711975786921492,-1
0.1012554181485155,0.1345360806833455,-1
-0.171464907105013,-1.0787198003121437,-1
-0.0623578460542712,-1.194296951108843,-1
-0.2970158825783452,-1.4088955600927222,-1
-0.1485276292953396,-0.7986755997326727,-1
-0.616012692236534,-0.0959263867117458,-1
-1.4685374177143706,0.509453170129817,-1
-0.0383627101339059,0.0419204408360297,-1
0.1221120869530003,-0.256590480366713,-1
-0.4321263235087271,1.4661135044081872,-1
-0.7544396970535331,0.480440274508737,-1
2.816748895559137,-0.3540640543414443,-1
-0.5084955583321099,-0.3678020940612477,-1
0.6672904750339733,-1.5815769268708102,-1
-0.2039075793868688,0.7729904121275425,-1
-0.2745744234091436,-0.8400513816692482,-1
-1.5870247784763665,-0.7391395362032912,-1
-0.4999823004722756,-1.9769189542461283,-1
0.3940362286350533,-1.3414827554069635,-1
-0.3242844788432015,-1.223008231638279,-1
3.2828329454715357,-1.19712944404071,-1
-0.7177316433429404,1.161240697178055,-1
-1.354321248761988,-0.7549168558519718,-1
-1.3247296077529465,-0.0024233687414682,-1
-0.528071426138705,0.9150143807492822,-1
0.6123381705794301,1.5802323540927583,-1
-1.068861399739181,0.8862501522907509,-1
-0.7273484385966207,-0.6575911319850812,-1
-0.9568635182970566,-0.5539237701526253,-1
-0.7994180235215725,0.3513086806364325,-1
0.3366568458336589,-0.4761274171620912,-1
0.8396099993009201,-1.3798548758402136,-1
0.9446840006661374,0.2700447037773776,-1
0.6387373235197101,0.3991918112936479,-1
2.8018026550093698,0.3827456046385351,-1
1.995161326152012,-0.562409455575163,-1
-1.1011041607090528,0.5511021707130501,-1
-0.0193500305562979,1.543067455639677,-1
-1.395122822638963,0.1560588902225004,-1
-0.5901871253243282,1.0055585604948738,-1
0.1462364799249993,1.4381289946049407,-1
0.2645242747188078,0.2284229713090353,-1
-0.3553750722995266,1.0387763858213466,-1
-1.0094612392663562,0.4054234015548316,-1
-0.0749803626807694,-1.0116685771910063,-1
-0.0109301989006398,0.1211279254788985,-1
-0.8857457815344796,0.2943833008173793,-1
-0.881036200944996,0.2537703781976769,-1
-0.3411408996978724,2.463638817192221,-1
-0.9701058996301593,2.143733169288624,-1
0.3808202992933939,-2.360617046043056,-1
-0.9921283386354044,0.7984023698401107,-1
-0.3021704657435456,0.5886206554328686,-1
0.3011795304391859,0.0624995118670091,-1
3.256974956619593,-0.985708204122299,-1
-1.555884048134371,0.1597412620260567,-1
0.2328117306747957,-0.2531242274345278,-1
-0.4540492662975313,-0.4217505584661446,-1
0.616478468755747,-0.1890844873149849,-1
-0.1226065744697895,0.5059690573725123,-1
0.7487769439006214,1.4152132836881988,-1
1.07557153456281,-1.3037862597027183,-1
-1.2525280304679167,0.6216402217130899,-1
2.429652574471622,-0.1020212229036317,-1
-0.4001027511745358,-0.820826559879668,-1
0.1790781301556217,-0.1971030850768481,-1
-0.2382400444146412,-0.0635836630115872,-1
-1.1537070926638533,-1.174281328285684,-1
-0.8781200773209372,-0.7586809647027593,-1
-0.5902443011333506,0.6816612335503798,-1
-1.6196911470284048,-0.8187867991585067,-1
-0.0283371626996627,0.4149236340618736,-1
-1.0738841945638975,1.196230932569297,-1
2.702600849578256,0.410983212870002,-1
-0.3659872090536818,1.1044953476396893,-1
-0.7943984335849826,1.4032411385050885,-1
-0.8590476906454566,-1.079674141228443,-1
2.582591684641442,-1.4932308087862514,-1
-0.2861585747767489,-0.0329431479263572,-1
2.8248353409486797,-0.3457669577566372,-1
-0.0217626730492423,1.5936955002552673,-1
0.8391962401544506,0.7017419277140032,-1
0.2439586717730208,0.0557434959838209,-1
-0.9709325232159116,0.3371117674273735,-1
-0.3264520801043987,0.4371952022658231,-1
-1.114961373922782,-1.119624321920161,-1
-1.322903055248509,0.4406331445408578,-1
-1.213237189367396,0.3406054400505429,-1
0.7058570780612352,1.6628142727289943,-1
-1.3035552671107125,0.0259721302559883,-1
-0.8368233639825756,-0.4658945879941455,-1
-0.625069379913468,-1.2280261018919496,-1
0.1294974615888913,-0.2894618673229028,-1
-1.6620425636213174,-2.0500391172027106,-1
-0.1077707772989403,1.1349127475331882,-1
2.345196844226713,-0.5646134297808597,-1
-1.2449913746397427,-0.7670732689497968,-1
-0.0678378933635577,1.2246245401138802,-1
0.4249398640392466,1.807014644289353,-1
-1.240125122024796,-1.0263221280508237,-1
-0.8003614502305115,1.254646616033228,-1
-1.763024613126616,-0.1060241367210304,-1
-1.0589002710569062,0.4516252689934644,-1
-1.0969715250233787,-0.5451913502538499,-1
0.4564085898141781,0.1384526485477433,-1
2.95595301064351,-0.1207299610860135,-1
-0.9305947711671768,1.835470262845065,-1
2.791603728038294,-0.308474151774055,-1
-1.2220899276775266,-1.1327084814212092,-1
0.6170504066936494,1.5023642786491376,-1
-0.8339616808590947,-0.6277819377897851,-1
-0.7069187918618312,-0.4751161938348564,-1
-0.2702695069134179,1.0311878311971656,-1
-0.4318755461000028,-0.4322618627243281,-1
0.4169169542029952,0.7784088865316496,-1
-0.1901971341511129,0.8321420572430839,-1
0.015988723134427,-0.3281293459175083,-1
0.7991899722300813,-0.1937572886255237,-1
-0.619988106533354,-0.542926887549454,-1
-0.7579705783543184,0.6129110389616338,-1
2.33401154099218,0.6268769520237334,-1
-0.0215274802531916,1.377174804612048,-1
0.0016800678170051,0.0905369695993508,-1
-1.0413003050535576,0.639835439833778,-1
3.312411533156754,-0.908818803714736,-1
-1.090294384300376,0.1087545025435364,-1
-0.0380721936385987,0.8027724897840409,-1
-1.5909597745075188,-0.019474721587562,-1
-1.3393484022331688,-0.5083984184091628,-1
0.7369513757370919,-1.9059211800241045,-1
0.9712905118809416,0.7063755548626328,-1
-0.7298148980228524,2.4073456740389423,-1
-1.403790850382509,-0.0492842189350447,-1
0.0300160868249476,-1.8452963937542837,-1
-0.3165248003441215,-1.4644885270328876,-1
0.2846869358649089,1.827383179777435,-1
-0.0274191690390938,-0.6326557147773574,-1
-1.4028799698491925,-1.7484983326567167,-1
0.8472527948931055,-0.1230923068499846,-1
2.891081144531126,0.6134328598046965,-1
-1.2352082629444965,-0.6612801296593693,-1
0.8507487285451121,0.9266942533422629,-1
2.64971855231022,0.4220264175315362,-1
-0.8181057085347767,0.9651309483321456,-1
3.005120599242855,0.560663524087169,-1
-0.6367671295161332,0.9271282309617852,-1
0.8156378449237831,0.8859231368043837,-1
-1.1464010422135202,-1.8254882209027967,-1
-0.2190020204766791,-0.6050534287828909,-1
-1.1760627881195218,-1.2572795162924164,-1
-0.583133908412079,-0.4142963856661035,-1
-0.0575689412792303,-0.6165743680676222,-1
-1.2549447110156806,-1.1733757213971585,-1
0.2748549900303675,-0.7678927075254186,-1
0.1287656967693842,-1.7799819468355125,-1
1.717609276384619,-1.54191973209529,-1
-0.9340179443974876,-0.5722736418919839,-1
2.2722597478706588,0.0073742237224589,-1
-1.1115091432082778,-1.0863063119073575,-1
-0.5018762725972141,1.4548085324187336,-1
-0.3733986458850417,1.1060669336035185,-1
0.2165697836935489,-0.2187119113528128,-1
-1.4244148520999853,-0.0053272160080921,-1
-0.4905480298401257,1.0730614679753756,-1
2.876458311996084,-1.7381861775888363,-1
-1.09675001469825,-1.1129532802315232,-1
-1.049918399931028,0.2746589080420907,-1
0.4462732781801005,-0.3613592961645347,-1
-0.3562244734089133,-0.9493415823062576,-1
-0.8167314313007251,0.2900230438915008,-1
-0.4937651475422873,-0.3884937105538555,-1
-1.6296769053440794,0.0878169355191619,-1
-0.8185105766481285,-0.443515754504854,-1
0.3896566996078661,-1.2012892060818396,-1
1.3131478806559966,0.3974804117532993,-1
-0.4540357136423031,0.0973946911721143,-1
0.9816876278699298,-0.3036914803992324,-1
0.3385586844688343,-1.2603793859446804,-1
-0.9126167526289304,1.4051865825301857,-1
0.9231060946569268,-0.4958148303805308,-1
-1.0846724961953151,1.148892499328617,-1
-0.0763688717491337,0.6368561782384682,-1
-0.4840710044487011,0.593366676467033,-1
0.2826452327796103,0.6078826083553911,-1
-0.9526334183523868,0.0082493665822109,-1
1.0003448228368714,0.953633494256558,-1
-1.4549545870198843,-1.5871851429975634,-1
0.1938951136537562,-1.3924148270836088,-1
-0.8310831604085506,-0.4207208032211594,-1
0.6337982362791672,-1.4720048386874445,-1
-0.7959865086215345,0.5934671643055497,-1
0.1794823747016829,-0.9522011505434852,-1
-0.1176377505659687,-1.4898222879977303,-1
0.0655259483950429,-1.5880471444585074,-1
-0.0158614196309458,0.8974067933800793,-1
3.515687207014806,-1.244090782072803,-1
0.0601003415863345,-0.0196896463405807,-1
1.9543784917438525,-1.3155811309601757,-1
-0.7831891298641489,-0.1472864822298118,-1
2.446986024465965,-1.033700339941637,-1
0.5174546803116614,-0.7012649016712313,-1
3.1065529921250654,-0.823428093898013,-1
0.2550835145266964,-1.309447447491273,-1
-1.723601230302627,-0.0787536006307896,-1
-0.5445739489323871,-0.3579145091452327,-1
2.156021918048168,-0.9407210755007328,-1
-1.882276710011246,-0.2075726501184337,-1
0.077115440563843,0.1216712772009878,-1
1.3872227086716906,0.0753433699530213,-1
0.1354246473869628,-0.7865467579019253,-1
2.987473855229572,0.5499940259108091,-1
0.4311822459980108,0.2191824631009458,-1
0.5142052204534714,0.3618025797977765,-1
3.587020094358244,0.3806603470369189,-1
-0.0982241611461201,0.786043914790287,-1
0.7927402319967927,-0.2232965013214816,-1
-0.1470667551810615,2.2196197121164647,-1
0.7134822329113871,1.93440809253214,-1
-0.9845156377136998,-2.098465230641571,-1
-0.5205964537540552,-0.1068658663874439,-1
0.1681886100136909,0.7836631474512218,-1
0.3727832374065381,-1.2040894799387207,-1
-1.1062671597478808,1.225800953679652,-1
-0.0622407591277822,0.6279590228294362,-1
-1.5806496507745396,1.3018324386842046,-1
-0.8546942238137385,-1.2511674915459277,-1
0.4010200940333274,0.5552052431527748,-1
0.3165430188268528,0.4143951223819355,-1
-0.7317079254086182,-1.510362336442894,-1
-1.4965683486287047,-0.1357488114500558,-1
-0.4783835988648905,-0.2081834208713248,-1
0.374448660282996,-1.2312869478814292,-1
-0.1220346365318869,2.197417823336635,-1
-0.4916597790880049,-0.3572058156085134,-1
2.09400305955425,-1.3554550063570416,-1
0.7559380729029392,0.7756425066603919,-1
-0.8884085222570637,0.750824611938396,-1
-1.638348891358737,-0.7514536884910128,-1
1.0448572713473112,0.8250759089446466,-1
0.1190068693637413,2.287402986140078,-1
-0.1323174751067305,0.3668766588605673,-1
-1.7374318375373046,-0.7661519968412122,-1
0.4685081324577626,0.5859542413744055,-1
3.114636282658466,-0.8328382473430175,-1
0.9906175842042724,0.500555014234077,-1
0.3506081644306487,-0.4851403551800713,-1
0.1039176892914175,2.214469327758822,-1
-0.8870864138661276,-0.8839487870636676,-1
-0.4724133392764154,0.4241418511791718,-1
2.04349647520492,0.6085969112845877,-1
-1.5743814162197085,-1.2985123990812466,-1
3.0188953334148856,1.5953472610296453,-1
-0.8265815672406903,-1.9657635072751525,-1
-0.9095837460979764,-1.105507624755088,-1
0.9596887197713028,0.52831503941844,-1
-1.2677628853712406,-1.4354980740786922,-1
2.479202049641092,-1.5139764394829196,-1
-0.1667695583498421,-0.1459158719430161,-1
-1.7522676347081536,-1.395095687001888,-1
-1.12334031773309,-1.067394034502438,-1
-0.4504333746661972,-2.064216085502132,-1
2.657248848394126,0.3775189149860408,-1
-0.4991439763410607,1.0023231149001175,-1
-0.9630884635333816,-1.30142167810025,-1
-0.0894965060884095,-2.042469640254708,-1
0.9752431486541276,0.9718794894339874,-1
-0.7980976874566937,0.5817271721543144,-1
-1.6941142167118188,-0.2567410479274497,-1
-0.1387287789998113,2.325382194568588,-1
0.4278865574932763,0.1351325319106231,-1
-1.6504430932011265,1.3178713740847112,-1
0.8534036769613593,1.311180277965894,-1
-0.1389764257243091,-0.6265585300730194,-1
-0.4873245023617107,-0.1892098297897975,-1
-0.8306159296725901,-0.8714694445374093,-1
3.139541200385367,1.3534812015267512,-1
-0.1993800538392334,-0.5728484756302851,-1
-0.7715905426426368,1.392687271361583,-1
-0.0802832762017059,-0.9611018462520236,-1
0.5913463545587262,0.3206882620369336,-1
0.6455917278467563,-1.4831211114965108,-1
-0.2481308141483765,0.9912173787109174,-1
-1.12412775159565,1.109870065040122,-1
3.379888624418711,-0.0548497197782684,-1
-0.4235122666860764,-0.014353951525964,-1
1.8214115718046584,-0.9534547343062704,-1
0.1965578543763404,-1.848856138204625,-1
-1.5804612359884238,1.2628524157049388,-1
0.8159134559855015,1.836067756614602,-1
0.4240729520035205,-1.3341760883291394,-1
-0.9536704808649042,0.0549521744337043,-1
-0.3914365755407551,0.0379919669246134,-1
-1.1548953565849458,1.4399800561457152,-1
0.6064302736135636,-0.9114882621109875,-1
-0.6733102195635207,-0.7582730610797752,-1
2.4746609214062425,0.6923376868136628,-1
3.141383207686784,0.2825870586235862,-1
1.721027108813735,-1.651002482760627,-1
-1.0956739664821342,-0.4962694250023222,-1
-0.0065702925409458,-0.182854940082768,-1
0.8812844254101917,0.6629081926058955,-1
-1.3124149145285011,1.2215222822249114,-1
3.689536327762907,-1.22767475146371,-1
-1.700220852058988,0.2774832128665432,-1
-0.7692767969707575,-0.8196860833284865,-1
0.4995032677524659,0.7123468750664363,-1
0.0035169383368214,-0.1766849903830843,-1
0.2869558854523128,-1.0288289351992226,-1
0.928059333948074,-0.8097515042614775,-1
-0.1647660875851573,2.4060387893981647,-1
0.0647871446521839,-0.2417991352266371,-1
0.8744396654992477,1.0508183620046698,-1
0.322925055636338,-0.2134969761712434,-1
2.814234151357002,-1.103268081653131,-1
-1.4058552512077334,-0.2385648837502336,-1
-0.1723912424353091,2.13444496959502,-1
-0.6375540140153028,1.779734245181061,-1
0.825403315876996,0.0065475269077273,-1
-0.5444616534437022,-2.377143275932624,-1
0.5578741580191098,-0.5627044035626372,-1
-0.8147782272374045,-0.1507836951524871,-1
0.156824666224839,0.3518267835398916,-1
0.1090158500305803,1.8888965382885692,-1
0.6725538034559354,0.4087482526098104,-1
-0.5863191535378945,-1.8640996659970808,-1
2.751295317277055,0.3509567692803325,-1
0.2049284565169213,0.2644989954455841,-1
-0.7384161055412739,1.0314971384345066,-1
3.205659389426544,0.1568910608451633,-1
3.5953586199028846,-0.8382352558342415,-1
0.4553793993917057,0.5559445935277977,-1
0.5501925807429204,0.8376452026895552,-1
0.9655568776505864,0.3608082395416596,-1
1.1163543689709698,-0.5506145843177059,-1
0.5442197156616949,-1.137045404714037,-1
-1.4539493970837132,-1.6456398490473103,-1
-0.5784131266085382,0.6627489561454599,-1
0.2586996101776244,0.3685858637958557,-1
0.685779297429989,-1.2782366830186909,-1
-1.1737118290701014,-0.941074317381846,-1
-1.529704553409454,-1.107012768442117,-1
2.503776785990002,0.7406663979852325,-1
0.2530712325126019,0.8405578704319713,-1
0.325888790437025,1.8040682341374077,-1
0.2470191674817046,0.3563141228173629,-1
-1.4093484495512956,-0.11389012389319,-1
1.0002985941903269,-0.1934839184027727,-1
0.4872282394107033,-1.3407742134463376,-1
0.21831638286533,-0.2810492912813346,-1
-0.1816539856403922,0.0561565282069979,-1
0.3458479773758129,-1.0688182900528498,-1
1.114360197278591,0.0481849245961287,-1
2.278117507950855,-0.6615705757627689,-1
0.3978129045505708,2.131462622428484,-1
0.1122354192378839,-0.0073022743292335,-1
0.1950790739599407,0.0045531972787629,-1
-0.3817659633537877,-1.1574849653206838,-1
-1.2305478618381045,1.4537811233549018,-1
0.2339967897077614,-1.5054723737187248,-1
-1.370452548344722,1.2342409494122042,-1
-1.0325491190892282,-0.0113407959450312,-1
-1.4984469401605638,-1.706374834597606,-1
2.383940581042325,0.3114230095352043,-1
-1.6358978125255847,1.1859630152973757,-1
0.01640411886256,1.4140513412241338,-1
2.689637833558389,1.3722134486509832,-1
-0.0154650972069153,1.1511400789618949,-1
0.6825045343391227,-0.5273146302959231,-1
0.7089272181860217,0.4689821461711521,-1
-0.2278617476781761,-0.6212197496871767,-1
0.2392152422615397,-1.370702427397901,-1
0.1363240313944112,-0.3378827005854767,-1
0.4290151941002043,0.554727811681764,-1
-1.372860133839774,-0.7305196617661441,-1
-0.6964286692163635,-0.515606489101344,-1
0.3390472601663598,-2.0329101133673197,-1
-0.3770316288950185,0.4387056261291382,-1
-0.9659506960202532,0.1851237570186737,-1
0.0092349137506029,-1.637665857199736,-1
-0.9527310124270764,-1.4823132758157205,-1
-0.0261806384166374,-0.2541556988235874,-1
3.1584028142987943,-0.2667825883054996,-1
-1.3771415194288807,-0.4244215553663726,-1
-1.2754140226331532,-0.526675222000989,-1
0.3878406246862242,0.0688087531174905,-1
0.7175107849624097,0.8596619325885042,-1
0.0583997670415038,-2.1307336920758444,-1
-0.2114300831644384,-0.02342942107161,-1
-0.4298424684877339,-1.5793911814306771,-1
1.3438330066035935,-0.5686723350430283,-1
0.5133020024107975,1.3879933730786054,-1
-0.3580568362942278,-1.3728501927944772,-1
0.7093649778187923,-1.971651896313372,-1
-0.5708152569165224,1.4435767801529058,-1
0.0918264883175604,-0.3986176861357723,-1
0.0569599723287026,0.3860623064882382,-1
-0.5436714100687978,0.1084567982010273,-1
0.3091867016751553,-1.9271593853861209,-1
-0.6499662215307296,0.2769424246899586,-1
-1.4634756371860556,0.8628590529319652,-1
0.2832177200809034,0.9746732889962296,-1
-0.0290585297200825,-0.5741584458422884,-1
-0.4033013949679711,1.910344236651225,-1
-0.0750928621890482,-2.312938648726731,-1
0.3730568665427966,0.5674345728220388,-1
-0.8058763094441824,-0.833143949314709,-1
-0.3075181753489576,-0.0046513739147366,-1
-0.6237527480681209,0.3093432249194048,-1
-1.4226156645373922,-0.2647531713946741,-1
0.4469951945639108,-0.6969353015836566,-1
-0.9406729867759406,0.4478391722040722,-1
1.1460064704608688,0.3755794644632982,-1
-1.444964117050114,0.1359793901772293,-1
-0.8107833200887851,0.6279101372255685,-1
0.4742690518462537,0.4222875524910778,-1
0.2037892922952121,-0.4886302686301996,-1
-0.2159519225670825,-0.8059208015577963,-1
-0.2309091102793283,0.7541089431370196,-1
-0.2964835297394172,2.323445116291004,-1
-0.3071082502377134,-0.6113933268716759,-1
0.0582614891410584,1.0689117465923956,-1
0.0555525197719296,0.3782356450540812,-1
-0.4157882150148596,2.4189851783516607,-1
0.8004634505013164,-0.9975145973168976,-1
-0.9799014652538524,-1.1305213902866305,-1
0.4140754431103978,-0.2205725327594523,-1
-0.3659249762467671,-0.586995981209755,-1
-0.6305975079790648,0.6972533943181795,-1
1.188435025294285,-0.2739521172041493,-1
0.4103164821408141,0.7800536922191047,-1
2.5153519721205893,-0.0646011829933632,-1
-1.1631347197484334,-1.036252427428254,-1
-1.7472498968813297,0.3103121885135043,-1
1.9628666503906045,0.0836554184318195,-1
0.4859481917957983,-0.236623374206977,-1
0.1200120592999129,2.228948280090331,-1
0.1939380576284657,-0.0951006491502843,-1
0.7221358248010267,-0.2073307856446008,-1
-0.5026924983838794,0.1496251301659306,-1
-1.332317079645875,-0.2818131931404668,-1
0.1391851151225159,2.204508523119181,-1
0.1288905760022099,-0.7986533086418812,-1
1.093940398979498,1.6918060713776355,-1
-1.7838507121011298,-0.3743283451492661,-1
-0.368318675251303,1.1199834802694664,-1
0.772195554464874,0.4389960072663944,-1
1.9620063819024485,0.1304740088922606,-1
1.162794922331648,1.88837450090327,-1
-0.2280865426751396,0.0967389455644899,-1
-0.6009280995824203,-0.543978630733044,-1
-0.0032043749033657,0.6892751648365782,-1
-0.1821056317636792,-1.174949501966048,-1
1.2317675515533597,0.0461662608474061,-1
-1.672145878443163,-0.429316798266828,-1
-0.7007146422236804,-0.7304942851041265,-1
2.332624260466291,-0.5418184784971651,-1
-0.6660039650935933,1.911018884626228,-1
-0.9891224874468928,-1.3709618485446666,-1
-0.2704742596951917,0.756181772665896,-1
-1.1295086365237834,-0.1663365301822842,-1
1.3157112549778336,0.3156683487542965,-1
1.0288583094684518,-0.1979598063615057,-1
0.2285432741736263,-1.5916256397001345,-1
0.0816360570038202,1.4446964628838352,-1
-1.4043432954686124,-1.40903965335882,-1
-0.1414826242371237,-0.2208491401295226,-1
0.7178635342646318,-0.0709773473129294,-1
-1.152345868753625,-2.3135720795108576,-1
-0.5737653092462872,-0.2227471958212912,-1
1.1158748883261562,0.0521714750368328,-1
-1.4765499297515348,-0.0177145880194394,-1
-0.0418273205729569,0.3285438641653199,-1
-1.0471244202313503,-0.5446597530026857,-1
-0.8914457708624312,-1.904624006825285,-1
0.230482795766025,-2.3836736130785763,-1
0.3401110584736227,-1.2641888400998291,-1
1.2195464941324927,-0.3211442625736714,-1
-1.5906406701077005,0.9033259908326962,-1
0.3143746641826712,0.0787578032862061,-1
3.0663694605966523,0.8173314653500052,-1
0.5455068764038523,-1.589561479070957,-1
-0.7723989761229654,-0.7534234666358678,-1
0.5206204325856778,0.416845047119399,-1
-0.5115630929641458,2.16839536784969,-1
-1.3337386842532524,1.8954934692874152,-1
0.053697379362981,-0.226769531700492,-1
0.2335999179203405,-0.4345475739772559,-1
2.416188399010089,-1.3688176646810335,-1
-0.9381675416461108,-1.9537109707392568,-1
0.4940100873356479,1.4553690466314213,-1
0.6311720797870249,1.6259566384842874,-1
-1.3722870971750902,-1.68838706644859,-1
-0.7260476751672496,-1.970582444880756,-1
-1.1580306688446853,-0.1696566468194044,-1
-0.7782949685237753,1.2479754227684974,-1
0.1989186618614573,0.2934451456376769,-1
-0.8609178663036882,-1.3274827318170044,-1
-0.4680156201438041,-0.0555410342821527,-1
-0.1315995967777397,-1.814343334284393,-1
-0.8067391092211889,1.3597121594195574,-1
0.3826761930853272,0.2402288837113493,-1
0.1681853253418559,0.9338599127252152,-1
-0.3235204218996518,-0.8774903239468954,-1
-0.802909369755369,-0.1774919771532602,-1
-1.2246797039588209,1.2862743234781215,-1
0.1327677170452556,-0.3496533495750157,-1
2.950288852163016,-1.6740578556777952,-1
-1.906849390230797,0.2048079330897941,-1
-1.1837529110850324,-1.011843327295408,-1
-0.5052726302490712,1.074205181673877,-1
-0.2211246958377068,1.5310847501039946,-1
-0.4198949424926731,-1.1535408261892084,-1
-1.7599726631072536,-0.9603669271426724,-1
-0.056561565398005,1.8240903312552057,-1
0.121162640263782,-0.3775170997452149,-1
1.7208581868794184,-1.280329128241014,-1
2.630060205461926,1.0688001366513316,-1
-0.4041825888699955,1.122190843198576,-1
-1.0835717683138135,-0.0860229849995782,-1
2.941487133937234,1.841230376235454,-1
-0.7921379554829999,0.8805184599001683,-1
-0.7063652480489465,-1.7646769300576497,-1
-1.5617580163945315,0.3467959646969438,-1
-0.053100443650383,-1.6328351651232076,-1
-0.7670388867930066,-0.4800928706303565,-1
0.1087771685431005,-1.0648848391173338,-1
-0.8424185162928913,-0.6906085036602423,-1
-0.8083739622676758,0.7274788578839719,-1
-0.9216883457394534,0.4623794382121886,-1
-0.1291348354736653,0.4743146038384496,-1
-0.1519337611789931,0.4830278182176596,-1
0.8460169995790932,0.6728689972455362,-1
0.2131714441162321,0.2220641708528715,-1
-0.6290660593881446,-0.1415280437500599,-1
0.7065008932221551,0.1683689564522882,-1
-0.2235218835336717,0.0677621385340934,-1
2.703633874035954,-1.48136358270733,-1
-0.9391148023902752,0.4244818152548164,-1
-1.157215196441005,-0.8603139975664333,-1
-0.5047099913834746,-0.3851002226170162,-1
0.1250027775286892,-1.4132832367095851,-1
-0.7710792692051855,-0.4100633626679111,-1
2.499732025759015,1.3335224611145275,-1
0.9780826834010734,0.5155539609219185,-1
2.275042780407859,0.0112756483925191,-1
-0.4534508466164631,0.1442439384708591,-1
-1.072768561248807,-0.227977122621105,-1
0.2597424830710192,0.3023351531502555,-1
1.008622887900655,-0.4389626702851033,-1
1.1717246746463963,-0.6278778427865366,-1
0.7905713279892204,0.7657242649060731,-1
0.0010120425703821,0.9002070672369604,-1
-0.249392122294467,0.4312207964907932,-1
-1.7377196187241677,-0.3525427257399328,-1
0.7430132892036858,0.4044186525222356,-1
-0.1571136475768697,2.1683986049970096,-1
-1.386021962444844,-0.2317474026143446,-1
2.82888426905018,0.7391169515361012,-1
0.3326555789407721,0.089384738577244,-1
-0.1260054634104968,2.271403224901481,-1
-1.125551412332387,0.6201533067916247,-1
0.5875255061260242,-1.632351107781465,-1
0.9725705594958468,-0.3977752843767281,-1
0.8612283235757983,0.5526699737711323,-1
2.76931628536982,-1.0586991138549349,-1
0.566134916176148,0.2121255057279289,-1
-0.0458911040760609,-1.946667962442225,-1
3.4160105083570884,-0.0920812120842433,-1
0.541816921604447,0.7396787248332848,-1
0.6036107810818077,-1.448127487381856,-1
0.5502725340755769,1.343039095900403,-1
-0.1135459285217442,2.271996287405346,-1
0.2508340015139355,-0.9915974428932476,-1
-1.4661093204244466,-1.0551255306712644,-1
2.215570408876729,0.525401658349956,-1
0.1483358283990024,0.4451523347749855,-1
-0.2085892456711174,0.1914277180928689,-1
-0.1110508811910014,-0.6309918551464304,-1
-0.3174317726383125,2.248273589718428,-1
-0.5968297879782342,1.7057299412488365,-1
-1.7476762397719403,-0.6086484129133012,-1
-0.4074841675393154,-0.1540276580708489,-1
-0.8377413576431445,0.5816847608450857,-1
-0.8717340024566325,0.4590709244699,-1
0.1793756855742811,-2.273019124873317,-1
-0.1113069994009205,-1.2494431434163016,-1
-0.7920729873676408,0.3634884511000143,-1
0.8610118702485623,-0.894956752045133,-1
-0.91315361310236,-1.636423523382886,-1
-0.9991635694618238,-1.441730858458229,-1
-1.3589177804798025,-0.7376919470198287,-1
-0.1070234278667598,0.9435781555565018,-1
-0.2199941570890273,-0.0824158759486145,-1
0.9462421850518028,0.2466873468281216,-1
-0.4449758210772426,-0.1324188317948841,-1
1.0579743038679057,-0.317535110493741,-1
-0.718196422573759,-1.7457646526527295,-1
-0.0352300033669168,0.3091918084480538,-1
-0.7642031860812862,0.5384364514548523,-1
-0.9259593335294728,1.2699155442204078,-1
0.7643787001567717,0.3565789757165082,-1
-0.5568073860778009,-0.4052835992242168,-1
0.5255288757923496,-0.5409303870481356,-1
-1.8386017524653284,-0.1078150787035502,-1
-0.6373377647076606,-0.0931378673257895,-1
-0.7172079901809423,-0.9614513701935332,-1
0.4471985147836155,-0.9252078954251296,-1
-0.8904547329768641,0.2220546109870066,-1
-0.423988462659055,0.4382353425545814,-1
0.756429383908909,1.1775730992870432,-1
0.2668424779932034,-1.2950604656746751,-1
0.3835936373825055,0.5173076201954026,-1
0.9599875779363376,-0.876418332701481,-1
-1.258870611994121,-0.6234555748495296,-1
-0.3944144623920466,0.2055600804780012,-1
-0.7316871298104438,-0.5074863372259989,-1
-1.000455237838483,-0.2984842136306543,-1
-1.2931469999396523,1.5131838476024029,-1
0.2986480286936951,0.1560634730642656,-1
-0.8524668412507687,-1.2451082631524404,-1
1.1234714552717968,0.1618166313677312,-1
0.0804988747075708,-0.1298122341424895,-1
0.4056693439576475,0.1729877435587666,-1
3.251034168134308,0.3718519249954783,-1
-0.1277781989816472,-1.1859620497892784,-1
-0.2617009253543272,0.3994437156035157,-1
-0.3268684947756044,2.5560471586439584,-1
-1.4468323107828862,-0.9332086333618732,-1
0.9678719260688412,-1.1803824474718625,-1
-1.0412789600919927,0.3180533537273888,-1
-1.2858377446011926,-0.4999362831619124,-1
1.0730303884012162,0.2841804548859226,-1
-0.8463984382242131,-0.4468784340272962,-1
2.798425790209312,0.3338355854340256,-1
-0.8633569107560899,1.0603160546989134,-1
-0.0468150379332007,-0.7116366955050821,-1
0.3573407586686017,0.9782742269047412,-1
0.3759522743523895,-0.2361762964220836,-1
0.7406155521443305,0.2657541262756187,-1
-1.0743722208980324,0.6441035746686522,-1
-0.3739809816220315,-1.0868198319690514,-1
1.123430487642739,0.3198094012375779,-1
-1.1648117633866453,-0.9699591538973314,-1
-1.7347372242383745,-1.2108414097639753,-1
-0.4174705994542663,-0.0315482035198033,-1
-1.057712476715496,0.3737384427585585,-1
-0.9783698126433382,1.3511960099682463,-1
-0.0872611271995088,0.4431610907172471,-1
0.3278067630482645,-1.9866964914577616,-1
-1.0953372213402823,1.41170003660502,-1
-1.5812416309276318,0.6033484265030191,-1
2.045537424907234,-0.1677432702932003,-1
-0.7728602666623549,-0.4901267434175295,-1
-0.4324381849655993,1.027043541566565,-1
-1.6957288235235222,1.4385597350771435,-1
-0.9827083740414674,1.333396789423524,-1
0.7148252667161914,1.1346066774431665,-1
2.961227885623326,-1.6579034408205275,-1
-0.9228260773990932,0.2125288265091477,-1
0.1413286361137036,-0.3083741447278226,-1
2.6262388076658336,0.440418852156217,-1
-1.7998039946968352,1.0744114375271965,-1
-0.896898113465885,-1.151690589826342,-1
0.0199077150052094,1.790814580975538,-1
2.519496308351726,0.0117259633247319,-1
-0.8011082002673159,-1.2582973654903833,-1
-0.6052107879179024,-0.90906319200982,-1
-0.7263230024256654,1.6114882465053508,-1
2.564905485344878,0.3690875881531872,-1
0.9739843717968876,-1.7341546110599622,-1
0.6754686243336189,-1.2748857579671735,-1
0.4986391652290846,2.234020316124155,-1
-1.3771524665913586,0.3987985303484641,-1
-1.1028338725217852,-0.3972324531711763,-1
0.0118931468386854,-1.403376597850098,-1
-1.1573777586310534,-1.833846631164211,-1
2.856987830570516,0.1942656038749769,-1
1.160810395055372,0.9927712564257204,-1
-0.787811094630333,-0.2743029868401045,-1
0.0127503402544088,-0.2561859654671416,-1
-0.5624026682038105,-0.4620934995865089,-1
0.593656895342479,-0.5297718545059333,-1
-0.9638544226186828,0.3861563200321162,-1
2.706084199486121,-1.539787631918773,-1
-1.2665566969048123,1.4676246018733172,-1
-0.1698436067137542,-0.9656317484148168,-1
0.2747335994889708,1.421080727330073,-1
-0.6133399732625593,1.1058243717951646,-1
2.729757829533512,0.7517625505758618,-1
-1.7501797029763104,0.9715222970794866,-1
0.0705351405325457,-1.037552686198299,-1
0.37834672673991,0.0526849950985266,-1
0.0581717671564137,-0.0508617586769751,-1
-1.4873913691371552,1.4566936395212249,-1
0.7560349135946444,0.2703643960584915,-1
0.0127561506352858,-0.2757338682612485,-1
-0.0321813380193894,-0.3949542166995947,-1
2.875053045384365,0.7531065663495815,-1
2.266379889445913,-0.9977396436857556,-1
0.1354097419533738,-0.5972541870397183,-1
-1.1867171154654017,-0.493033979407566,-1
1.0023511646543948,-1.0089199055687743,-1
-1.3819185938427654,0.0025725135735972,-1
-0.1122795633777613,0.8166042138315311,-1
-0.6419064619039482,-1.909805048021232,-1
-1.562508520682853,0.5204233066438189,-1
0.0207002058656618,-2.401838174360961,-1
0.0315477394354618,0.6364210065005932,-1
0.9175752312828857,0.2550033457803073,-1
0.1935117945215633,0.197655222296119,-1
-1.0204819983853803,1.7490669840066613,-1
-0.8756689984877849,1.1787357390856292,-1
-0.821356471139342,1.3570157621246055,-1
-0.2247409213043289,0.0209554541206706,-1
1.0448019476480546,-0.152296835646584,-1
-0.2444896192843662,-0.3391027195788296,-1
3.0179042955293185,-0.5313313567826464,-1
0.8456192445929938,-0.0841429407090224,-1
0.0332989260254531,1.0950695289746255,-1
0.908539339204126,0.1257796298169985,-1
-1.1516549917794678,0.5466572427448076,-1
-1.019975232582431,0.637046920447822,-1
-0.5414511406330803,-0.5371187382879264,-1
-0.734221033029091,1.5642111269412782,-1
-0.8373092043716567,1.4810974594777844,-1
0.5136494906955331,-0.8477560893520053,-1
3.692813276798827,0.5205226011860976,-1
-0.780257267639808,1.8585268298805857,-1
-0.6461293689376575,-0.608626947000418,-1
-0.6358939319400398,-0.7642898781640336,-1
-0.8307191301085629,0.9780146541818818,-1
0.8896133065387299,0.9384153431261192,-1
-0.5282521784341778,0.2809710832877048,-1
3.124865230096122,0.5236088249145626,-1
-0.3002362051686336,-1.5085375004747512,-1
-0.0292130955842006,0.931880423138402,-1
0.484590252557405,0.7524706117442035,-1
-0.374875728179284,-2.39411847505996,-1
-0.845912393815538,0.92662835682389,-1
-1.1978705461235883,0.7102083005952808,-1
0.0396206321697749,0.1255728534471411,-1
-1.0587287436298392,1.4233172498269469,-1
-0.0025428392167041,1.3917150706201642,-1
-0.2588886757655173,0.4523521912957477,-1
3.193734658881861,0.53088468357799,-1
-0.1815935251595349,0.2298570898774986,-1
-0.8933099265403834,-1.1281680426385494,-1
1.07664114325095,-0.554612889229335,-1
-1.2470081142563534,0.6940421312670882,-1
0.6912564736864368,0.8173498869250997,-1
-0.8465296772013066,-0.0840010841035362,-1
0.2070890188547662,1.4410636502859615,-1
-1.524105233228625,0.7954411196460138,-1
3.4000850602829096,-0.4772335189353656,-1
-0.7208883005642449,-0.1266139196806759,-1
0.5655488261876411,0.7058100636258454,-1
-1.0890727410369685,1.4979265223100549,-1
-1.7039577888879225,-0.5362347488883776,-1
0.2117907273542046,1.029661590537698,-1
-1.6254422977649077,-0.0407404982166562,-1
-0.5428715222777907,1.0996541189432945,-1
-0.5295003534727367,1.3968738207253193,-1
-1.1917503080892056,-0.6844911987374671,-1
-1.519657661013646,-1.055791661322662,-1
0.6717370283058796,0.4282229356802917,-1
-0.3057325904735781,0.5963979092374362,-1
1.2061434527510928,-0.6301158625539497,-1
-1.6906528909446028,-0.3931677059827468,-1
1.929608301685474,-0.6944758567045816,-1
-0.0871629837614285,0.6090656477918948,-1
0.366323852757147,0.2607740607567058,-1
0.7046516429777918,0.7555323497768172,-1
-1.5879078244881566,-0.873817512009204,-1
-1.3599970335840446,0.0075374358981723,-1
-0.9081204204785563,-1.4449663040529843,-1
0.5178814927819543,-2.318678858440919,-1
-0.5780530545796617,1.4275568986958715,-1
-1.1306536111263696,-0.899917891463961,-1
-0.6938658442579171,0.7272395332229374,-1
-0.6308081509254239,-0.7699212342921926,-1
0.1537419423559117,-1.4548984948832884,-1
-0.5821818562301102,1.0489955690654935,-1
0.9747647667360952,-1.0746506218580425,-1
-0.8406147413120879,-0.42904855664427,-1
-0.2145431672639343,-0.1269114724470918,-1
-0.955862082612402,2.074192847268114,-1
0.8341921847985485,-0.652424713466935,-1
0.2918669341517352,-0.6442390340136614,-1
0.2773280132204609,-1.856536663343717,-1
-0.7699005699164874,-0.3182055208347168,-1
0.7923647051709366,0.5258462123135981,-1
0.1465697363754221,0.1757963831631599,-1
-0.0794742933579867,-0.1396491935778567,-1
-0.5522763718387365,1.4191795860670784,-1
0.9987580505466948,0.8150421877335667,-1
-0.5424654256219638,-0.3089193641700793,-1
-0.3053232147257245,1.3143140416037808,-1
0.8878535742594174,-0.6751465966030972,-1
1.1698708369838229,-0.5617003518645621,-1
-0.8389915888110633,-0.9694359223936796,-1
-0.0238302287306076,1.386707585410267,-1
-1.6608222231042846,-1.33204976511274,-1
0.7895815928500287,-0.689771685229671,-1
-1.3738367358714343,-0.5101162922441501,-1
1.1422222062586087,1.0640602606956149,-1
-0.6753610177015312,-1.8080289644337184,-1
1.9334024143234303,0.4431394319948336,-1
-0.7705730527656267,-0.1974253409034665,-1
-0.9130210713788915,-1.328118205630098,-1
-1.2078856457267588,-0.5409773811991293,-1
-0.1443651029587791,-1.061837789550778,-1
2.64048262468359,0.370878530135707,-1
-0.8739413428044126,-0.5399530577065238,-1
1.15947700566667,0.2981699181233094,-1
0.855393261235528,0.1913948666495051,-1
0.7215529397006464,-1.0755594658938867,-1
1.1354773621118026,-0.2473169033509087,-1
-1.419329824468354,-2.0067993251360834,-1
0.2288935719707063,0.8354890715454668,-1
0.2051037381955054,-1.45038034719142,-1
-1.2884388018802526,-0.4103282155670564,-1
3.01321804182686,-1.6338799532198744,-1
-1.2893840806989574,1.1464851374764755,-1
1.0044300013335257,1.5274427465807,-1
-0.8797417972598925,0.2849850534193933,-1
-0.9548700257837625,0.3398388215606289,-1
-0.6842752354355917,0.4059891959438058,-1
-0.1012833541084286,1.1566559556332927,-1
0.6553235538975657,-0.5090567290714755,-1
0.504449393916361,-0.2532245636969514,-1
-0.9693225038224188,-1.8791749179797743,-1
-0.5212099086844063,-0.3156637771584357,-1
1.20987457919915,0.2031500019950781,-1
0.2438398125204744,0.0986794125654873,-1
-1.3341462876750487,-0.6876145535988748,-1
0.9417223219948104,0.919502914145106,-1
-0.0524693479779984,-0.438868505165132,-1
-1.0138906213759111,1.9171668463873068,-1
1.0235568285095844,0.3558855769502199,-1
1.935649968917284,-0.7116701086984208,-1
1.0409923802131182,0.2240385318394918,-1
-0.78605540040584,-0.5063850348367265,-1
0.3382117455474894,-0.3492880088373537,-1
3.1009780860495337,1.2793920749760692,-1
-0.5358642001767979,1.6852765831422978,-1
3.269953841055436,0.9034221998037486,-1
-1.5003870111163529,0.4103312241041203,-1
1.1599402781315191,-0.7865062380455701,-1
0.0349207757801023,-0.1165005044513317,-1
-0.5079594512416646,0.6779672588519918,-1
3.203991440841044,0.0534396663079852,-1
0.0689281962114853,-0.0152752236345485,-1
-1.477723492258632,-0.9132446127733632,-1
2.743626669088803,0.1067068568671471,-1
2.6708597974134407,0.9792038235274008,-1
-1.0961807322850836,0.6157506385565175,-1
0.4544930687080806,0.5714633829958783,-1
-0.5791018676696272,1.6812595274393831,-1
-0.1048792035245731,1.8061567288863432,-1
0.4247837914091593,-0.6786279927296199,-1
0.9181722684338702,-1.0619012978324456,-1
-0.6940733323481353,-0.7222278453576234,-1
-0.6207852590159167,-0.3596628882424305,-1
-0.83695775781581,-0.1207244881001969,-1
-1.3928972921857583,0.8155935362627239,-1
2.941712478297588,-0.201386404339497,-1
0.1718605787272662,2.1144111180062968,-1
0.9770683984121896,0.7437533350397658,-1
-1.4907378737066443,-0.2954596067309831,-1
1.1393397275369537,0.2230716112743593,-1
-0.3021958987919159,0.4443792419904327,-1
-0.1981954143539643,-0.6684425518950026,-1
-0.9910367058066152,-0.266768446419984,-1
0.1445813806437286,-1.521638391470824,-1
-0.5549912313724505,-0.4636650855503381,-1
0.3882486976877026,0.1155422178072875,-1
0.7176978970021503,0.1494992419326903,-1
0.8731957940755968,-1.8445083093514865,-1
2.6644132620682788,-0.4122486273157596,-1
-0.0821624170969555,-1.2070697840762896,-1
-0.0225729586393366,0.1010601799045525,-1
2.6628115843445133,-0.3615473629765439,-1
0.4725907054616665,-0.1826018416545477,-1
3.04880136716965,0.6408731927079456,-1
0.0531053992098887,-0.9252535438816776,-1
-1.0904393057483917,0.1203906181328423,-1
-1.7369250717343552,-1.878172060400052,-1
-1.0087820628376614,2.0930320565255016,-1
-1.3449735750100646,-1.3983396499202498,-1
0.3446711301968806,-1.8141515495327805,-1
0.9675244377841056,1.0553670149587486,-1
3.297360036041653,-0.989548466691845,-1
-1.5551231460469623,0.4875519196876291,-1
1.079264978053644,-0.4627243905578372,-1
-1.6676824378122082,0.5698110604715255,-1
2.2089886762833624,-1.1371009574220738,-1
-0.6198950998768744,0.4266498524459232,-1
1.1545601465863704,-0.0668720802681447,-1
-0.1337275331562539,-0.9833153379266848,-1
0.1977041317253017,-0.4440921092464004,-1
-0.2542376535151397,-1.7950571988182056,-1
-1.3856360378199006,-0.4794521166409767,-1
0.1786949408391229,1.2250629489990743,-1
0.9868573204883132,0.8299985715360862,-1
2.3451781047578986,1.0995339916786249,-1
0.5171168364430284,0.0400818073679948,-1
0.327146060528296,0.5184208286316931,-1
0.2847506012338928,0.6391705033007332,-1
0.7678751831721686,0.0817074505854713,-1
1.9837246219414648,0.3637115250583086,-1
-1.5497430145018136,-0.2320822380897964,-1
2.596760135744753,-1.547179121615055,-1
-0.0766093255626708,-0.4517333086474898,-1
-0.9732352716933276,0.3466445482255927,-1
-1.0520873039386,1.2636796742696454,-1
-0.1306417342148938,-0.3705992823469025,-1
0.3420096922206716,-0.6865275707352159,-1
-1.2683500740865286,1.7075026544657923,-1
0.9063236571866188,1.2923410687085066,-1
-1.1036604961075378,-2.203853855032427,-1
-0.424253675921686,-0.0104712776471892,-1
2.90574453107623,-1.5572521685641372,-1
0.5179811429860041,1.8389072046333923,-1
2.9322081825521864,-0.7189481619669084,-1
0.0211286048856325,1.1841458477422242,-1
0.3629098543632565,-1.1049980391752343,-1
-1.0894404755564877,1.4061419002004862,-1
-0.0743416045177419,-0.4907252376737739,-1
-0.8054337583736074,0.5677067489264371,-1
-0.1497687654105464,-2.5195409510395383,-1
-0.992813874808367,0.4549997029868318,-1
-1.1972330907069362,0.5599689724359653,-1
-0.2353075827949242,-0.7620489244014877,-1
-1.668718950961335,-0.7081442170002651,-1
-1.2580030207793107,1.0251730571418742,-1
-0.9746564067210228,-0.0124233475430182,-1
1.3139588454251756,0.3975536314769251,-1
-0.622392203336977,0.66261457432132,-1
1.209091448951498,-1.6308153072561324,-1
-1.0087456826268135,1.414053384253101,-1
2.280302620138392,-1.1687012451759828,-1
-0.0439943224387778,-0.715531275430875,-1
0.0193807029674762,0.5753005599941983,-1
-0.7237694765395251,-0.2964199014253835,-1
0.5342618716512552,-0.8526172866907442,-1
-0.9708849918229918,2.155411847763252,-1
0.2000699962083111,-0.317179481198037,-1
0.1971711794909976,-1.4721542121298283,-1
0.5714455719714358,0.7002519272213122,-1
0.5009393082137501,0.8821221999728404,-1
2.149752930110352,-0.3362169907351134,-1
-1.348405559489785,0.8958764246071264,-1
-1.2109525011797102,0.5026579800847195,-1
-0.9671170155844044,-0.2266755181566141,-1
-0.1689501629028769,-0.3295157730004567,-1
-1.2925004494702883,1.193199851374987,-1
-1.6821328597215046,1.0178207416075018,-1
0.361547197890959,-0.4689859403228037,-1
-0.2339281687792717,-2.2408290117628624,-1
-0.3920824468310349,-1.13458613747506,-1
-1.1120131737027827,1.2001750717007726,-1
-0.4502786047824851,-0.2497561161597061,-1
-0.1071437196813754,0.4832354197654251,-1
0.4119011983016308,-1.7483784219342835,-1
0.2038042775125094,0.5337936333808023,-1
-1.0600920236694276,-0.1044154196242589,-1
1.0822286330706228,0.3431243468776049,-1
-0.9326372276354602,-1.3798710615768106,-1
-0.859754701595678,-0.933390706671528,-1
0.2895373200638798,-1.2822263190306211,-1
0.4480230822400081,-1.7856099142402588,-1
-0.951172828041411,-1.5056706327649765,-1
0.206242353053824,0.6274070022076479,-1
1.3462405920986455,1.3960882761353202,-1
-0.7465298360889511,1.5324340460540005,-1
-0.7890210373482783,-0.4908543393216276,-1
-0.3656512172948146,1.016624056247199,-1
-0.0300506663324308,-0.051520893008012,-1
-0.3713693967281903,-0.8428939152592647,-1
-0.5364965985955578,-0.1798727444923255,-1
-0.7943594478813844,2.066627801585783,-1
-0.1686264710848483,1.114270841822356,-1
1.348790833312951,-0.3616231065214208,-1
0.5051635179938347,0.2521267666285745,-1
-0.7568146565892545,0.523272314528474,-1
3.4008894557084184,-0.1767667686637529,-1
-0.1222447301148555,-0.5944148905970211,-1
-0.6055785224374217,-1.0008478141193886,-1
-0.1999375058912436,-1.2968357424371355,-1
-1.552146012578656,-1.6758569468655906,-1
-0.6035317623542308,-1.7967358984912836,-1
0.3690594336851353,-0.3419081220359035,-1
-0.3253910171055801,0.0314551554840225,-1
-0.1907963572471513,-0.3500727045167382,-1
0.5733669034584102,0.2476932899790702,-1
-0.9492070402339494,1.0540800331720577,-1
1.0976842449160906,-0.1633400403081183,-1
2.0527921099294217,-1.1623953926489143,-1
0.3987860178908021,-1.259242820142633,-1
-1.3534569422190128,1.0439085414134257,-1
-0.4832861018749913,0.5621400951982982,-1
1.832801498005271,-1.7020350422757886,-1
2.179129420538533,-0.3601675617643275,-1
-0.6337730344848777,1.2414502142227382,-1
0.2580790421200211,-0.4918468118575771,-1
0.1816538842020056,-0.5988565814179445,-1
0.8369244810547021,-1.1049101309855511,-1
1.1194993256468118,-0.4353806347439706,-1
-1.2842322328422011,-2.0254923980984056,-1
-1.7443486786908595,-0.5128465835247248,-1
0.6155299052652072,1.5179256310025402,-1
-1.25677577115462,-0.9257016642088304,-1
3.5029828349139,0.4662396044579353,-1
1.0998993775702073,-0.0052433938763423,-1
-1.462622481825152,0.1644056975890831,-1
1.0893548144241618,0.885810894494942,-1
-0.0808335353427555,0.1782621246967759,-1
0.3974494736459591,-1.9715514084748555,-1
-1.4399738684010202,-0.9698775684261934,-1
-1.515901984715897,-1.9062211210272253,-1
0.3583010227046039,0.4438847758722108,-1
0.2393999027961382,1.2768888730933197,-1
-0.6322201111166987,-0.0870173252556951,-1
-0.2259507342065803,-0.3634999136646571,-1
-1.653460848954695,-1.0058839131386226,-1
1.3740770882465851,1.0560057259191615,-1
-1.011233691034204,1.480273438060397,-1
0.8277691803600054,0.1334601549560906,-1
-0.9654348351645918,-1.0966409746082662,-1
-1.111979528800379,-0.6532649206209191,-1
-1.120323864725897,0.5851785850443484,-1
0.3018539154300767,-2.091376573887992,-1
-0.8293267128010727,1.3430379017820504,-1
-1.812877737898924,-1.130820288747492,-1
-0.041575789781248,0.4260092500326366,-1
0.5494881010815493,-1.1621088810273552,-1
-1.453967587189137,-1.3061505129111102,-1
-0.2998462424888707,0.0894017732244552,-1
2.726225515670657,0.3809546626560153,-1
-0.3465784110716374,-0.4611231902979636,-1
-1.131274179183973,-1.7603505671173938,-1
-1.4797143792791758,-0.4646418691335221,-1
3.6474931481910433,0.4988102015003898,-1
0.5929331268489029,0.4592795685599248,-1
0.7489750031028395,-0.1181694926824515,-1
-0.4834907248410712,0.1192300213632234,-1
0.0120802588784258,-2.113539288505912,-1
-1.3481911622919087,-0.3235202702529881,-1
-1.2626983695344816,0.0923691287727467,-1
-1.2262937614071334,1.656917021159431,-1
1.703853485700997,-0.920252052174135,-1
-1.1547628148614772,1.7482853738985031,-1
-1.5920956540573934,-0.9228007509373392,-1
1.0956966425673815,0.1350659380577295,-1
1.1157863893041784,-1.608135835429199,-1
0.5068269589448327,1.046308731636407,-1
0.1197839054272141,-0.3912991130109295,-1
0.1584886565392276,-0.1786493367755599,-1
0.6200932616603,0.8177661562955961,-1
0.2912093067041992,0.6668690632323955,-1
-0.8677326057480517,-0.27434524657324,-1
0.4751617422741463,-0.9374372250943936,-1
-0.2217583970028419,-1.0052472452071766,-1
0.1402344775758721,0.6261478090523857,-1
0.2187980494551972,1.6152840547367011,-1
-1.1021437489306125,0.4671561160846568,-1
0.0808321311579936,-1.3921448455842704,-1
-1.0998519476156745,1.2808434210012742,-1
-0.5612940738120723,0.9504665339675692,-1
2.935646810579477,0.1748450865846496,-1
0.7870124081473144,-0.5884117194365613,-1
-0.9547913751974813,0.1740500470949291,-1
-0.7491893719234086,0.6269621190278146,-1
0.3032257411589863,0.5912695128183985,-1
-1.7160390616423744,-0.1115092049780314,-1
-1.3635045879978056,-1.0031533187058614,-1
-0.5412554829040185,-0.0923680116885562,-1
0.9024769561578498,0.3518143554671517,-1
0.6707864086859799,-0.5317903666785627,-1
-1.6490378265894077,-1.1734213698537068,-1
0.2887518681267795,0.0736583475613979,-1
-1.027598535322817,-0.2880223170020597,-1
-1.7508497843522934,-0.8858310259592835,-1
0.2428799680321688,-0.523685206421462,-1
2.523893348305253,1.024605178490496,-1
-0.3236026969217563,1.806965758685486,-1
-0.8634895822952525,0.9199147522499306,-1
0.2969428667306544,-2.475966475073552,-1
2.059312159079264,0.866940466649276,-1
0.4070040360927247,1.538771749537725,-1
-1.0366433926385947,-0.4154053802010732,-1
0.4095284247109633,0.793573023458028,-1
-0.9542995946118292,-1.9603939184749124,-1
1.1852705757666435,-0.7208793983182319,-1
0.422840231761941,-1.7322240070770163,-1
-0.0806120250176269,-0.3894998052808975,-1
0.968881154059832,0.6068068342042293,-1
0.0840986823948264,-0.1453854925429106,-1
-1.8448740250749789,0.6468857713360627,-1
-0.6875350930928689,0.9676186778043664,-1
0.5699141233805156,1.5390333652895514,-1
-0.6904475922811044,-0.5385972874618792,-1
0.3553185484351024,0.0904669870230444,-1
-1.831591355291903,-0.7162018373479443,-1
-0.0230895728779827,-0.6130158414683394,-1
-0.040921576821241,-0.566998066635622,-1
-0.8794200873673236,2.550151101192747,-1
-0.6544001910584948,1.2676999671198794,-1
-0.8886515073594512,1.8082726433262637,-1
-0.4340535451602871,0.726503571571327,-1
-1.1405293956428075,1.1773070522695457,-1
-0.6411493140680565,1.1045769331108275,-1
-0.1320646415686464,1.1355247124044316,-1
0.2520801946270348,-1.286120747380321,-1
0.2268513195220172,0.9406465854467072,-1
3.028891409745939,-0.0215349469127847,-1
-0.3502787636701298,1.3666790139978304,-1
0.3231655892335837,2.0868089835879235,-1
-0.1272206171139429,-0.6298787982862329,-1
-1.403053948781401,0.6375636776568351,-1
0.4855583088997439,-0.6228461750329746,-1
0.9260925271975396,0.4915304733212652,-1
2.950752328647459,0.5617648264764414,-1
-0.3915698706472083,-2.2661541038280064,-1
-0.7140663181769352,-0.6960206553458042,-1
-1.4412448209632132,-0.0354713972549331,-1
-1.5985368486013602,0.2025734536218868,-1
1.0363445628508672,1.1095346838062428,-1
-1.075946613463662,0.1855708348035672,-1
0.6442046513404613,0.6686822963057066,-1
0.4712404287139161,0.1334688238557896,-1
0.4913381717766436,0.8698385529473291,-1
0.5465211613927357,-1.817760853188804,-1
-1.0336836958927271,-0.2434841576182604,-1
-0.6867918317474936,0.310260586278855,-1
0.6677916344756398,0.6464497506875734,-1
-0.3681197328504061,1.4145374415948433,-1
0.8772147017105167,-1.4248517159037382,-1
0.5058763393249331,0.0862954292775527,-1
2.6296715455285384,0.1420435306286728,-1
-0.5133858114333578,0.2504840039700865,-1
-1.3295075653655095,-1.4033660374975256,-1
0.3771407422930758,0.4700611574696332,-1
-1.5044845693375544,0.1564634051220717,-1
0.2664196237940217,0.956281005947642,-1
-0.6158071860717755,2.1749204248193563,-1
-0.2568166124496502,-0.0313904643299067,-1
-0.2102324403873317,1.7247798376252157,-1
2.6606763252393444,-1.2259665890706806,-1
-1.4169591685475404,1.9615980436379503,-1
-1.7478886550443569,-0.210631151003728,-1
-1.084701837482811,-1.0088969171434623,-1
0.5035026825355869,0.8003101369738375,-1
-0.3978122526059727,-0.6783219226395985,-1
-1.6946399260031768,-0.8010724012322415,-1
-1.7655730820148636,-0.2135046445842346,-1
-0.0779414122049975,-0.475151979273353,-1
0.8431709010682857,-0.8470983244481203,-1
2.693739146031107,-1.0604900558374546,-1
-1.105392659425412,0.2055655122303807,-1
-0.1018031232032157,0.4248726842305892,-1
-0.7298943019921181,0.5772936955048101,-1
2.866434950506895,0.3879300345578941,-1
2.29004935162279,-0.3839294336131547,-1
0.1245583743483483,-2.1606585173039945,-1
2.16197453689461,-1.29356455263732,-1
0.0611277596827495,1.4280102991993102,-1
0.6622698661543106,1.227523258780311,-1
-0.2146341177910541,1.5705352082339108,-1
-1.2230170163908076,0.0846155354861222,-1
-0.59049179387024,2.429839835408901,-1
0.5426570236415276,-0.4229574772941266,-1
-1.393507462444275,0.4565988602177386,-1
0.747283727630315,0.9215406318373008,-1
-1.6904839690102862,-0.76384106050236,-1
-0.9936119104896084,-1.1896730354021716,-1
0.5426142039027038,0.3885107102224563,-1
0.2521069304217803,-0.4706966662613374,-1
-0.2820806392230406,0.0571353548191487,-1
-0.6553962859419543,1.156410005101526,-1
-0.2395550396783251,2.222824500872917,-1
1.0964626016526828,-1.5525120600746367,-1
0.2419801644770238,0.1844048062815686,-1
-0.7772210562207275,-2.0140806155518898,-1
2.317244014535269,-0.0509461005031481,-1
3.158171659557563,1.7953820950635582,-1
-1.256161562841284,1.2789369995619932,-1
-1.4008759497211172,-0.5212017566388198,-1
0.369582407668049,-0.9720380887804024,-1
-0.0553751535866783,-0.136695635529457,-1
1.2838616615758511,0.2165464027286,-1
0.3048208551188903,-1.4357246017265426,-1
3.081045430885897,1.647203841962194,-1
-1.5266407730289353,-0.956638906882568,-1
-1.0683682366234453,0.634705327270666,-1
-0.3388244187175486,1.425726782551442,-1
0.8290967593678302,0.8476093960526084,-1
2.601042824080235,-1.1820945603382789,-1
-1.271721881888694,-0.3567960205326558,-1
2.241540693217356,-1.7052483483558467,-1
-0.8696877917368321,0.9878409254212894,-1
0.2086808481428352,-0.435733698984986,-1
-1.4191860017471196,0.6308807299211794,-1
-0.5938941715023762,1.0249719298887474,-1
-0.3582983888345462,0.1878764909661332,-1
-1.2507170125441671,1.366930918307698,-1
0.8891533187457157,1.8728947340210051,-1
-0.7929800338657319,0.587847714224409,-1
-0.0398304933558421,-0.3075107975724327,-1
0.368655318954768,0.2452859281269289,-1
0.3346672615594904,0.6436579941542979,-1
0.4441225642779521,0.2881721339268195,-1
-0.3448083607769459,0.4421602761664916,-1
0.8042380702874738,-0.1915926401578296,-1
-0.0245528984974027,-0.2735571621704428,-1
0.5710323621883565,1.4571906454522447,-1
-1.5354518701107311,-1.803821318097544,-1
-0.5760350122166757,0.6376241661555343,-1
0.4687888005173732,-0.4792897946093149,-1
-0.9982473481273124,-0.6241183167775144,-1
-0.0983379634007742,-1.1864088244219857,-1
1.1578530997826606,-1.1572834691271128,-1
-0.8407967963539359,-1.7342745217823952,-1
-1.1381245454562,1.9676063433986035,-1
3.3396964674172684,-0.7807200506586428,-1
-1.754520999682884,-0.2207382435145266,-1
0.2795230536274025,0.6741452250480097,-1
-0.8323331875568754,1.3486573518631912,-1
-0.626550765822618,-0.7169821017616571,-1
-0.1157363815104755,0.2623003014161736,-1
-0.7792066024400767,0.9513487834903376,-1
-0.3966821834369755,0.2445520095042854,-1
0.201901605710641,-1.8895116237096492,-1
-0.1255404186195901,-0.6784648217873439,-1
-0.7991301625510012,1.149415882408362,-1
-0.8847010565313191,-0.4253428274749571,-1
-1.134424742221098,1.4644622244260934,-1
-0.2490120080504008,0.2030639852582681,-1
0.045642676734092,-0.0554107147832405,-1
0.2629492029740937,1.2624523320710397,-1
-1.0616456206368827,0.4399278397275513,-1
-0.2363731534282446,0.3344216928509674,-1
-1.8553472603613976,-0.3232959372101979,-1
-0.9095375174514316,0.0416097879042428,-1
-1.2128388850179062,-0.2270407073181827,-1
0.2692300212730658,1.6626648992866104,-1
0.0228043457774691,0.4466699065347542,-1
-0.2585917995259425,-0.131001747873632,-1
0.2070890188547662,1.4410636502859615,-1
-0.3163747476943136,-0.0031104447892112,-1
-0.6836468750716513,0.4254945358525904,-1
-0.4956942713355987,0.9049922624330344,-1
0.8856125890092337,0.1792694135421704,-1
-1.4240580647429435,0.909677491816313,-1
-0.2676782980700545,-0.8845163213294217,-1
-0.2500022925529833,0.072226120445808,-1
2.655525026745979,0.6213528611809165,-1
0.3154615797775565,-1.3394949000726382,-1
0.5938688410352134,1.6085854417809862,-1
-0.6413618091241815,0.2908777221471915,-1
-0.660451157362611,-1.8658599511412968,-1
-0.7138090270363349,0.7615173159044193,-1
-0.0841039206148138,0.4063576222526937,-1
-0.5682044254056657,-0.3083380561371392,-1
1.857518550309447,-0.8013936557500378,-1
2.9704802310293217,-0.0810529990409533,-1
-0.4707343137127437,-0.4635308553022916,-1
2.8297873572771595,-0.1191698264409227,-1
-0.7971732042361634,-1.977962180106113,-1
-0.1404753781715924,2.38771957449711,-1
-0.5853976711858968,0.2586230582128103,-1
2.320442108965314,-1.4574588117107572,-1
-0.9591144817986308,-1.3576998296352845,-1
-0.2539153942591803,-0.8545492363681358,-1
0.9196753331398732,1.257867438950184,-1
0.9333122645709488,0.6791356756106955,-1
-0.3529065567439352,0.640863000473703,-1
0.4651779658839315,-0.8522129233672663,-1
-0.171846244311746,-0.3100291838829572,-1
-0.0700652759265274,1.218565311720393,-1
-1.1515290936035691,-2.3330467625813385,-1
-0.5815757240264136,-0.4376537426153594,-1
0.5675768468020174,1.574069400713435,-1
0.5519384265317169,-1.2205329302387986,-1
3.221260676103012,1.634631311069966,-1
3.00906864859783,0.305181556255969,-1
0.2828510842881652,-1.766427503759907,-1
-0.9393403507702236,-0.8534002424933486,-1
0.0072979976509549,0.4967474515318015,-1
3.644015404644461,-0.8904656948280579,-1
-0.3416530063020166,1.0588322253486744,-1
-0.6312141677975425,1.8503687216943896,-1
-1.0564349603894412,1.4156251217930231,-1
0.0616890958019709,-0.7024777727681306,-1
-0.871953061276619,-2.3309211366994607,-1
0.2982861045550528,0.0447309481605903,-1
-0.9870469354395968,1.3155975688788015,-1
-0.8942091065282377,1.743666738368118,-1
-1.2828279851735551,-0.6557524985170463,-1
-0.9346149815484724,0.744631001720769,-1
-0.1016523913743232,0.3936886658471765,-1
-0.2752949072308849,-0.0011967238773833,-1
0.51247866349688,-0.5688247940566384,-1
3.7153579364040015,-0.7601173191097199,-1
0.683821036368776,1.177958711819236,-1
1.1468758340017369,0.1590162059347569,-1
-0.4026484847543393,0.2461542523064183,-1
0.2344575308837604,-0.4441110116137791,-1
-1.3596922852544249,-0.2050273661426465,-1
-1.1608891470800398,-1.3696825351709672,-1
-0.1555867864041597,0.8086312645262161,-1
0.991950973592974,1.195156352536488,-1
2.953340252818988,-1.203742560776153,-1
0.1946593746169,2.273601918930892,-1
0.1747046211087137,0.9673550190235736,-1
-0.0981007144753635,1.2640939006111749,-1
-0.0522230039998758,1.841889551799928,-1
-0.0062621353036051,1.5631658580523269,-1
-1.6380330716307536,0.3215437892032389,-1
-1.0584753607283648,0.8673072180475272,-1
-0.2672258985637828,2.342430461843456,-1
0.1807657014086148,0.0701376256968723,-1
0.2125835020179594,1.3692241463975243,-1
2.970591297975532,0.7169384201220282,-1
-0.7574053339959715,0.495970970023836,-1
0.7695386241231668,0.875889415593304,-1
-0.2535766671918688,0.2320407922886647,-1
-0.5324640084897154,0.591025083289877,-1
-0.6062705481703459,0.1678595224485282,-1
0.1682048181936551,1.2655532442655624,-1
-1.0441261573295813,1.4474022026803008,-1
-1.116661195084628,-1.2348276146555923,-1
3.72543286734093,0.7777105368052664,-1
-0.5207932102098981,2.0976995776597542,-1
-0.2089257867933752,1.6039570948086432,-1
-1.468250389910492,-1.8999968539712944,-1
0.7038530579331599,0.4355176967110976,-1
0.3820250551977529,0.0392269775362107,-1
0.0670167131602074,2.263379498539425,-1
0.5226626052506586,-0.9000289396550504,-1
2.7407813239609804,0.5825802881733227,-1
0.2414127341736232,-2.1977745301532083,-1
-1.0767548429243965,1.359958935129232,-1
0.2601485797268461,-1.1062383299631182,-1
-0.7984739676655345,-0.664970867210438,-1
0.2877734139853533,0.9475371347301283,-1
-0.8492352376627146,1.1839084145340633,-1
-0.6459088775556018,2.6846437665416856,-1
-1.3259835931723825,1.1330272714902527,-1
-0.24132188508489,-0.0423722037387403,-1
2.889458541393492,-0.1708378597691779,-1
0.9081261294210468,0.8827183480479314,-1
0.0320369943120717,-1.628671821549135,-1
-0.3309096305707681,0.6302359136065718,-1
-1.243988036813337,-0.1720525573528075,-1
-0.2483214148795459,-1.4689220036823918,-1
-1.0277733474217188,-1.109517532561549,-1
0.2143093055915662,0.3040107672521074,-1
-0.0770973518968058,-1.0038606665481349,-1
-0.2394627864048301,1.1965604878684626,-1
0.2428273796413567,-0.3265966309634017,-1
-1.5962359522337102,0.846516090470404,-1
0.5199375519374514,0.0361872274422017,-1
0.5863650767264584,-0.8519818128776507,-1
1.1297677283677483,-0.9519214576021888,-1
-0.0877881392372421,-0.7723529302640921,-1
0.525266397838163,0.1848243127993843,-1
3.640804177106885,-1.1598523032781871,-1
-0.169774051180185,-0.9616758548124164,-1
-0.8127782451641486,-0.7691311068604286,-1
-0.8722686769850085,-0.0834197760705962,-1
0.710539843072265,-0.4049392038829002,-1
-1.6356581120950322,0.2787117491835018,-1
0.1344675382071016,-0.234450056839584,-1
-1.7638355778957948,-0.1060973564446564,-1
-0.1912544929303999,-0.0690687312685884,-1
0.4056914423021971,1.8470464104522093,-1
0.5026651117873567,-0.1830911791725764,-1
0.5866368537529512,1.5730176575298451,-1
2.912150098792333,-0.0078069478511304,-1
-1.7312685757445034,0.3481791546325728,-1
-1.4184746129780903,-0.0382292598025855,-1
2.870020402123952,-0.7630087383036038,-1
0.2798446095323628,-1.7608080536787665,-1
-0.3973229235254626,0.5449881029375944,-1
0.6437697627605291,-1.4051917223762829,-1
-0.7801826551083464,-0.1529059323109525,-1
1.0299097280511678,0.890702900248078,-1
-1.277608779236792,1.4748582008036093,-1
0.7264639884000686,-0.6909695647083258,-1
-0.6433866748824167,-0.5596743649105863,-1
0.3876957032382087,0.0804448687067963,-1
-0.8809921582435054,-1.0982316145155673,-1
-0.061583810859331,0.809413026210468,-1
0.6392299372720552,1.472305071596847,-1
0.3433299485018418,-1.6678255520905432,-1
-0.0215307649250265,1.5273715698860415,-1
0.8530215863716417,0.0840301413952485,-1
-0.0320020182859857,-0.2641895716107604,-1
-0.8745814037138151,-1.732079064900304,-1
0.0333633447774215,1.902697605497756,-1
-1.070069909895057,1.1729774521819707,-1
0.4948228244308842,-0.4097496241648982,-1
-0.2653832918669895,-1.4327422545600068,-1
-1.0110634663535123,1.7807827512173315,-1
0.6076283859703525,-1.6996535616106552,-1
0.9111962695458328,-0.3111137785099112,-1
-0.5383984372307332,0.6043792242902636,-1
-0.6075758990179271,0.9598649329416484,-1
0.1350405748717853,-1.1923174615220298,-1
-0.9000467743612585,0.0400262958933951,-1
-1.0616021272987828,0.4125839323375913,-1
0.2257732949602498,-1.131344217585665,-1
0.2725586012972191,-2.1025659148445905,-1
1.074763854465466,-1.4540562447003376,-1
-0.7925374827951569,1.9886984124655551,-1
-0.1739241977921986,-1.018455098336405,-1
-0.9794113827903578,2.0886293882903946,-1
-0.4448431495380801,0.0079824706540988,-1
2.543523107249035,0.215882795898454,-1
-0.0721337148065713,-0.8163593408206341,-1
1.0382327987988291,1.1857579535624083,-1
0.5950648972626424,-1.8466032783950608,-1
0.642533967446517,-0.6092304182807621,-1
0.9548797727810724,0.9435572101601564,-1
-0.8808256377823452,0.5092285339348401,-1
0.3422528813426531,1.5765232362000328,-1
-1.4401609804407605,-0.2597148777703799,-1
-1.03908660496151,0.2946534338928109,-1
-0.388662558272559,1.4233545325359829,-1
-0.1337262304098787,-0.3121326702501373,-1
0.4158493274403148,-0.7921439168922747,-1
0.9602285811132654,-1.112486931138807,-1
-0.807920334218929,1.1372054551064763,-1
-1.4556074972335165,0.0770048413472431,-1
-0.9791112218789478,1.355078683847021,-1
2.0275093436872167,0.590277847959626,-1
0.5234034651228775,0.420746471789459,-1
-0.1803640895897904,0.7781017738993691,-1
-1.082783581068269,-0.2674463315423063,-1
-1.0043448884217696,-0.2596387240516215,-1
1.1603034252328284,-1.2157075183385562,-1
0.0545551221420949,-0.4042369846408196,-1
1.4135361776821456,-0.3798266903896214,-1
-0.6017474802252266,-1.8668692830156584,-1
-1.6390663001080454,-1.1066082535425454,-1
-0.1337302684646982,-2.157776657975976,-1
-1.360594824118014,-0.6713986734889066,-1
-0.1007778910518545,-0.6265467756020946,-1
0.9305850253126876,-0.8837675626646273,-1
-0.9230575659756124,-0.8779013131411055,-1
0.2684747255469399,-2.005192499492185,-1
-0.2974277896150493,0.0192258258147583,-1
0.572916010718108,1.0124280128058565,-1
-0.4515976381009886,0.1910080599989597,-1
1.250960100227762,0.353419835416604,-1
0.3932012633795735,-0.9825187362002822,-1
1.6746271777383182,0.3971725857949506,-1
2.548221740676041,0.9984899589935884,-1
0.4715946105782071,-0.2938918036729009,-1
-1.7317983230906813,-2.041796186398057,-1
-0.799657723952125,1.2585599467503064,-1
-1.6435732340771008,-2.078392204890939,-1
-0.68264627255369,-0.1539460725997109,-1
-0.9581429367648628,0.43728545663666,-1
-1.31615719215863,-2.109022334932396,-1
0.1142621371058851,0.1897743950818084,-1
-1.3679931278418425,1.0060722321326607,-1
0.3462261096944194,-0.4755956683348338,-1
0.8888205318749753,0.5988527872662931,-1
-1.0750830603036712,-0.0114445209308672,-1
-0.707339793951247,1.1227498601407244,-1
2.916037014067176,-1.221113757479454,-1
-0.1308146144203216,-0.6338534426799189,-1
0.8905886058240149,0.0468293059275774,-1
-0.9009714616013832,-0.7207831901692936,-1
-1.1403214880048929,1.4700203608306268,-1
-1.1369420919159847,-0.6271071382386888,-1
-0.3458466462521303,1.029396889214646,-1
-0.0375685826917901,-0.3269548238046103,-1
0.4033956029324393,-0.8122848821902464,-1
-0.9778839722542572,-0.5957960375036833,-1
-0.1159117930047535,2.1450836593569824,-1
0.359970403852173,1.050614822782132,-1
0.4558037603568567,2.2962846279051443,-1
2.813905402541081,-0.5316660406820048,-1
0.5316517193194832,-0.593264551027788,-1
0.1910406734732215,-0.7467967277093327,-1
-0.3290603803264049,0.0430725202820429,-1
2.6265189263620536,0.6998329014957807,-1
0.6508777540086441,-0.5230158386227453,-1
-1.1511325671599446,1.2411853613235926,-1
-0.1997613910459665,0.1958421407989011,-1
-0.1706849317135017,0.7375382589092556,-1
0.950214314676788,0.8438846129398236,-1
-1.4039410328480109,-1.342758285874916,-1
-0.7235115860035485,-1.543160503675458,-1
-0.5436038364606883,0.933792124753969,-1
0.4507860225300327,0.5908767523897521,-1
0.3685454249392397,0.2863811919442997,-1
0.8900700096599095,0.1541327175052264,-1
-1.291321280601908,-1.251316864988312,-1
1.0351717537267544,2.2098454120521507,-1
-0.2151065595125155,-0.6634468211560304,-1
0.2133904287323186,-0.4763466216046885,-1
0.496364251273195,0.4096610073947893,-1
-0.7676042609670475,-0.195248786388754,-1
-0.1957834510401043,0.7734915041164964,-1
0.7903139070329259,-0.5239096910403455,-1
-0.6866184021786752,-0.7511433387114127,-1
-0.2715730056512334,1.1697178240435495,-1
0.1520272157604766,-1.3808092167565131,-1
-0.5965238166859476,0.9526313340113566,-1
-0.2172683503928355,0.9772087099539652,-1
0.0199790428648361,-0.0704214159420069,-1
3.744850760375687,-0.957652669200487,-1
2.5572998233465256,0.4291870998903891,-1
0.7693084883250083,-0.9229785445574152,-1
-0.0254819691361433,1.7651462876874298,-1
0.1020233591592765,-2.3744213503995617,-1
-1.6551378925929068,-0.9395906396077004,-1
0.4662540141000474,-0.2355290681380649,-1
0.8368680586286643,0.5670332950697868,-1
-0.1722690985109277,1.94131228773936,-1
-0.1335474600398655,1.143290060161981,-1
-0.2521693444507898,0.4077714690266264,-1
2.9104216897259767,-0.2849589040588092,-1
-0.3030385265380385,1.4763665816379574,-1
-1.0784364739808183,0.9052663062576002,-1
-0.2331951012133896,-0.0791262645737047,-1
-0.7144691301609272,0.5623560624935761,-1
-0.1793642404548138,-1.7971795875527643,-1
1.1527948079457748,1.6596127211198617,-1
-1.8175410100581544,1.26862651940475,-1
2.57670403391036,-1.6574173404498185,-1
3.0985004754412304,1.8470501283918133,-1
0.1791776263720628,-0.7396363485026662,-1
3.116189410046239,1.1591930515016653,-1
-1.4571975541955278,0.0886103000982454,-1
3.434188772042607,0.4433717366028015,-1
0.5374970996751325,-0.9422679171709224,-1
0.2562421716002047,-0.2246248518751418,-1
0.2281859374531942,-1.181972262201255,-1
0.4515547169237782,0.0777600743066765,-1
-0.3363482406713143,0.3547900767629553,-1
-0.5130226643320487,-0.1787172763228994,-1
0.2345141573293921,1.2044444006539992,-1
0.0461403474843294,-0.9976861102739796,-1
2.5349799587383144,0.9918683249345398,-1
0.01068320412074,-1.619927950331621,-1
-0.1770724391398755,-0.9834922826361469,-1
-0.2509834022191455,0.9833600604384568,-1
0.2276291089684748,0.2577852392955312,-1
-0.9801722848777664,1.7608187306288217,-1
0.293162640583214,0.0581583088846026,-1
0.8003271545263309,1.380751408400801,-1
-0.690045329660503,-0.4723159199779754,-1
-0.0667905128356612,0.4676432589976254,-1
-1.3715553323555834,-0.1978669869359803,-1
-0.0160669257957043,-1.373440018151023,-1
0.2749530536847397,-1.81370462332398,-1
3.1322511540954032,-0.833920647364911,-1
0.7246056431029934,0.0659384966843031,-1
-1.0776854203291064,-0.5930191210125589,-1
0.0613608963494405,-1.4555338171202887,-1
-1.5744807826204554,-0.9238831509592328,-1
0.4700943553845486,2.049203633220681,-1
-1.501297342286279,0.7848872525025083,-1
-0.96704615730446,0.4484630431223342,-1
-0.6096466595874189,2.1147902562438503,-1
3.3799535925340702,-0.5718797285784222,-1
0.8068773598871477,-1.613654797671823,-1
0.9677447251465674,1.0281388901777364,-1
0.3554529422683368,-0.2547031128709042,-1
-0.406233387008006,0.0724349398446322,-1
0.0226756380892261,-1.336490261815311,-1
0.2543642036356364,0.3684938932809447,-1
1.1257969014891385,-0.8779360560373429,-1
-0.4329276438618032,-0.0283624687068228,-1
-0.4611695574864851,0.2277314639956205,-1
0.1891718005613649,-0.3234226506213464,-1
-0.4001976099407812,-1.136927882228309,-1
0.1139584875030462,-2.246976973523941,-1
0.818477379670729,0.4295976082923148,-1
-0.4190475233087463,1.655956574888937,-1
0.9681637453105236,0.2516522691526968,-1
-0.9836780669654696,-1.1150639144951573,-1
2.743184871401213,0.7016969116258328,-1
3.161248159426617,-0.742656019611675,-1
0.4436403483246944,-0.2835031267679322,-1
0.2019192464526745,-0.9043428745225658,-1
-0.1777865632173492,-1.488843612961673,-1
1.2309262265536125,1.7493362681714788,-1
0.2750557047573218,-2.3385306367199874,-1
0.7363543385861072,-0.5890165364113512,-1
-1.1527544911184942,-1.0356474588773708,-1
0.0318057097551467,0.6013968771237278,-1
-1.6617194211666793,0.718405582943386,-1
-0.8991358938279419,-1.6591878178282768,-1
0.7434823720494121,-0.6998054064407507,-1
-0.6640871412411204,2.149190817854641,-1
1.946448668347789,-0.162893675849293,-1
-0.371389568759074,0.3179748538274768,-1
-0.4290294475891953,1.0877054589693282,-1
-0.539191211894488,0.2648166684304373,-1
-0.3832110988677838,-1.1575156221589875,-1
-0.2305335834534722,0.0049662295019399,-1
-1.1915469878695006,-0.91276379257894,-1
-1.7320893889493791,-1.4779901500227846,-1
0.4964500149867284,0.8955069978115305,-1
-0.995675428116154,0.4489830374786667,-1
-0.8332937854281656,-1.2695480201235898,-1
0.3540664151254322,0.5724422096080293,-1
2.2865601913340474,1.5863893139697272,-1
0.5086463185383097,-0.3739859928369164,-1
-1.772987044555266,-0.3425819211002922,-1
3.158545883637044,0.3750567137519308,-1
-0.7838648176014147,1.335406935848641,-1
1.1074120329120802,-1.0349196456089216,-1
0.3712341480735847,-1.350476791057565,-1
1.0272176460410876,-0.8106452051029844,-1
-0.3301012712943398,-0.7120562020228979,-1
2.9469087026911227,-1.5727711096083112,-1
-0.2899450249240627,-1.843581757066616,-1
0.4950652601698813,-0.1425395702294814,-1
-0.8178205328406642,-0.7908436581222296,-1
-1.361767633242127,0.4289120547570013,-1
-0.8680127244442718,-0.5337592959128036,-1
0.3911707114763468,0.2952594449859534,-1
-1.2545606385005037,-0.7676050177770543,-1
1.1388107335737605,-0.171062976756439,-1
0.4322958973876417,-0.3836461591389151,-1
1.1363967883344408,-0.7916175998173968,-1
0.2954453468454402,1.04159028186932,-1
-1.7014379079041857,-0.5907029044974205,-1
0.4487665476049776,0.8775308325573463,-1
-0.0776814655396612,0.9451308391529524,-1
-0.7002429538852037,-0.4923530087140176,-1
-0.9007102121896715,1.3706822959335592,-1
-0.7775522565417905,1.9152754165662704,-1
-0.7416585264761117,-0.742203468840965,-1
1.3698554097553508,-0.4600363590103981,-1
1.1461440691822298,-1.3315038735778528,-1
0.4036153409315104,0.4851450783520253,-1
1.3299179384017576,-1.0707340539936443,-1
-0.429291925543382,1.813460158816848,-1
0.3539110958783294,0.0826403255888875,-1
-0.4482720589453676,1.1081893223380774,-1
-0.8923002289697101,-1.877353319158951,-1
0.4259242583772436,0.7456839390227116,-1
0.8239277403487228,0.4980436242439128,-1
0.9405611392122596,-0.2959685439509116,-1
-0.7994070763590948,-0.471911405078404,-1
-0.0498879133664314,-0.6922658889965304,-1
-0.4445858583974797,1.4655204419043222,-1
0.5799582804678796,0.4157931523597156,-1
-0.6153193637572346,-0.5934510556031147,-1
1.267771329622175,2.047711438122929,-1
3.650775703588247,-1.093039186967026,-1
-1.4648227090456798,-0.1829835197049,-1
-0.1429953333592294,-1.046215123520768,-1
-0.7859305211730143,0.4749436033569044,-1
0.0307999704555846,1.984509668496759,-1
0.3691075144414457,0.1517338729766907,-1
0.0925307639593374,-1.719362440741978,-1
-0.9476978198032728,-1.2908560564858196,-1
-1.7348970511199788,-1.009912723312462,-1
0.4138271172068156,-1.679951156773971,-1
-0.6009475924342195,-0.8756719622733913,-1
-0.0842877479827193,0.966323547634514,-1
-0.4200059352349827,1.5368706082747308,-1
0.1256033033711028,0.4401141927267846,-1
-0.1218397321858098,0.6463277969361734,-1
-1.529733141313965,-1.2689614319143638,-1
-0.9442708923214448,-1.569683475219257,-1
2.2257023116030856,-0.9333719971136796,-1
-0.4533682377590706,0.6123826788577891,-1
0.135856047275466,-1.8829748122690584,-1
0.5082862465094332,-1.1387939353873282,-1
-0.1651014799486484,-0.2103684927096429,-1
-1.0472647542611555,-0.0120377350108255,-1
-1.0382419952899276,-1.558713338705255,-1
-0.9026718321266196,0.4886716024185585,-1
0.4163854345307602,0.2536254360209646,-1
0.7155535428442695,-0.5451753160933462,-1
-0.5840687894316966,1.6439549669858755,-1
-0.0909897223587157,-2.5361422921056063,-1
-0.6239316482538279,-0.9781754901889088,-1
0.6841583308740184,1.7612700881032937,-1
-0.3872877316751169,-0.5764114572279458,-1
0.5216373730992974,0.1513905201776335,-1
1.156716670869396,-0.7359514131536057,-1
-0.6016505653296215,1.1162554600093622,-1
-0.2861592539558334,1.4596189527007315,-1
0.8500703054994019,1.2349263513714248,-1
-0.5944444306434257,2.164335900837547,-1
0.4077550897444368,0.0404863222675662,-1
-1.4291855667696023,-0.9225391351855132,-1
-0.2258863154546119,0.4441281628584731,-1
-0.1084880562325551,0.6118541671778508,-1
2.626377159770179,0.7291762671148981,-1
3.198823724568312,0.3750565621758375,-1
-0.241847594376248,-0.5867035570435322,-1
0.3803734446079113,0.2497616645095686,-1
2.7769895209762816,-0.2934632990391951,-1
-1.181329870793001,-0.5610333723025505,-1
0.2223307828657483,0.8293378726370684,-1
-0.7841651825324187,-1.251541198031102,-1
-0.532823950702898,-0.3416868745643395,-1
-0.4764231518586235,-0.1652594103366767,-1
-0.0277810133940277,0.4677282331921761,-1
0.7017446144064449,1.5982390246091531,-1
-0.4172418461861914,-0.1155793839188402,-1
-0.3532575337200997,-0.2936896101448089,-1
-1.1488051390171432,-0.6199467590320227,-1
0.2295537251272842,-0.344970163220704,-1
-0.936768430759065,0.2197011117628323,-1
1.3178088311257792,1.1878835794442866,-1
-0.0929167900226674,1.424367101557663,-1
0.898426725309974,-1.4042522215021345,-1
0.4788741292533892,1.559976060914119,-1
0.3430765656003672,-1.1118155203111235,-1
0.175978099379949,0.1635977103321996,-1
-1.2397443341814531,-0.470354659156726,-1
0.5363288779692299,0.67902871347754,-1
3.285029888020228,-0.6995434614727335,-1
0.3581393437132338,1.2982888799704602,-1
0.7484740476807672,0.9743026680822812,-1
-1.149421669019927,0.3652645530403829,-1
-0.6259407253797956,-0.190083410412867,-1
-0.0010154286806036,-1.2927103551739134,-1
-0.0044623983776213,-0.0209181826575392,-1
0.960472868962028,-1.4987522948501266,-1
0.4939215883136703,-0.2049382638346105,-1
-0.8461910799496889,1.1704929598570692,-1
-0.0942527849041197,-0.6125995720978431,-1
-0.3172459633449473,0.8669282313860666,-1
-0.1979998864405965,-0.0557878099918275,-1
-0.2024722923085694,-1.0530750159658857,-1
-0.8766150306894744,0.7397083391293293,-1
0.0425029068718362,-2.3539373354547197,-1
-1.0058158765318324,0.7528432756871186,-1
1.1030580167169717,0.461231790031847,-1
0.3354541460586598,-0.2089480200649781,-1
0.4657146223377672,-1.131101655777311,-1
-1.8597884728321088,0.1837308556410867,-1
-1.4448315753266456,0.4442847079300171,-1
-0.2202724236754817,-0.9953053429349146,-1
0.8532094517943667,1.3697082037392667,-1
-0.0229987521665568,-2.1425585068455373,-1
0.0146658613605063,-0.6891966999152764,-1
-0.983130129513868,0.9354220903992728,-1
2.815652001712862,-0.5940034206105266,-1
-0.7715478026875213,-0.6304973890282087,-1
-0.2501803095400118,0.6126441430335215,-1
-0.233501825888661,-1.3218684103360565,-1
-1.2447021608908106,-0.6774038876783333,-1
3.241306380138318,1.2434315302962815,-1
-0.4265564243991021,-0.0009384968489699,-1
0.1875987107421106,-0.1107727228098833,-1
3.210721719318249,-0.8143611416759726,-1
1.026082519874198,0.2818695185470703,-1
-0.0257906757368745,1.343783574875619,-1
0.3541735738325162,-0.6431143742586323,-1
-0.932609942477324,-1.8891050657811117,-1
0.1909729700494179,-1.4042280389584696,-1
0.551957919383516,-0.8888395986984511,-1
1.113579802339383,-0.611319064605791,-1
0.2332371903667279,-1.1621003637037497,-1
2.552708428410312,-0.3572601741981976,-1
-0.2272664828532489,-0.0729325027799844,-1
0.7796555416322264,-1.6053081418813335,-1
-0.3578474960942438,-0.5768582318606527,-1
-1.873938733829996,-0.1018101676663101,-1
-0.2677673464554229,-1.2201655464721697,-1
-0.7924791582273678,-1.7163409194135328,-1
-0.5387239811585276,-0.1859319728858127,-1
0.3961849606117419,-1.1696347525477768,-1
0.6001079383221428,0.170950025866572,-1
0.3894415490270052,-1.9777332642215573,-1
0.9319230021196,0.331819678040338,-1
0.7366830874020281,-1.1606185773824775,-1
0.2658094535355054,0.5972863299026568,-1
3.0034493659855204,0.6074088948239844,-1
-0.8016313040659234,-0.4602633834420798,-1
0.6480700918380445,-0.0549384119124229,-1
-1.087250775950741,1.419997133189827,-1
-1.0678542278775496,0.0064160132904625,-1
-0.321870533603882,-0.6024536085773217,-1
0.5939778518520633,-0.2604465597324116,-1
0.4000181887689909,0.4634631839285281,-1
3.17108659482112,0.3405098642699823,-1
2.619184707554906,0.0323370606211671,-1
-1.0368142964983709,0.7766474072690812,-1
-1.1788047287917776,0.689608654617584,-1
1.0905003383901386,0.2947341704533346,-1
-1.2526514771386732,0.1435902358922017,-1
-0.952919427213192,-1.4433332528364549,-1
-0.5024109471255902,0.9123178318782372,-1
-0.2472667116249949,-0.5304560623468012,-1
0.3251089448612076,-0.1800938403877962,-1
0.90974073623275,-0.8125824349566623,-1
-0.4761184035290036,-0.3778242123774956,-1
0.3470059552702368,1.50856640619037,-1
-1.2043066836696632,-0.1798061506394319,-1
1.135406034252176,1.613919093566636,-1
1.198250762948862,1.8394336732843632,-1
2.92690068161304,-1.1893673334304802,-1
-0.9099878608283436,-0.5183135745922552,-1
2.9457644814715214,-0.3105117178901562,-1
-0.1369498376720019,-0.2615778453581728,-1
-0.8986321288935251,1.911204195083202,-1
-1.0684871756597,-0.5340752290208765,-1
0.3349641377990652,0.060304054984918,-1
2.420313995772411,0.371656903096546,-1
-0.7748765867312688,-0.1857654132201238,-1
-1.5416487768059357,-1.0647124772496372,-1
-0.101186593200432,-0.5603386278418163,-1
0.3208899218947093,-1.733391078141274,-1
-1.0766404913063516,2.0077535890182205,-1
-0.5883990091600985,-0.5394296746267785,-1
-0.041812285323674,-0.0286527220006917,-1
0.4436612737385627,0.551468857145158,-1
0.4245317112540597,0.5485647067263476,-1
-0.875732738060669,-1.12145443806459,-1
-1.3099081666522958,-0.5088451930418696,-1
-0.6503073500711977,1.1684858990031783,-1
2.1173965709054205,0.6766811267980298,-1
-0.6935807185957902,0.3508854149455758,-1
-0.0639411296530188,1.8374138154172883,-1
0.5865997201591184,0.2561555768024141,-1
2.885147265153499,-0.697871084518201,-1
0.6547505172328821,0.44881067561097,-1
-0.5292586711167245,-0.3317568783390959,-1
0.2999885312096493,1.5022995762491174,-1
3.393715193598569,-1.2130953112936842,-1
0.8078910955126406,-0.5171960864663859,-1
2.0426230736092323,-1.0204838179127094,-1
0.1050565697098242,-1.5646167193617193,-1
2.599441899739454,0.8644474570007691,-1
-0.0959558907378006,-0.5776060995592812,-1
0.3338868666202825,-0.015845995047622,-1
0.517126684878725,1.8661778922997263,-1
-0.4315233461611713,-0.0382430573024773,-1
0.2132033166925782,0.2338160690511251,-1
-0.8728899242216965,0.5487096489030598,-1
2.412022797601096,0.0883537479804691,-1
2.445559079057393,-1.373220332916141,-1
0.5544395680466392,0.3891463356116432,-1
-1.062174614600076,0.0457932516967528,-1
-0.4530128829640983,1.0241087343094508,-1
0.2550153415232106,0.5694957994560834,-1
-0.7661377804914864,-0.5170002156568393,-1
2.874724845931835,5.052199742343461e-05,-1
3.1267975087455744,-0.7521698980425156,-1
1.0104008102853914,0.8351099333079128,-1
0.4105041435439451,-1.2547670837599931,-1
-0.8959810887164033,0.2821422166771903,-1
-0.6631404298603465,1.095656117183852,-1
-0.0467611467960134,-0.2375426032865947,-1
-1.15018071899757,-0.6160215222679258,-1
0.3856403974656964,-0.2785804641764925,-1
0.5387882984721094,0.4508599961979964,-1
0.2323717850969712,-0.3116095903225787,-1
-1.6129404925007216,0.4730424620939097,-1
-0.5918454294937256,-0.5922955874336886,-1
-0.255964006452137,0.5948142656504953,-1
-0.8590105570516241,0.237187939498988,-1
0.8249620675527962,-0.7231205036568711,-1
2.3172134447052986,0.608484668975146,-1
-0.2412705994404531,-0.9106434468733482,-1
-0.0683181273913557,-0.1684301535314127,-1
0.0510396956382892,-1.7857168763734144,-1
0.1146434743126181,-0.5789162213473779,-1
0.6846714564212354,-0.6949559635729367,-1
0.616970249341399,-2.3235284528848266,-1
-1.4690065005600967,1.6136772290928032,-1
0.2792162491684226,-1.7803133935875513,-1
0.244488968482589,1.121060751691167,-1
2.787241166153864,0.0327638666115299,-1
-1.1308769735612645,0.3213194561604486,-1
1.9199753724557296,0.4932050709448625,-1
-1.486592784092523,1.7767082925869442,-1
-0.2347396031281328,0.2954723267100052,-1
0.1711710044994841,-0.0746355365728207,-1
-1.6323806136957215,0.7022510165100251,-1
3.084472358367725,1.3683764232287567,-1
-0.5312658961329264,-0.1971402162097905,-1
-0.8869511368342147,0.5988178507384109,-1
0.3159619858362383,-1.1073089755140868,-1
-0.8993852386745972,0.7424662016769816,-1
-0.6657123498715047,0.0225547629276708,-1
-0.7597970510750476,1.3815709985525164,-1
0.6269380215712438,0.4298559868968215,-1
0.3864305666367008,-1.281383243669762,-1
0.2865776233180123,-1.4541475416134335,-1
1.1956398572341054,0.1029456559474879,-1
0.6870640566989901,0.24738074559441,-1
0.3121212992079406,1.2531152467735671,-1
-0.1771983373157741,1.8962117226899995,-1
-1.1049709039530111,0.603540211254632,-1
1.919630964823235,-0.7417410702216362,-1
0.3570105772906116,1.046597615503124,-1
-0.2431503397310788,1.5476671888026834,-1
-1.0558568667268653,-1.557630938683361,-1
3.058065129317806,-1.14187100942381,-1
0.1553735905142719,0.5392480447994996,-1
0.7186327780217678,-1.908752110719289,-1
-1.449695296652742,-1.4425039512427813,-1
3.4891613227319342,-0.3909034598205876,-1
-0.5495668531062172,0.7851976022821086,-1
-0.1044322190233964,-0.9721259969700858,-1
0.2033630291883096,-0.1958743971837961,-1
-1.419423929851615,-0.3270598944848921,-1
0.4230802159957961,1.8927400380054349,-1
1.9687171675278548,-1.0690201306320446,-1
-0.2009841330361554,1.4559862916789512,-1
2.373655211178631,0.626919363332962,-1
-1.6139861007025609,-0.6351681473097808,-1
-1.6615264987460616,-0.0113050105065346,-1
-1.1033464487056115,0.73433551318177,-1
0.1550018179399331,-1.3981805650359074,-1
-1.0606723032770575,0.3697212354795506,-1
0.3135864769371264,0.2601811498289342,-1
-0.8206033613582698,2.5257537555308263,-1
-0.7514740601110947,0.464909578993638,-1
0.0178756563360134,-0.9230887438378902,-1
-0.8610763904389175,-0.4553713776889438,-1
-0.5496221768054737,-0.192175142309122,-1
-0.2723248126859303,0.6721624983138769,-1
-0.9329841665568048,-0.468779684469484,-1
1.2375838744248155,2.071588789428518,-1
-0.047607059213971,0.9446415016349234,-1
-1.1368609156206613,-0.662247050224502,-1
-0.9785063924216264,-0.8027532955103798,-1
-1.48527833819223,0.8149582140257238,-1
-0.2787342144372597,0.5975721281981478,-1
-0.5250585916386348,-0.4348110574492497,-1
0.2051778013635765,-2.137155024059674,-1
-0.8684585601866817,-1.7844132288799563,-1
-0.5679998024395859,0.1345720176979354,-1
0.7405806044955517,1.4480114509207629,-1
3.61129589833822,0.551633702998071,-1
0.2319494802611799,0.6150737959764544,-1
-1.4092326653711815,1.0371831823685411,-1
-0.9154550588334008,-0.9557080749081188,-1
-0.0436498350225748,1.7311313386088325,-1
-0.3376497574836701,-0.328059363341202,-1
-0.2996720595370678,1.0238386012340193,-1
0.2272119409142843,0.3807964426738345,-1
2.894083581232109,-1.237830578002283,-1
0.8696416656714949,0.6428404470315495,-1
1.013946597019766,0.5133465979928091,-1
-0.8281280510808934,-0.7697854830409009,-1
-1.6499299676539096,-1.1383546775915194,-1
-1.7697381340604663,-0.0809913172460161,-1
-1.5920299325590497,0.5560099932623388,-1
0.5372728540415596,-1.5489673072425396,-1
-1.0900624761761604,0.0424305721743105,-1
-1.4362220261384966,-0.3454521775334796,-1
1.0266795570251828,-1.0350351250656828,-1
0.9674587162857616,-0.4234437292409294,-1
-0.7719179887121824,2.6354719800092568,-1
-0.5601354167385638,2.0352891295837,-1
0.2352932495222248,1.1927657221793713,-1
-0.481670192316913,-0.4619780201297477,-1
-0.5994172425700806,0.9348627703049376,-1
0.4994091623692053,2.392086305717627,-1
-0.3397518412661175,-0.5095440235605375,-1
-0.4929125415447741,0.2377110194265464,-1
0.3241967615815158,0.8479376056573281,-1
-0.2482920735920502,0.6888674127896873,-1
-0.2180747277438041,1.4981213926328938,-1
-0.1484768132305849,0.8694277153292124,-1
-1.578940185196591,-0.0773670219717479,-1
-0.2356694271498581,0.3383350235680458,-1
-0.99270793906395,-0.2200230756831686,-1
-0.697548889949664,0.3876156636865035,-1
0.045050147217609,0.5707633583588579,-1
-0.608106115943787,1.106264150107511,-1
1.3292078523791035,0.2695586034066681,-1
0.2118258048186772,-0.3204997494112506,-1
-1.5541927726618463,-0.8799688624936955,-1
3.2349307030731,0.5271176407320698,-1
-0.755948368120819,1.5007182788433302,-1
-0.0048366224571021,1.399407198654088,-1
-1.7725738347721869,-1.099520639331225,-1
1.0500353854191302,1.0048970126852417,-1
0.7472438587280381,-1.569782768939421,-1
0.3402195199270819,-1.8085627562899436,-1
0.0219648728874875,1.4963644962120903,-1
-1.216885627174353,1.1871947887616536,-1
-0.9895811724935318,0.2347002100267672,-1
0.8020697156432921,-0.527229959253559,-1
1.9496929914243784,-0.4222889743975713,-1
-0.6980740498776316,-1.4813737749415723,-1
0.3697280824990491,1.0121665486301237,-1
2.5444620263234725,0.0032754309723131,-1
-0.0902475597401216,-0.5441842129845488,-1
-0.9815863809821094,-1.435017253884269,-1
-1.0802285484161596,1.816327026526623,-1
-0.7816381884214296,-0.6543745887577038,-1
0.0778322999497611,1.8014839275758048,-1
-1.0904959321940233,-1.528164794134936,-1
-0.7080623339023482,-0.7054189027437903,-1
2.616075581726521,0.5627825240983151,-1
2.5609033352533124,-0.8933369938035044,-1
0.093563239053645,-2.287051150996026,-1
1.0715338874590752,-0.0592954316909821,-1
0.3528310893911023,-1.1679710444929432,-1
-1.063621052860447,-0.6254200728180985,-1
-1.5151891633847985,-2.072052458378247,-1
1.2333730633123507,-1.4793898540890873,-1
0.2373114217009045,0.2349289743352292,-1
0.8936463662242544,-0.8270613872881712,-1
0.3698079560479971,0.3058439689677626,-1
0.1152191164700522,-0.1944182906767281,-1
0.2820825197101137,-1.4212148409806369,-1
2.0271674617637645,-0.514019430726986,-1
-0.0808925632615436,0.5078402153990184,-1
0.8065862940284498,-1.04984876129655,-1
-1.024155269845331,-0.2528636542249612,-1
-0.690388983910013,0.2885786918553578,-1
-1.691037512823171,0.525719675720433,-1
2.687044568585665,0.6208941805011914,-1
0.4182138891769488,-1.3364139565204591,-1
-1.3454901892487108,-2.112415671293142,-1
-0.5897043600076798,0.2525757358663414,-1
-0.36646744308148,-0.2885593460056036,-1
-0.6574996724707769,0.3037426772056427,-1
-1.845249551900835,1.3960284849711422,-1
1.0951527431706,-0.0697760791108617,-1
0.5355108000727987,0.0273207288714732,-1
-0.3166470740841969,-1.1034518298734228,-1
-0.3040800966850579,2.213799959960105,-1
-1.496950988581813,-0.0382408626974171,-1
-1.6004556543792927,0.7857809533440152,-1
-0.0371345773105367,-0.0810175428186479,-1
-1.146729791029441,-1.2538861799316705,-1
0.3531125108336977,-0.2373743274768318,-1
-1.6618079201886573,-0.941901727522646,-1
-0.8555863648782406,-1.21610079928374,-1
-1.0530275257594126,0.8051043715192386,-1
0.6861959959044973,1.135126671799499,-1
0.0060485198660207,0.9414675212928684,-1
-0.6356860243021248,-0.4715765696029523,-1
0.0842902520370831,-0.1666582654923651,-1
0.0458284860274571,-1.436756073115602,-1
-1.6887242367309736,0.8497208792268566,-1
-0.7598484165031928,1.0381257688139154,-1
-0.0934483894786107,-0.3121328218262305,-1
-0.5199569422080431,2.40991822612962,-1
-1.4774979438786835,0.3646374449748017,-1
-0.8201388659307538,0.9005437941652856,-1
-0.9808332712010374,-0.2662792604780485,-1
1.2400251048222712,2.1829094082851745,-1
0.9821443309911092,-1.0879741060201251,-1
0.2371814854701865,1.268988991935537,-1
-0.5331396962269813,2.073718501368329,-1
0.8486648348680883,0.4057202569867266,-1
-1.8711687546166196,-0.5620915897807792,-1
3.1485716218472377,-0.8662177226085213,-1
-1.561413812781631,-1.7387567324596735,-1
-0.0072654731300108,0.9681451464553374,-1
-1.684761955541685,-0.3791779395931735,-1
-0.3194189054073392,0.0103050098877828,-1
0.2979326018698463,-1.020470524937808,-1
0.0169647758026968,0.776125369883782,-1
2.175260695369115,0.5136499117277957,-1
-0.3474756889177403,0.3776156848849536,-1
-0.9843636031384322,-1.458466581348436,-1
2.5847626447783743,0.1847718456625737,-1
-0.0561491089979105,-0.928689139975559,-1
-0.5695565542631821,0.6612080270199343,-1
-0.0791460939054564,0.6134068507743013,-1
0.1735764040494823,-0.6089943307670469,-1
1.0006553815473682,0.7215207894216323,-1
0.6943941874193328,0.4488530869201988,-1
-1.814047811714592,1.143951759547707,-1
-0.3029911991647128,-0.0258321763492801,-1
-0.5821441732728871,1.0411995644696408,-1
-0.7512479623677559,0.4181335514185191,-1
3.1081515947763987,0.3198798646061686,-1
0.2408864755188746,-1.4174477981347162,-1
0.6892850795176924,1.597645962105288,-1
-0.2704872629870294,-1.087621562295647,-1
0.5497791669402472,-1.7259149174026285,-1
0.3350953767761586,-0.302573294938842,-1
-1.6122771844880028,-0.6897095226424493,-1
-1.4722594491097158,-0.4935573624873112,-1
-0.8711029067842478,1.6530375844279757,-1
-0.8599273777815116,2.123853971318572,-1
-0.3349948090674227,0.0564266612824294,-1
0.4009824110761044,0.5630012477486278,-1
0.7767030377973196,0.0861218732915036,-1
-0.2422309135084409,1.0033664923361951,-1
-1.2050648504486277,0.6668445117482863,-1
-0.0130668107841695,-0.0348534801147725,-1
-0.0916782594002109,1.8028671175114332,-1
0.222912914583144,-0.2982742001134775,-1
-0.3545310119913349,0.510067698546565,-1
0.4744770892998625,0.5470968457483546,-1
-1.1977615353067386,-1.1588237009181177,-1
0.3948309796444597,0.4533867482560332,-1
2.165084545921673,0.0039267215815593,-1
0.3693811435777043,1.92325792573745,-1
-0.7175680622098188,-1.7262593127439447,-1
-1.7130149461445388,0.8680400941279115,-1
-0.0010412812766704,-0.2801976985968699,-1
-1.055584540336982,-0.4572895535991496,-1
-0.4594438837285722,-0.6695778998459913,-1
0.1544029286791827,0.572199496223582,-1
0.3293935353384411,-1.8481051849347705,-1
-0.2733423823466487,1.0505586377057174,-1
-0.3693069778284257,0.167766182506465,-1
-0.3934637129564531,0.997669367533051,-1
-1.4590293677174515,-1.6595563957132582,-1
0.8328908720057868,1.985224684752024,-1
0.1997840671312141,-0.5570456277434938,-1
0.8300511332392471,-0.8789486250590236,-1
0.701312461134957,0.6988263259764544,-1
0.3793374808221747,-2.3528516982855066,-1
-0.7440249403225118,0.4555419884339556,-1
0.8782856131450321,-0.004495677753807,-1
3.0409501145761597,0.4160554004799193,-1
-1.0668867208986013,-0.0442426881634312,-1
1.0496272326339433,-0.2535529248777644,-1
2.0669891489372434,-1.0543950420054709,-1
0.5313320655562741,-0.1914071781247621,-1
-1.1735330587000885,0.5143484130302725,-1
2.541630363666572,0.8303900966129427,-1
0.0960370954104311,-0.1681378809412831,-1
1.231401669143606,-0.6990937789088986,-1
0.5979213935725372,0.174802042907043,-1
-0.7025236040180702,1.1912384389776445,-1
0.6513508749091902,0.2184040901401067,-1
-1.187374063733853,-0.6744879827885978,-1
2.592330623819504,0.1324683385212249,-1
1.7928576669074103,-0.968526749141644,-1
2.7973692348449952,0.0488450617451717,-1
0.4927480258065728,-1.1004682885885344,-1
3.639817930659122,0.5549538196351913,-1
0.1550994120146229,0.0923820773620242,-1
0.0283058678640144,-2.461937686098163,-1
2.429562303123588,0.1028633571502817,-1
-0.2994454124303385,-0.3475955116643838,-1
3.0865813512578306,-1.119002989992583,-1
-0.9188194697050116,2.1638433261721985,-1
-1.0159967432131785,-0.1099618015578672,-1
-0.6069722925232726,-0.6574332412190913,-1
0.6848593218439604,0.5907220987710816,-1
-0.4270313176257054,1.122833464908123,-1
1.0682700715306868,-0.1315934646830511,-1
-0.5379326390568419,-0.3496480693987294,-1
-0.3158230559911948,-0.6391957633652676,-1
-0.0579879614431865,0.1599122529574173,-1
0.7654443505738004,0.4718248313372619,-1
-0.2175639238860351,2.2317453167998926,-1
0.7931905753737043,0.3366268611750166,-1
-1.1029274285416557,-0.0421511078432695,-1
0.9118064398043492,0.047880897535074,-1
0.4101662996753122,-0.5134203747207667,-1
-1.2557307123161716,1.5071670305181444,-1
-0.3433404477393157,0.6236874992711492,-1
-1.498071962698098,-1.130859462909401,-1
0.2370904607391665,-0.5219671810103814,-1
0.8726845206381453,-0.0417576753219922,-1
-1.2318521139589045,-0.4035296367985462,-1
-0.2310501976921183,-0.709109791870952,-1
-0.0347927930975368,-0.806784148713186,-1
3.200517735349281,0.5098077577053761,-1
-0.5119166754330607,-0.1085225781219172,-1
0.0304340880458311,1.239249628740454,-1
-1.219930668086057,-0.6273264942573793,-1
-0.2554233119434817,2.161569520966289,-1
-1.1940023703175606,1.1610489124264418,-1
2.382049609785919,-0.939261580270252,-1
-0.0670582518073344,-0.1117122236840318,-1
-0.2403471351629954,0.3906998443860019,-1
-0.7857129691189969,-0.7267458414733984,-1
0.8407549739035065,-0.6462735145585367,-1
-0.3163720123858691,1.1713508752600794,-1
-0.534245085730593,-0.7007547703329504,-1
0.9602943026116092,0.3663238130608708,-1
1.875781274962124,-0.4512773843227996,-1
0.3273200394605048,-1.8676411816818588,-1
-0.8662785049970377,-0.2761552424992317,-1
0.0976764560914198,-0.2266351498763522,-1
-1.1732230493529818,1.6068937935186307,-1
-0.0836970705760022,0.993624892139152,-1
0.1066927255026864,-0.2612007501495859,-1
-0.2279052410162763,-0.5938758422972167,-1
0.743961303330835,0.0220666195279945,-1
-0.0002381885975367,-0.650913616001805,-1
0.1661223570787008,1.2478579002827692,-1
2.740431649731191,0.3192103452313585,-1
3.286964352614734,0.5237972209427629,-1
-0.4427991247633335,-1.9623669337670868,-1
3.0500126126339704,1.5286072128660164,-1
2.703212871946538,0.1165024712682509,-1
0.7594831860380372,-0.3302451087813349,-1
