Customer ID,Age,Gender,Annual Income,Spending Score,Potensial,Cluster_OPTICS
d410ea53-6661-42a9-ad3a-f554b05fd2a7,30,Male,151,89,No,-1
1770b26f-493f-46b6-837f-4237fb5a314e,58,Female,185,95,No,-1
64139426-2226-4cd6-bf09-91bce4b4db5e,24,Male,154,76,No,-1
7e211337-e92f-4140-8231-5c9ac7a2aa12,42,Male,158,40,No,-1
30661d57-eeb5-4886-970a-9c7d0f260ad8,27,Female,164,37,No,-1
43417ade-6b17-431e-ae76-d8ed26aa46ac,24,Male,70,17,Yes,-1
86f73b1a-6a91-4d7e-ad21-0aefcf6111cc,83,Male,48,34,No,-1
4be5f5b0-83f6-4bd2-9056-18a8d5414066,63,Female,89,80,No,-1
eb0e4ebc-fcc1-424f-b083-81987583ecc6,25,Male,88,17,No,-1
caa4ad5a-51b2-4af1-91cb-e2802f620239,32,Female,160,96,No,-1
0c9d0e0d-a601-488c-9f3f-f036f2bdb536,51,Female,135,87,No,-1
dc35a079-c3db-44f4-8612-d0af9daea414,64,Female,33,81,Yes,-1
b43f995c-c9ab-4c58-8f71-949de233ac71,19,Male,199,82,No,-1
8bbbdbbe-7f8a-4c9c-afed-f6969f49e9ac,65,Male,87,3,No,-1
baa61fc0-4a1f-4210-916b-669d1ec44dbd,26,Male,46,12,No,-1
6d6d557d-41c3-4992-9ef3-f7d113c78649,70,Male,164,36,No,-1
dd6223b5-5aae-468b-b936-618b513d4e70,24,Male,109,6,No,-1
9c702610-d6ce-48fe-9857-9e295e161ceb,39,Female,48,36,No,-1
65348b4f-9170-4edc-b035-cc484416face,19,Female,192,57,No,-1
c2fd4929-fc3e-423a-8dd9-1fb239ef4de6,79,Male,110,7,No,-1
eb6d1dfc-5b3a-4ade-8521-71db4659ad13,61,Female,38,15,Yes,-1
896aef6f-4dc1-4b4a-8805-68ced6971458,73,Female,171,55,No,-1
5963ff82-b2de-453f-bffe-4fed059e18ae,58,Male,81,23,No,-1
767f9ffd-7211-4045-a1d0-f700220928dc,35,Female,71,52,No,-1
ace9492b-bf39-47eb-8f28-6f85b9cc8973,79,Male,164,96,No,-1
cfe0eb40-4892-47fd-ac84-29dbd15f7bd4,57,Female,106,7,No,-1
c5e56dd8-5a20-4bd9-bbc0-97c380553084,76,Male,189,87,No,-1
96892d38-cadf-4409-83d8-1b7a3b37b05a,40,Male,64,62,No,-1
daf07560-6a2e-47af-9c4b-66a63b93ac34,84,Female,36,5,No,-1
ea4a4765-11a6-433e-8016-110bc0bc5ed5,21,Female,118,43,Yes,-1
d5e8bfcc-51e1-44b2-a59d-9174d10efb97,55,Male,77,86,No,-1
f67d66e3-9403-4d69-aee7-4a75c2a92e4d,28,Male,150,15,No,-1
7c3297d0-408b-4e5e-9c4c-abc9816af35a,67,Female,129,80,Yes,-1
a6fac89e-e7a4-482d-9bb6-d32cd2abc346,26,Female,81,29,No,-1
10a2a14c-cebf-410d-81dc-c333101b5e6e,39,Female,45,12,No,-1
68969a5d-975c-4a8a-a357-1ce87ab24459,58,Female,85,16,No,-1
92390e01-1df1-4643-b044-546283ae7773,46,Male,88,3,No,-1
38cb6a10-0af1-4505-b3df-0f8ff3a4e4d3,36,Male,64,23,No,-1
acb1f373-6d7c-46d8-8d72-7e5bf1ee9921,62,Male,23,39,No,-1
9a359e4f-973c-4f8a-91dd-eb930fddedc8,36,Male,126,35,No,-1
0a9ca7d8-91f4-4189-a959-e8d5fde13881,48,Female,171,54,No,-1
3df8f77f-b527-4f3b-a2cf-b163ff5965d9,50,Female,101,32,No,-1
accc810b-e7e1-44dc-80bd-98e82bef02d1,48,Female,46,95,No,-1
cb05e681-1286-4f97-8e7d-2c9b67778936,49,Female,190,2,No,-1
4d4ce6bb-da34-4f9c-8f1b-4c05bfe5fcaf,21,Male,56,34,No,-1
e426ab28-977d-4660-95ab-2b387d478cc0,83,Female,174,53,No,-1
7d14cebc-4aed-430e-ae8a-6415fde6e4e6,39,Female,146,81,No,-1
2260c459-3b7c-443c-a31d-088405b7f09c,55,Female,127,31,No,-1
52c8dde3-1956-411a-a010-c879dadab6fb,60,Male,99,27,No,-1
3a626479-8b72-4500-a12d-97bb7d76e0e6,33,Male,68,27,No,-1
50bbe6c3-4d3a-49ae-a529-4b94492fbe8b,72,Female,66,53,Yes,-1
767bc943-ceae-4dd2-bad9-3fd9c89d7db0,72,Female,36,72,No,-1
72292647-1690-41d9-a387-4b21980006fc,68,Male,168,24,No,-1
af160348-4b39-4b4e-984c-8c078e995f5d,81,Female,111,34,No,-1
9e5e3cf5-07c0-435d-b0f3-fbe03cf91807,64,Female,120,20,Yes,-1
385017d0-a567-45ce-8528-28c8b8804112,30,Female,99,4,No,-1
835b35a2-e838-401a-86fe-85c3c181bbb6,65,Male,97,67,No,-1
f4021ca8-b350-4d8b-9293-b2cf386bc0cd,61,Male,167,93,No,-1
f620a5e6-ee46-4404-9d96-603bbd1fc6e6,68,Male,114,42,Yes,-1
0ced3471-db47-4b19-9723-e8333b091f98,31,Female,76,65,No,-1
716588b1-f862-4c02-a2cf-115cd43f654c,21,Female,175,33,No,-1
33577556-d045-41a0-9565-7f0f37a39727,65,Male,81,10,No,-1
d41eea9a-569d-42fb-94b1-d4551204c936,21,Male,172,80,No,-1
90b18bf2-2413-4212-8934-e67ffc233192,22,Female,106,74,No,-1
101fd379-ff5c-4ec0-8cba-f8a9fc0f42de,71,Male,149,13,No,-1
5ddc5df7-2656-4cc8-a95e-a0618d7cb8e6,27,Female,40,77,Yes,-1
36fd3a7f-6226-4d3b-baf5-e39833d9782b,53,Male,150,32,No,-1
f17d239d-6a67-4b77-9fd3-5377ea88c142,49,Female,194,43,No,-1
958eaa2c-0c0b-46fd-a085-b29ce9d5d8e6,56,Female,55,18,No,-1
83c5dafc-dd2f-4622-9748-23aefb000a38,84,Male,188,44,No,-1
26852b46-dbfa-46f9-8d06-1b568551868e,27,Male,179,97,No,-1
af9762ae-ed8e-4aa0-b32c-922d500b4cf1,53,Female,156,35,No,-1
2cb233a0-5916-49e0-800d-01869340347d,65,Male,156,49,No,-1
2bcc1223-2182-4117-ba07-1e3aa9d9b4bd,22,Male,158,83,No,-1
6abe4dbc-1b70-4a8f-b0b1-7d1bff27fc65,23,Female,115,25,Yes,-1
0947cfd7-72d1-456a-8524-947bf653fa57,18,Female,96,64,No,-1
90f1ac1f-07e1-4817-bfde-7e5f23f3e17e,38,Female,182,68,No,-1
ea1cdcc7-425d-4679-83b5-25b8332b5e6a,54,Male,47,42,No,-1
a04d4663-eb9d-4fae-bab1-2549c7e02be9,88,Female,168,51,No,-1
ee835638-95d5-4dd0-a912-227ec001ef06,24,Female,185,95,No,-1
075acc31-0041-4ea2-8917-13a924da66e7,70,Male,160,34,No,-1
2b971aba-879b-431a-8c60-df636ad45731,74,Male,191,65,No,-1
333c0b32-e155-4d2a-abc5-041ec4d25a9c,22,Female,138,20,No,-1
3874580e-e7bd-4e60-bb68-c5110a04bd8c,78,Male,95,75,No,-1
9dfe38e0-581d-458f-bbd3-7b2d98865728,44,Female,84,1,No,-1
dd8ea81b-09a8-434f-a9cb-b0c4baf6f248,38,Male,70,24,Yes,-1
5f64caae-cb02-41a9-a648-273e0ed6d7fd,88,Male,189,50,No,-1
1ecc4ca8-45f0-459e-a911-dae3227d2b0f,33,Female,178,29,No,-1
65f4810e-a2c3-4b7c-ab9e-00e6a91ff435,72,Female,83,32,No,-1
052a6b92-7855-45d9-8903-5c9d69d6903b,27,Male,39,29,No,-1
d93d2a18-c9e8-42ed-a97c-84912b1b0efd,44,Female,187,6,No,-1
60fddc74-977b-4d01-8805-9e859748fdc3,58,Female,139,35,No,-1
e7d7ac8f-87c4-444c-9118-04d957987b53,33,Male,182,1,No,-1
b8858575-b5d6-4f66-8293-7521077f6d92,52,Female,76,31,No,-1
30a4fcce-b05f-4988-9d5e-0d580e9028d6,52,Male,30,3,No,-1
dd714097-4205-4096-b6f8-d9822acd3c04,59,Male,194,47,No,-1
f13a0cc5-6fb9-4882-aef3-9ccfa421b185,45,Female,96,43,No,-1
edba12eb-e908-42c4-81c7-b6770912c7fd,29,Male,146,82,No,-1
9526a9bd-1ea4-4aad-b4a7-adfc5775bf7a,83,Male,148,71,No,-1
b5c458ec-1d54-465a-b97b-a149d7f32106,79,Male,27,48,No,-1
46654e16-4363-43d7-b3a5-54120a7b27a2,49,Male,198,33,No,-1
61ebc7d9-15c5-41eb-adfb-9b772d36cbd4,19,Female,55,32,No,-1
0516205d-d816-4d8f-ab9b-d41f1a560e1c,22,Male,41,40,No,-1
6557b342-6b66-4645-942f-b13f33f67e64,54,Male,88,40,No,-1
84140ddb-54f1-4b31-b51d-4aecb10b7ac7,83,Male,166,52,No,-1
4fcb4b02-1609-41e0-b9e3-c9468853e577,60,Male,167,34,No,-1
f5712da2-092b-4f52-aed2-bb93b9fee5ab,33,Female,36,73,No,-1
78883927-b348-4c79-932a-074dbf6af0f8,55,Male,74,13,No,-1
2a5cdb1a-3f0a-4b5a-a33d-d0d81f7661a9,46,Female,181,64,No,-1
dc9ca753-aa31-4708-85c5-fa1da4a046d0,87,Female,47,76,No,-1
d49f5b80-4d55-4e37-889b-c7933c3ac0a5,79,Male,83,73,No,-1
69fae815-5e3e-46de-8e87-4adf49ab06fa,19,Female,166,44,No,-1
587c0ede-8f38-48df-8df8-bcf74df93862,22,Female,100,51,No,-1
bc695e38-c5a0-46bd-bc6d-818403c82949,31,Male,84,8,No,-1
e5647be0-0575-4fb6-8b1d-13b06203bd70,20,Male,112,39,No,-1
25cff4ef-5d2a-4fe5-98ee-7ddbd8c0203b,67,Female,63,26,Yes,-1
d54d2196-da54-4eab-8ef0-0db3e9cdab3f,26,Male,83,4,No,-1
3f116bae-d95f-4018-9585-f575dc693e71,34,Female,135,27,No,-1
d7896112-ac06-4c31-90ff-479f168d9ac3,40,Male,44,70,No,-1
6c2dbd85-8fab-489b-b91e-6f148f53bbd7,57,Male,100,18,No,-1
cf345cd7-8b4a-45c3-b391-1ff46ec6e2d5,35,Female,29,18,No,-1
7af6d0a2-e4c2-4302-8158-796dfdfa44eb,85,Female,142,11,No,-1
461ab175-47b2-4231-a028-1d69a212bdea,35,Male,33,15,No,-1
54078f11-3d3b-4968-9454-50e676d473c4,77,Male,157,57,No,-1
f78d1f58-e72e-42c4-ab4b-056bb0830791,25,Male,72,39,No,-1
4e6f9bfb-77c5-4a14-95c0-497f123477a8,28,Male,160,71,No,-1
08d38acb-157f-450d-962a-0bf7fa70819a,71,Male,190,75,No,-1
5ee59227-16af-4127-a51d-8981576f48ab,37,Male,135,6,No,-1
5de60d87-18b1-4886-993a-966b6e185657,71,Male,186,6,No,-1
16226691-d6ba-4b9e-b192-e96299023f4e,50,Male,141,83,No,-1
cfe84106-02eb-4f9f-b161-789528948f7a,83,Male,151,88,No,-1
5cda82c4-cf88-4949-a8b2-0412fdc67680,26,Male,40,23,Yes,-1
9db67b3e-286c-4fdd-8a94-53f5a0968f86,24,Male,184,21,No,-1
1e506e9c-75b3-461d-b7b1-b149e9a21511,65,Female,45,36,No,-1
493bf3e8-4f51-4842-823f-a2d668293c11,83,Female,194,55,No,-1
175f200e-4faa-4287-96d5-71a85f4884e1,61,Female,60,36,No,-1
94b3153f-cc9d-4a55-8a2e-742a6555c537,33,Female,110,49,No,-1
644db267-9082-4c42-b02d-fad5bf30d735,35,Female,183,68,No,-1
29ca88b2-fc25-4417-93f4-823d9d8ac2dc,40,Male,181,23,No,-1
8640e224-9096-4a13-a32e-662b3d1504c1,69,Female,58,35,No,-1
2f971837-3a6e-4928-8a41-d0d8b4b87af8,88,Female,173,69,No,-1
0dbead2b-6caa-4e05-b2de-e5f81b373a4a,34,Female,39,84,No,-1
1a1b53ef-065d-4333-930a-760ee0908394,88,Male,80,9,No,-1
4afae204-64df-458a-970e-9fb503bd5b00,61,Female,24,59,No,-1
b35f3089-a257-45eb-ae52-c78e2c266374,35,Female,77,29,No,-1
206ad996-8643-4336-a3f1-6891e7cd470d,53,Male,170,28,No,-1
880df93e-6bc1-42bd-bd6a-e2b8d499b710,33,Male,99,64,No,-1
a2c7ef2d-cecc-4a3f-b2ac-6ebf6595ad62,86,Male,175,71,No,-1
2392d7fa-9489-42aa-b50b-36f66ee9b423,84,Male,74,54,No,-1
2f4cb703-e5c1-48f3-9a89-3615b31e20f1,54,Female,103,49,No,-1
bb047494-340f-4cb0-b88f-e4c8148eb2ae,20,Male,189,21,No,-1
7235955d-eca0-4fd9-861a-7042691e3d5e,86,Female,28,37,No,-1
836d7eca-db4b-4c3c-8d6a-a771b070551a,73,Female,145,54,No,-1
d11ba8ac-69f6-4fb2-bc56-abb52d4966fc,88,Female,37,4,No,-1
ad5f7b6f-aef3-4867-87e1-f862a6519ce3,54,Female,113,65,No,-1
12da3593-4e95-4272-9553-1fc6e36e47cc,19,Male,150,61,No,-1
7c10963a-9c61-4f57-b314-e147b63d70e8,84,Male,22,48,No,-1
a2257473-45d0-42f6-9207-cbdcfb76515a,60,Female,43,32,No,-1
ea98c611-5bb3-4855-b79e-04be0cd0f179,39,Female,81,66,No,-1
80149259-8ffe-43f2-9016-ad52dc3e5443,85,Female,60,38,No,-1
113e23b5-5cae-4357-8b9d-776c81842ae6,60,Female,92,89,No,-1
31b0ef92-f4dc-4bfd-bb88-fc8ba17d15b3,82,Female,160,44,No,-1
d44d49f5-41d5-4588-b27f-0fed752e5a8e,44,Male,200,4,No,-1
a51e2948-955c-4f67-9a32-a22dd3e3798f,48,Male,125,1,No,-1
29b970a5-f3b9-4adc-a32c-4e6c47292284,21,Female,43,48,No,-1
42661bdc-2936-4e2c-827c-44abf525d1ed,87,Male,55,94,No,-1
45d48162-ec3e-49aa-a8fb-bd41df8f113b,41,Male,68,37,No,-1
705ace34-543a-4cdb-956b-c06f6eb33a4d,52,Female,141,30,No,-1
a465c323-1e47-44d1-a869-a105745034b2,76,Female,75,27,No,-1
82737042-63a8-49f4-b8d9-338cfef4dd03,71,Female,97,33,No,-1
b14041ef-0432-438e-8737-e30c31b391af,38,Male,55,53,No,-1
b9b58bf2-a4ca-4254-b61e-1db5d7adc35b,57,Female,27,59,No,-1
7f57a91c-2edc-4f2c-ad13-835eeab36336,80,Male,152,50,No,-1
a2510f77-4414-4a52-9632-3e6ecd05165b,60,Male,151,51,No,-1
4cb3f773-9193-401a-b091-4f4eccc0d7c2,53,Male,178,26,No,-1
6614b886-287a-4a0e-b48c-82d49f977d97,84,Female,139,90,No,-1
08568a01-b6c5-47b7-a64b-81822fc84c88,26,Male,52,75,No,-1
8f9a7106-5e73-4627-98af-f49939ed8b15,34,Female,139,63,No,-1
ce649a2a-76c4-49c2-bb2a-6c1c5d475264,67,Female,194,23,No,-1
b487d49f-6321-4873-9b5a-4fa413f01e0f,31,Female,154,38,No,-1
ad11524c-2b5b-450f-bfeb-8937c257649a,67,Male,123,41,Yes,-1
2f092cee-3d08-489f-921e-1dfaa81ba6b8,32,Female,176,2,No,-1
c17d862a-d452-483e-98db-abebf2a59c4d,32,Female,119,21,No,-1
1e92ab44-1bba-41fc-a777-d52c72924ed2,81,Male,68,93,No,-1
7ac29936-0673-49c8-b7d5-b760ca75cee0,77,Male,106,7,No,-1
746683ed-cdeb-427b-89ad-5c61f76e5b44,27,Female,125,17,Yes,-1
5ace7e9f-f02d-4c07-b0cc-ba3ff524565d,59,Female,147,49,No,-1
8149aac3-bc36-438a-ab77-4a7b6583633f,37,Female,111,1,No,-1
20e9a636-f643-4017-8a0d-3ce805d7b7c1,47,Male,71,66,No,-1
86cc129e-2e37-4d6f-886d-76030c177dfe,28,Male,83,10,No,-1
da000695-9784-4a92-af48-5d689ee890e9,18,Male,179,90,No,-1
39a12692-e72f-4a0f-bd56-7cb781f7b6d7,55,Male,130,39,No,-1
3b514d1a-485b-4fce-83bd-b9a58dceb229,46,Female,135,1,No,-1
a42124cc-e365-4043-a41f-213589b4e7be,72,Female,107,38,No,-1
c60bd59f-b270-4f04-aa4c-89ee267dba18,60,Female,127,31,No,-1
9807af68-f1f5-4a80-94ff-aacafee303dd,76,Female,75,37,No,-1
d4d2ae0f-ed77-46e1-8647-21bdce205458,77,Female,127,52,No,-1
1b8ce4c9-6432-40c5-8ced-0e788b54d930,56,Male,166,89,No,-1
98b624bf-578f-4bf0-ab23-16a1e052919a,64,Male,159,2,No,-1
5b5ce678-7380-4394-9026-2de0f63d5968,52,Male,57,35,No,-1
9afc5697-6b05-44ce-b69c-a9c72a475173,58,Female,29,83,No,-1
864add3b-a2df-41ae-8ecf-3df893ff3820,59,Male,194,47,No,-1
67daafbe-c602-46ef-b49c-7d09fa737824,22,Female,129,92,No,-1
9e2d5902-4743-49f8-a999-80179e122ef5,53,Male,30,26,No,-1
13b200fb-a8b3-4861-bc81-93ac906b37fd,57,Male,135,39,No,-1
e96f6f63-f71a-4f4c-8125-e53652a1b58d,76,Female,189,39,No,-1
223c155d-0063-4892-81a1-6aee11bf3fb7,34,Male,151,35,No,-1
90d41402-9e50-4d94-9246-af60acb95a43,89,Male,66,86,No,-1
ceb6a4b1-925b-4040-a8bd-51c46be91270,64,Male,77,16,Yes,-1
b0770f6c-a81a-42e3-b2d9-042406b6b39a,24,Male,143,25,No,-1
b41d027d-48c8-4d1a-8de3-0e3a57b4e818,72,Female,148,95,No,-1
052c0bb0-b259-4fac-b090-66822627962f,53,Female,101,61,No,-1
ad8f1ca2-54b0-4070-a333-2fd5bf63c578,85,Male,162,26,No,-1
bd644298-e43d-475f-98f6-67b03dc136a4,85,Female,173,84,No,-1
e57fdcaf-1394-46f9-9eb0-fb3ef7aa6fdb,86,Female,109,29,No,-1
1508894c-0fec-448d-b4fd-42995713fc5f,19,Female,130,21,Yes,-1
978f4588-019e-446a-90ad-5e8d166b0a73,45,Female,164,51,No,-1
cd5c4d4a-e09c-47b8-8a86-ad7bf33ffcdc,36,Female,28,36,No,-1
d7a8d545-2907-46c8-84d7-fa841cf3f15c,38,Male,26,39,No,-1
232e7d0e-a8ac-484f-a7d9-977cdf8ad90a,27,Male,56,32,No,-1
58ac92aa-cfd0-4cad-8678-a4b83664f302,19,Male,82,10,No,-1
0399d445-cd05-4669-9fc1-c1e15d1dae0e,81,Male,54,17,No,-1
961ce28c-1daf-4da0-80b8-2efd964311ec,78,Male,186,97,No,-1
bb5c5d99-e2d3-4767-8d83-2c81a991a0c3,83,Female,178,29,No,-1
ae72e9c8-0e7c-487f-838c-6249adecaf9a,77,Female,170,55,No,-1
a0e67ffe-bdf9-4f19-9c1e-8b1fa3b1d509,70,Male,78,3,No,-1
3b1f7add-30fb-4a26-860f-35ccd355a0de,88,Male,116,39,No,-1
5a1ea26f-eb79-45aa-9f7c-8de30082eae2,22,Female,144,41,No,-1
ccf68e64-dd0a-42c8-af5a-b9c63279585c,21,Female,102,83,No,-1
b9b12e25-242a-4348-98f2-573f986a933c,36,Female,26,57,No,-1
86020c4a-69f2-437a-b5a6-e6ac368e4637,50,Male,158,17,No,-1
a78e4455-ac5e-4661-a51b-08e7a98c21ab,53,Male,75,55,No,-1
a19318d0-9239-4cd2-aa2c-db80298d3a6e,70,Male,130,31,No,-1
a89bd9bc-80df-43cd-8304-aee824e2f8cb,58,Male,38,60,No,-1
3e8bb550-47cd-4528-8aa5-3b27ff02073e,48,Female,91,69,No,-1
6682df3d-1ef3-4e04-8937-4ab41077733b,51,Female,46,15,No,-1
26949bbb-adee-4a4a-b3cd-4058d5d3d261,27,Male,52,41,No,-1
75bd7ea9-ad1d-4890-90f5-4ea85288a6f4,76,Female,170,6,No,-1
c31c7f85-2eac-42de-8cf7-2cc98cb185b9,79,Male,117,26,No,-1
14deeb50-9d65-427d-babd-137e86ccdb5f,18,Male,98,58,No,-1
1adee7ee-0f65-483f-959e-0a719b870400,41,Female,145,78,No,-1
c8864ef3-b849-4dec-9600-953a882fe63e,82,Female,24,23,No,-1
38520282-8c74-4bd1-b64b-ffb002dce3fb,54,Male,107,20,No,-1
470474a7-c418-46a8-a984-43abeb281407,22,Male,195,76,No,-1
97e26698-f92c-4cc2-b2fe-09d7d46077ac,41,Female,87,25,No,-1
c33a5ab2-6085-438a-9d62-a70eafa8beba,90,Female,140,10,No,-1
8081a26b-3642-4230-830d-c904148c81d2,69,Male,175,43,No,-1
52b73425-892e-4595-8ca1-5a0c899eeca6,75,Female,71,91,No,-1
65013305-e804-46ec-a7c7-e568dd71a6dd,23,Female,134,44,No,-1
d8ff5f28-7490-403c-8a40-469ce1c738e9,41,Female,183,79,No,-1
35ae6135-3d36-4c36-90de-5a7df63f6439,34,Male,183,22,No,-1
91bc4e41-7d65-4a22-9f29-a862563247a7,40,Male,21,51,Yes,-1
fab1d2ec-7db0-4d26-9f6c-a26659d20511,20,Female,41,30,No,-1
5d1ba1b5-899f-43be-bdd0-9d03c2ebc539,73,Male,36,21,Yes,-1
bf8c6ac0-85a0-4546-97b8-b8c80c7260d7,56,Male,98,74,No,-1
03643ade-854e-48f3-bab3-d961de3d6d7a,57,Female,54,10,No,-1
7091c54c-7dca-4eb1-87ac-ee5c42afb534,73,Male,81,70,No,-1
71f0eb99-7969-4c85-908b-454e7e32998f,82,Female,39,26,No,-1
0503efbf-1ecc-489d-bb04-0aa739aff1c0,48,Male,101,26,No,-1
83462fb8-6625-44ec-82dd-c54cc9304d2b,77,Female,110,74,No,-1
bc2f737f-f1f2-4db9-ab4d-2097eafb1867,60,Male,178,54,No,-1
f6eb2491-0ac4-4822-84b7-896349f6ca46,23,Female,107,22,Yes,-1
2bb15076-9b3e-4f3f-b9dd-cf877c455218,18,Male,159,56,No,-1
54da95d0-b48b-4791-a6fa-bb9055f48d8f,71,Male,93,16,No,-1
e1655d99-439f-4e90-a43b-94a215b53536,44,Male,184,2,No,-1
d32cb77a-edea-4e40-b976-bc0280bcfe93,70,Male,21,68,No,-1
b3cf2f01-e7c5-4b45-baa2-d5ab405edbfa,88,Female,94,83,No,-1
b50a462c-c086-4b39-b802-11530bff89d6,26,Female,22,59,No,-1
03b3e12b-23a1-4970-b138-307e6def23b1,69,Female,180,53,No,-1
e9f8f932-ba71-442b-85a6-56e0d50805b0,88,Female,82,73,No,-1
2a2c40d7-ef91-4148-bae9-36a5377f27cb,64,Male,102,75,No,-1
ead643a1-fc51-475c-a5a5-c745b4c114ce,85,Male,45,13,No,-1
970e0af1-cc43-4103-9663-053816a63740,64,Male,173,84,No,-1
1364c4aa-7a2a-41c4-a3ac-0cdaf54c2501,64,Male,171,72,No,-1
de62a1ca-2690-4b16-b9ad-8c5bc1f78849,76,Male,89,16,No,-1
9b588ef2-105a-452b-b6e8-534b5885a18f,59,Male,79,19,No,-1
376d2107-1885-41a8-b612-99c09e400c92,55,Male,85,91,No,-1
19bbaf6c-2193-4a0d-b186-dffc1d475202,39,Male,194,85,No,-1
faaa3db8-0aa0-4175-b6b8-4b880a029c34,77,Female,102,100,No,-1
6c377620-e3d7-4781-8c93-91cea1fc4f5b,40,Female,104,52,No,-1
8e84e92e-2f61-4830-95f0-bb21df844e8a,68,Female,91,1,No,-1
737b44d7-dc01-4230-81c5-7c23bf1c0346,83,Male,171,63,No,-1
6715f282-f30c-4f4b-9f27-5088672cda3d,82,Female,128,14,No,-1
62eb7d37-667a-4a1f-8d21-40fe0cd81ec4,75,Female,185,47,No,-1
0ab046b0-8203-4251-a273-f791df0f288d,53,Male,58,10,No,-1
f8f96e7e-b48a-4651-a1dd-fafd9a7fd1ee,75,Male,50,78,No,-1
c50ca4d2-dc17-44b4-bc05-7ce1f9cdc26e,86,Female,75,6,No,-1
2bdcd68b-f1db-4f53-895a-297b3fec0d28,29,Male,149,82,No,-1
38ae414c-383f-4f9a-976b-e1b24eef957d,67,Female,188,10,No,-1
9621ec0a-1539-42cc-8f4d-76a924a01928,46,Female,96,81,No,-1
6bf4c7ec-2e20-4295-9c9f-758d99524fe2,55,Female,153,38,No,-1
edc7c300-5d61-4f15-9e60-78483ae2111d,84,Male,76,50,No,-1
2e1b6415-3355-4704-a0fe-a539b8a9b209,67,Male,130,38,No,-1
09fc6bc4-2122-4979-a6e6-125bc356da22,40,Male,98,52,No,-1
b799551a-fe07-4c8e-b70a-d5df9d66ed81,72,Female,164,46,No,-1
a17aac11-31ea-4c1c-87a2-8892d1f93824,54,Male,91,28,No,-1
66e27f9f-8e65-4952-8406-0032a49fce0d,62,Female,55,76,No,-1
9e96cf1e-496e-4547-a981-2e485c00dd46,55,Male,159,50,No,-1
2e72afee-b14d-40b1-a4f9-c2d642f17011,26,Female,155,83,No,-1
e062a013-6961-425e-9dc3-cf22000fae95,51,Male,154,71,No,-1
e3623cad-6a78-4f78-bda3-b8593c88a68d,34,Male,67,91,No,-1
fa4bd116-edd0-4e77-aed1-0f929a1d0043,79,Female,70,29,No,-1
030d5b35-bfb5-4f07-a3e9-5ad2682377df,53,Female,86,13,No,-1
9dfe042d-fe6b-4b74-8e5c-3d03433956d4,49,Female,190,53,No,-1
ef3c14a1-1f13-4146-b661-bed3eea727b0,48,Male,26,52,Yes,-1
49374728-9fb7-4f33-8cee-0cb83eb2c8f5,23,Female,175,85,No,-1
edc7e074-4462-4bd9-baab-326e27c5adeb,80,Female,157,67,No,-1
34e84fbd-bc66-4a42-b41f-6698d3d8b095,19,Female,169,95,No,-1
19e1ca6c-b0df-461c-8cbf-94dd9bf341ec,79,Female,96,76,No,-1
2270ca39-aab0-46b3-aa7f-117e931404d3,52,Male,152,91,No,-1
d2302991-5e2b-4d11-99c1-9080136cf58a,69,Male,165,27,No,-1
ccfe065d-ce0f-471c-9647-deb0bb47a646,66,Female,160,32,No,-1
9bfcc6da-bbca-4f11-b734-72fa3c6324d5,38,Female,176,31,No,-1
df082063-bc37-4c89-8b1f-9c5498727268,45,Female,194,4,No,-1
4b9cbf06-dded-4d07-8c1a-02ee164f0d18,73,Female,59,35,No,-1
04902637-1050-4e53-8117-60404df896e9,73,Male,48,82,No,-1
c426a010-2777-4b68-b361-90601fc72cd5,83,Female,113,70,No,-1
4263a808-f25a-4ff8-98e5-e48d8c8ad50e,74,Male,54,23,No,-1
49687ab1-89a7-42f8-9b16-5fbe8ea62590,39,Female,172,6,No,-1
98af53c9-19ba-43e6-98d7-029b2f6da6eb,86,Female,72,54,No,-1
71109abb-b79d-4e91-939d-1c42db235ce3,41,Male,50,43,No,-1
505b77e3-529c-48aa-b845-0dcd49f522c2,57,Female,120,39,No,-1
cb0d250e-0355-437e-837e-55ddc6e47f67,69,Male,167,54,No,-1
44ab91a1-6481-40f6-af9e-f2fb78eb9633,40,Male,55,16,No,-1
7a2e2fe5-6355-4de3-b7bf-a7270078e390,46,Female,181,98,No,-1
ff1e47cf-076f-4c16-8893-b160541703ad,57,Female,164,55,No,-1
43887acb-dfea-46d9-ab39-9104fce4392f,51,Female,37,43,No,-1
403435df-95ad-4f62-9cc5-0729cd80e005,70,Male,56,22,No,-1
35b87d46-cb29-4eb6-a0b5-fc17ec631fdd,64,Female,177,68,No,-1
9001d15f-7ec9-4ca4-ab4e-5005526c90f3,81,Male,197,74,No,-1
acd44010-74ef-4fbb-950e-bc92c59caed4,20,Female,184,40,No,-1
3cbcce97-f541-4bf8-8e53-c44b6b2b88a6,58,Male,105,47,No,-1
cf64f0fe-6060-440a-9cd4-40379bbceda4,77,Female,140,22,No,-1
25fc839e-3dae-4731-b68c-968c25fabd08,41,Female,175,52,No,-1
9355cd12-1a34-4899-844b-5c5c9eb7a996,43,Female,127,7,No,-1
e2166230-573b-4106-9bbd-8605a4d344a2,56,Male,49,47,No,-1
1fb9276e-2d68-4149-99ac-447f4607c084,74,Female,41,75,No,-1
6a28d182-4618-4412-a59e-7b68dee25833,25,Female,136,44,No,-1
55b58ffd-8345-4e23-b347-324baab8a7c6,36,Male,186,31,No,-1
da51938a-f65d-4557-98a1-7a9607362622,58,Male,125,30,No,-1
85d7e324-5118-4609-ba7a-8f0848458c96,36,Female,134,93,No,-1
26e32927-7255-476d-894d-e430e0eda8ef,74,Male,109,75,No,-1
1a1193f1-6244-45e5-9633-954980ab46da,61,Male,174,57,No,-1
c5e1f96e-0d90-4ed2-954e-ace917275673,20,Male,190,69,No,-1
9dd88f36-3a4b-4059-8a9f-16736cdb3405,34,Male,100,59,No,-1
ee28a141-7239-4b72-a0dc-5bf203c3bbc9,33,Male,55,96,No,-1
0f40a665-7975-41ad-89d1-4f7352dccfca,38,Male,156,41,No,-1
e7e22028-a1c3-49ba-b4c3-3348ae98515d,22,Male,145,53,No,-1
4968c704-bb0b-401a-a63b-a16f36aed604,26,Female,155,57,No,-1
ce34bc0c-3f65-4ed9-8989-c482f03a1d23,69,Male,160,40,No,-1
d601e997-b16a-45eb-8c2d-358dad6653b8,41,Male,144,21,No,-1
31ccf237-208e-4c1c-8733-c5cd379cb3db,22,Female,132,14,No,-1
6ecaf16d-4bad-499d-9bdb-51f7b54ed43a,69,Male,20,39,No,-1
654faf06-7ed1-4f1e-aa13-1c6f818a249c,57,Female,78,5,No,-1
c5dc7337-a6c4-45b4-a2a4-b60912d8be20,24,Male,199,65,No,-1
3b6b7da7-d27a-4316-bbeb-060382c5305f,31,Male,93,2,No,-1
b2d3e4f7-bc9b-4aa1-acb6-c775ddb37697,25,Male,171,70,No,-1
8b1f6a4a-3dd1-431c-9b20-82d9e21fb68f,55,Male,84,34,No,-1
1467a2a9-cc1b-404b-b7d5-b3c0d3659bed,54,Male,172,23,No,-1
c392c8b2-eebe-49a7-a236-e9e8675bf558,39,Male,60,27,No,-1
a5ad4f09-3d73-4f6a-8613-7bc910a2b09c,31,Male,145,81,No,-1
2d7ea03c-040d-4b35-afb8-a5ca883bb866,87,Female,27,33,No,-1
b72c7273-4639-4693-9982-17bd3c1221ee,69,Female,94,12,No,-1
7b219b3d-42e0-4fdc-85a2-8e1b79dad1fe,37,Female,55,27,No,-1
ac37ebe5-c003-44b2-83d4-f76596986d38,52,Male,188,59,No,-1
76589ce3-d58a-497d-b694-3f5477278129,49,Female,100,63,No,-1
b8565c5b-1304-4d1a-ac05-0badf0b675c9,74,Male,185,29,No,-1
873d22c5-8cfc-4d79-a7cd-5acf68cbb501,34,Male,161,50,No,-1
b72f7c21-6d65-4a36-bf5c-7e37fc36e93e,72,Male,74,65,No,-1
60a3ee00-4efe-4278-9940-d8b9d252cc40,28,Male,145,88,No,-1
2dbd6575-fb6e-49a2-9238-278090c2fbf0,90,Female,115,2,No,-1
ed492f68-039c-405e-a34e-5202719c2a40,73,Female,125,15,No,-1
5e4fc500-dcb6-4942-abe3-b33ad82a2883,64,Male,109,63,No,-1
f14bb00e-5be7-42f1-bd75-733b4769a850,43,Female,133,36,No,-1
833b203d-0e6b-475a-bdb8-bc553ec6897b,83,Female,104,1,No,-1
3bf895e5-5e0c-442c-b445-3c28ae227c62,34,Male,125,85,No,-1
25df3e32-d769-428d-a240-4ddb51efcb70,59,Male,111,52,No,-1
f2cca858-ac79-4b3e-bd2f-b99ca2b49d00,72,Female,39,31,No,-1
3e2bbad6-c766-4c20-a183-49621025d0eb,71,Male,194,63,No,-1
a696eb09-1ce6-4f1b-a3c1-336806397bb0,81,Female,73,24,No,-1
72c92f43-a16c-4d71-b966-c6ea64d31370,82,Male,117,58,No,-1
45b1208c-9fdf-4e88-b2d3-50e815ef9a05,58,Female,127,34,No,-1
45622381-d950-4646-a0f7-842cc10bc0e8,35,Female,196,71,No,-1
e150c0aa-997d-4e8b-ae35-d0b78549bc19,67,Male,122,19,Yes,-1
c95b7ca2-84fb-45b4-bee5-c300aa055d16,29,Female,98,38,No,-1
527efc80-457d-4deb-a283-88bb9cfe7bec,33,Female,183,84,No,-1
15b576e2-b7d0-4f1d-8d18-734c2383dab4,61,Male,195,66,No,-1
c296cdc8-4444-4a08-b6ff-9126a7284cc3,63,Male,171,73,No,-1
19d578e4-d81b-48d3-9b8b-7fab47566bbc,69,Female,78,41,No,-1
df8e8372-4d90-40be-8ea5-7fb1f623d785,27,Female,131,99,No,-1
eac0eabe-545e-49df-b14b-bdcf8919905f,22,Male,76,13,Yes,-1
1143b9c9-a3b2-48af-982e-b151314a8d34,38,Female,184,71,No,-1
adda497d-25b5-4cb2-8384-f78d3f441068,50,Male,91,27,No,-1
4ff50d90-4f71-47c9-a333-caf259c8fdb1,38,Female,66,61,No,-1
44faad8a-2306-4ee4-991c-c9c516a4dbb1,75,Male,129,21,No,-1
30f5d3bf-0bf7-40de-b300-dafed77e7ce6,70,Female,91,11,No,-1
dea3732f-67ac-47b9-8631-43956f311b49,87,Female,153,70,No,-1
484c79e1-ecd4-44c4-817f-74bb5c78c5ce,36,Female,97,80,No,-1
8456b5c3-2974-4fac-b31f-a1c56c6a60d2,54,Male,175,37,No,-1
27e429dc-d7b1-42ea-832f-462357fd8799,43,Female,57,81,Yes,-1
0404da48-6db3-4b67-b8cf-b72277be4650,39,Female,47,26,No,-1
f3f9a1a3-7712-4c6d-b7b7-c0cc1bade333,74,Male,134,26,No,-1
92814986-d26d-4231-a016-863974631bdd,45,Female,72,21,Yes,-1
a5faffb9-ca97-499c-a93d-36856214d075,26,Female,159,77,No,-1
5284802a-97a7-4ad2-a565-5f0f51f3653e,44,Male,163,79,No,-1
c6379002-35e1-4aee-8685-235b5327e76e,31,Female,144,81,No,-1
513c5543-3d49-468e-b04c-fd765cae21dc,22,Male,100,28,No,-1
99c167a9-5178-43ef-9f1c-6d3f7ef003b7,53,Male,72,100,No,-1
fa7ea57e-76ea-4cc3-a633-b7a66f3b7ade,69,Male,193,71,No,-1
7e8c1987-e66c-413b-b567-b9bf505c010e,30,Female,196,9,No,-1
f0708652-3dca-4b5a-86ba-c62e0f76fd1e,82,Female,195,74,No,-1
0b5afeed-5b9c-4330-a46c-88333593ce60,57,Female,167,32,No,-1
b3d859dd-f5a9-4853-bc94-5588fcdfa94a,22,Female,140,51,No,-1
c1e51247-0b72-4b6c-a766-3a36e4b2624b,41,Male,95,78,No,-1
cb4927bb-614b-47ef-b8f1-51d6dc375d89,21,Female,146,85,No,-1
767a2cad-d10b-4666-ac94-115312952d3e,21,Male,64,88,No,-1
ad4bc127-0aa4-4d33-9d87-a5c478c3a302,47,Male,40,10,No,-1
c7565eb7-2b6d-4aba-ac41-cbb1b6b0c3df,86,Male,183,24,No,-1
5162e1fd-bfc0-4091-9be6-7d95a314db88,71,Female,74,26,Yes,-1
c06d4970-01f5-4d1b-995f-557a8682d0ea,20,Male,150,99,No,-1
7cb9db97-859c-421c-bbbc-125aa6607c8b,33,Male,140,8,No,-1
118f87cd-439c-4940-be45-cdbd1d4f6d96,84,Male,197,86,No,-1
ec9b5114-6215-428f-9baf-f0800a7467aa,66,Male,153,46,No,-1
d947cee6-2d54-4c52-aca6-50e52af21aeb,48,Male,34,72,Yes,-1
2c24d845-2ea3-4c81-8d75-ef0574a480e2,69,Female,140,31,No,-1
4340286f-6182-46ad-84e2-ebb118a3cf62,62,Male,181,48,No,-1
fb5fe281-ca63-4020-8980-3adbe75d84b9,82,Male,168,92,No,-1
88d57f33-c55f-468b-a01f-d1749b63ff33,34,Female,68,9,No,-1
2b3f121b-d6b9-4211-8c14-2a04a9f96086,39,Male,190,50,No,-1
eb7cc479-6b17-415b-8635-b706ebe7b6f3,39,Male,119,38,No,-1
6a2b5660-4f26-45f7-a80f-bc9f729e78d1,80,Female,49,31,No,-1
39f7c919-5a06-4705-94b0-1eed8f21e01d,68,Female,141,51,No,-1
3b2355b0-2e66-4aed-8c9b-43d69dbc3096,66,Female,113,73,Yes,-1
a6307da6-a752-4870-900e-35128acf878d,37,Male,196,55,No,-1
764593ca-5de6-4b1d-8ae0-d83e2e7d6daa,53,Female,127,8,No,-1
f19c3a5e-633f-4634-8591-ca1510bc74c1,57,Male,104,14,No,-1
c47ed47c-1df7-45ae-a560-d3bd30146eb8,89,Male,62,22,No,-1
8dab4b99-1e55-477d-be17-5a0073b6a78b,63,Male,89,26,No,-1
f057ac57-d24a-4a16-aaea-46eecf37fac4,37,Female,180,88,No,-1
6ad7b55a-7ac0-4cb1-9cf0-5187b00dc396,58,Male,167,29,No,-1
7524e39c-df23-48d3-aca1-0ba89b88501c,62,Female,151,36,No,-1
8d61da5e-fed3-4655-a5f3-3a83897059e6,89,Female,134,2,No,-1
bd6a3954-7968-4276-8341-afd08f404e0a,58,Male,100,11,No,-1
d7550ef4-119e-45a2-9caa-4b6d38518952,24,Male,180,17,No,-1
df980bc7-a3dc-41a5-b7ef-67389da34860,90,Female,39,64,No,-1
bc5affc5-63c7-4556-9a37-3929333b34a4,84,Male,95,78,No,-1
b45b8a87-a9be-4401-be15-5c08c8d78796,52,Female,25,41,No,-1
e4b89bc2-a2ea-4742-919a-a7eec1a060cf,55,Male,181,58,No,-1
de51b33b-9c36-4172-ba4c-0340036a8aae,79,Male,152,95,No,-1
7f8d4f1a-b00d-4b2b-aa68-5e1907edbbf6,75,Male,87,9,No,-1
9a2cbd51-5e86-4812-b9ab-b05e075755af,28,Female,71,59,Yes,-1
74b9d76d-d0b0-42e1-8507-e457a5ad2053,64,Male,146,16,No,-1
851801b1-4db7-48ea-83dd-9500f64871f7,39,Male,34,11,No,-1
83cf9f56-63df-4133-bcdb-ff22d23ab463,32,Female,46,4,No,-1
65c35dbe-dda3-4dbb-a1b4-a3c37b5da1d7,80,Female,137,85,No,-1
105cdf25-a93c-40ee-b747-f208ca9316c8,34,Female,47,2,No,-1
8d51ba5e-a9b7-4d3d-8511-1b27831642d5,70,Male,180,41,No,-1
2a570f1e-468f-4a39-88b1-73258edd6ab9,83,Male,181,80,No,-1
96d2144f-8ab1-427d-9280-e775ed91affa,31,Female,197,72,No,-1
f90b2c9b-d9aa-4ef3-a1ae-e38586a45255,18,Male,132,87,No,-1
1cff38e7-d3ee-40ae-9c83-712334839a57,86,Male,68,32,No,-1
8c0c4a01-ebaa-4217-8270-af67fef75783,82,Male,100,77,No,-1
2c8bc215-6724-4e79-91fe-eb52d4b9fa18,86,Male,97,35,No,-1
aba6b872-cb25-41ef-8c5d-8b068abd69fd,46,Female,129,22,Yes,-1
4a0acaa5-85ef-4ef1-a0e5-110696ec78ae,54,Female,113,97,No,-1
d0a6be37-42e7-4377-960b-9561d97b648a,85,Female,49,15,No,-1
2d5dd87a-f459-4f9d-950b-80adbfcaafdd,73,Female,190,63,No,-1
839d2215-8007-4989-9045-706fb02a1fac,60,Female,174,20,No,-1
18fd22d7-1aae-455e-a77f-5ca125e64fd9,62,Male,154,17,No,-1
93c48680-8ee9-4a6b-9694-f4b9c1782888,21,Male,33,93,No,-1
025509e9-03ca-4f0c-bd2f-9d1f7cb5fe85,42,Female,28,7,No,-1
c1b20dff-0ce8-429a-9d0d-f93b7eed447d,90,Male,163,4,No,-1
d3042a42-b171-454a-bce5-9fffde29c367,78,Female,46,72,No,-1
ff552efd-fb47-492f-a2a8-dd12391f1e7e,64,Female,166,55,No,-1
be468f94-0bc7-42c2-b3dd-c2e876ab1107,83,Female,119,21,No,-1
63b6849d-5055-4779-938e-b52ad603f667,58,Male,31,37,No,-1
281c29f3-2439-4bdf-8444-a61d269fe5fb,78,Male,160,80,No,-1
024f02e9-2e17-4861-bb0a-d948bf93667e,54,Male,112,44,No,-1
3e862737-2a79-45b5-a2ca-7929b1655460,29,Female,86,9,No,-1
875fe0e8-76e2-475b-ac43-da2df1cacab3,48,Female,162,67,No,-1
1e355919-55eb-4010-abda-313d5a6cbe6f,54,Female,185,38,No,-1
53bb078a-d5e7-4f7d-8ffd-9080a0705149,67,Male,114,5,No,-1
54b18a0d-34d2-4a10-8d23-7f3322cf9041,35,Male,182,42,No,-1
0b3b5239-c943-4338-8b48-7452c90e9dbd,27,Male,60,34,No,-1
d0eeb412-7c8b-4618-be53-40d44cc2529d,29,Male,30,79,Yes,-1
472bf092-6b64-4f06-9d29-c665bb707f37,47,Female,131,49,Yes,-1
bf9a6be0-8229-4093-aa08-b8de4ebf7228,89,Male,176,34,No,-1
14785924-9642-4404-b63e-527753e3af4d,46,Female,187,81,No,-1
6067e832-e7c1-4872-a629-e0961262c1cd,89,Male,66,49,No,-1
cce518dc-b921-4ce2-adf6-d0bff096c507,34,Female,30,78,No,-1
2cd9fe24-bed8-40d1-8a1c-8f1c8e30df7b,43,Female,86,81,No,-1
1bb22e4a-d012-4640-aef7-410d96d3d827,64,Female,82,73,No,-1
d8e75d7f-22ef-4302-bb01-5c16edb666f7,33,Female,170,3,No,-1
3fbc0386-d580-4fa6-b2a8-c65d816ff4b0,24,Male,150,24,No,-1
5dcdb919-9cd2-40c8-a22e-2107faf899a0,85,Male,75,14,No,-1
4e4e1cdf-ad7e-48d9-8e29-a17281e21d36,26,Female,58,78,Yes,-1
911df345-10a0-4c3b-9f41-1da98010538d,65,Female,183,82,No,-1
991a709b-4fff-43c1-a20e-8f7de373e9bf,86,Female,197,62,No,-1
d4781c2c-b97d-4fb9-ae27-7c5ac3ca3f83,69,Female,65,84,Yes,-1
0851f7bf-4d8a-4aa9-b74b-f69cd8475f53,23,Male,95,66,No,-1
ef66c8c9-98a3-4522-a5b1-98406e85fac5,35,Male,94,74,No,-1
c73ddb89-03d8-4ec9-90bd-7a481fd7ccef,70,Female,161,45,No,-1
a6dc29ca-8b04-4448-975b-31ac1748210e,62,Female,151,74,No,-1
6a13a6e0-1b58-4323-85ce-494cdff1d457,52,Female,197,64,No,-1
2d07c0ba-4c28-44fd-bef2-36970a896beb,50,Male,165,73,No,-1
d095b2d5-63a7-43af-9396-021d4f9ca110,35,Female,87,74,No,-1
f2a329ad-fabd-41b9-8999-9e62260b087d,67,Female,143,12,No,-1
623b3901-db48-4ef9-a7a7-4bed97a763a2,23,Female,36,26,Yes,-1
324c3b11-4fad-413b-a6e2-d4f47b99f412,31,Male,166,39,No,-1
faa7d57c-288e-451a-a58b-b139c2aff349,40,Female,97,51,No,-1
eaa2d11d-dd48-4470-8edb-5e9ac04167e4,41,Female,159,18,No,-1
7f547a3d-721e-4c4a-9d50-827be608e546,66,Female,181,79,No,-1
feec35e5-1e51-410f-9866-6010428bd72b,85,Male,103,34,No,-1
e7c25afc-7485-4b1c-8cb8-d6725b351613,42,Female,50,13,No,-1
fc7b5c7b-101d-48a5-ac05-dc6fe89f12b1,90,Male,154,36,No,-1
d5154d94-1462-4efc-92c6-58f603075cd5,71,Female,95,36,No,-1
513329d4-a94a-48c5-88c9-72f1b6a35c96,84,Female,33,68,No,-1
624dae60-8690-4490-80a4-bab02819c453,87,Male,144,83,No,-1
c5b74aeb-95e5-49e9-bb9b-0177b192abda,76,Female,99,84,No,-1
beff03f5-d600-4b20-bb65-90b04c3816ac,52,Female,49,100,No,-1
d77a575d-38a6-4f69-bce9-5d800907fea4,23,Female,84,17,No,-1
c090d3f7-9deb-44b1-aae8-e2c7bac6ddb0,80,Female,81,8,No,-1
b0f14b1b-6e33-447a-9411-607f2498cf62,79,Male,94,33,No,-1
fffb7aa3-2653-40d7-a23c-b32fa5686a9a,70,Male,198,85,No,-1
bdbfa8b4-7e0e-4679-b2af-a136294b229f,53,Female,146,68,No,-1
89bf9b0e-f6d8-4c7d-b7da-73ad476eaf8d,31,Male,178,20,No,-1
369e9ce0-f9ba-444d-9fb7-263ebc7d22ed,64,Male,171,24,No,-1
74eaf8be-ce98-46a7-bfcb-60a8b6bc2ba8,58,Male,166,39,No,-1
653bb2c6-c7ea-4d03-b274-a56bfdf34e80,65,Female,112,58,Yes,-1
686c6ac2-bc44-4471-83fb-5577f668dc91,33,Female,99,82,No,-1
beaab7e4-49f2-4ff5-b16c-6a7f3c98b371,41,Female,199,9,No,-1
38bf96da-e32a-42b0-bde4-b6bcd51d8381,68,Male,140,60,No,-1
978b178b-68e2-4935-ba9f-a9bf42c6afd5,86,Female,155,87,No,-1
a2180229-cf3d-4f0a-9dfe-026ea26b7407,55,Male,169,82,No,-1
345cbe12-872d-459f-87ab-e5e5d6d64550,64,Female,49,70,No,-1
35af7c10-6eed-4355-b128-1f3bc564104a,39,Female,111,85,No,-1
b56a5ee3-8166-467f-a97f-a7c62039de36,58,Female,116,38,No,-1
0762163e-a3f6-49f8-8ee2-063e4bcef5c9,49,Male,195,99,No,-1
b1caf19a-2d8f-4ca4-9c23-4071522a485e,31,Female,41,100,No,-1
8f7b9958-c57d-498c-aaf0-ed51ebb9c508,87,Female,179,27,No,-1
29536ca7-7c17-49dc-a34c-d16815f7908d,78,Male,133,19,No,-1
0fcedc46-a13e-4823-b63b-376d7655685f,50,Female,57,72,No,-1
19a5305a-56b3-43a7-9b0a-9141ca40d039,85,Female,134,1,No,-1
ec8d5d1f-c9c1-4968-b38e-14aec374250f,41,Male,93,8,No,-1
56303594-e40b-4230-99cd-3025840a67d2,31,Male,153,44,No,-1
f85f0c7a-4965-4287-bad6-efb7aa78e4f6,43,Male,145,17,No,-1
88bd6c64-513d-4fcd-8992-7aab99de246e,69,Female,169,10,No,-1
de1216fc-1ed3-419d-a3e9-28cb97270b4c,45,Female,72,45,Yes,-1
6e30d7c3-f6ba-49bf-92dd-5a36ee3b466e,36,Male,135,100,No,-1
2c014337-436e-4203-b8e2-1ae072bb198e,80,Male,191,21,No,-1
48f388e9-8e3e-48e5-b473-773531001b05,59,Female,169,89,No,-1
3cd6949b-d080-4591-8f26-f3d54769be1e,34,Male,179,93,No,-1
3b12d2fa-127b-41ef-8558-30392ecea17f,23,Male,188,53,No,-1
4f8fc22c-8062-4a78-8ada-9dbe48d8f531,19,Female,106,47,No,-1
5ba37926-9dac-4d87-a98d-db4db9102dca,86,Male,100,41,No,-1
dc20a8f4-3445-4cb5-a9a6-4535ff3e2827,21,Female,179,16,No,-1
160a552f-87ea-4507-9bd6-b2bab6e72ace,80,Female,102,81,No,-1
7d86deae-48e1-429f-a63e-6dad090b860c,83,Female,39,21,No,-1
6b88c566-2c7f-42f8-b3d6-7476bc4e6336,32,Male,63,17,No,-1
ac6a07b7-d741-4088-a394-07c30edb5e0e,36,Female,66,37,No,-1
be51be55-613a-43a0-89ac-9d7bb10441a8,76,Male,93,65,No,-1
a2bb5f0d-5df6-472c-9d03-8acc1b4b6dce,47,Male,185,68,No,-1
83470f3e-e790-43e3-b1ed-524661f100ef,37,Female,69,48,Yes,-1
6fcee766-95c7-47b7-9f6a-ca0a4767eba9,64,Female,144,85,No,-1
25f3eb8a-8909-4cdb-87c3-92a7b338461b,24,Female,131,92,No,-1
b3f2cb9c-695e-4037-9089-1492a89bf5c9,66,Female,34,7,No,-1
d47cb82e-9996-44c5-ba12-504752362109,72,Male,188,3,No,-1
d9cea288-907f-46ec-a3f3-02f003d5880e,47,Male,106,82,No,-1
319bb1c0-2a6f-465f-894b-1fe69db38b17,20,Female,72,32,No,-1
6979ef4b-532f-4c81-b02c-81fdd42ff387,42,Female,99,51,No,-1
db2cf5ce-8beb-4ee6-b3ae-bc00b94a6a66,27,Female,167,65,No,-1
b1b6dac2-db00-47d5-a7db-f6eec4afa490,28,Female,31,4,No,-1
5102b61c-8e3b-45ec-8c32-58f5a63b8c04,73,Female,118,23,Yes,-1
dcafbefb-6165-4fe3-b550-84558d2d8845,44,Female,162,35,No,-1
c43f1b4c-1275-44b3-894a-dc4665646bb8,51,Male,178,34,No,-1
356537c3-bde9-4475-8627-dddddadd1fb0,72,Female,90,43,No,-1
816a6195-7a3c-49e3-bb73-73099da9ab4b,60,Female,68,12,Yes,-1
bcef3e72-a1ac-41cb-8f06-888728b41357,77,Male,56,76,No,-1
452c7bc6-cde7-472f-b22a-6c7bc9119917,74,Male,22,98,No,-1
1dca0459-7fd7-466d-abe8-a87a1ab07d99,65,Female,180,67,No,-1
eaa76e3d-93c2-4dac-8519-17a869b17876,37,Male,115,67,No,-1
8d35adbe-4a84-4bbf-96c5-f5816617e8ca,40,Female,179,65,No,-1
2514cdb8-8937-44ff-9158-f46b7a6351bd,57,Female,41,23,No,-1
de22bfcf-e96f-4b16-b16d-8abc82c9105b,87,Male,105,94,No,-1
561fed88-6c03-43f9-9919-f15fa3ca279d,26,Female,38,31,No,-1
16a4a3bc-a5fb-42a0-8755-642314421bdd,44,Male,174,91,No,-1
e4f1fb68-5c87-4bd6-a7fb-ae2fa5d04565,26,Male,187,42,No,-1
7e0c7413-2dc1-4dcf-8118-4e7fcf48b511,80,Female,74,40,No,-1
38d1cdbd-5bae-4658-9512-697155e7a40c,63,Female,150,13,No,-1
a4be8259-b5ff-47cd-849d-f28934dcd0b4,63,Female,78,34,No,-1
e8c9e658-ff82-44fc-b6e0-a80bb8ad4a48,55,Male,53,29,No,-1
ebfef848-e04f-4394-9d88-03fb9305bea2,87,Male,56,84,No,-1
b55e4804-739d-487e-9ae8-0f319d56ff1c,19,Male,154,6,No,-1
765f084f-ba37-4e9c-9429-0f9cb70d8434,52,Male,117,29,No,-1
a2441000-51df-4d4e-a750-d38157e1412c,24,Female,159,79,No,-1
827d8c24-3da9-4442-932f-e74a50bc28b2,63,Male,102,19,No,-1
916ce23c-a176-4773-afde-37aa9fb54ce5,37,Female,175,73,No,-1
7372e1af-071a-4a23-ae7b-fc8d21cfdef1,38,Male,191,38,No,-1
38df72c1-7433-4e50-82a6-068dd51de1ab,71,Male,84,27,No,-1
1bd7ff3e-1a68-41ec-8e66-338904bfd864,39,Male,163,89,No,-1
f5d07d0d-e950-4a85-add9-6105a2652793,80,Male,81,75,No,-1
ce14bc23-c92a-4a90-bdf6-145b05924a6c,33,Female,164,37,No,-1
4d703cec-c2b8-43eb-a825-344a7086c710,83,Male,72,10,No,-1
f5e7faa5-fcde-4262-a376-a2bee2270017,71,Male,109,31,No,-1
f28be95d-856a-4307-a139-dafe8d6c3162,19,Male,59,23,No,-1
ec38bff8-ea49-41a9-948a-d5be29614c98,62,Female,32,1,No,-1
6114f765-a939-406e-a95e-e57ccb3c3a0c,89,Male,178,62,No,-1
775bd4b8-3bb4-4529-ac72-1e056e5f12ea,90,Male,140,79,No,-1
8e2e270c-40ad-46ec-985e-95ca84cbf448,57,Female,38,4,No,-1
74e0acd0-9e70-442a-b32f-b53f5a2fdb81,40,Female,20,23,Yes,-1
f6617ef0-5c53-4b8d-8e83-778df95f656b,47,Male,162,86,No,-1
3abcf8a9-4280-4709-95fc-bf6c64d9f2a5,79,Female,109,26,No,-1
c6640a1a-5900-4306-b7a7-ff6fb20e44ce,71,Male,153,11,No,-1
c9849dbf-bfd4-4daf-a174-52e4091ef0ea,26,Male,142,84,No,-1
167fd49f-561a-4a00-8de9-abe9ac049ea3,55,Female,191,22,No,-1
3f19e8ad-ccb1-4924-aff9-fa7ff6c4b951,40,Female,44,17,No,-1
e0fd256c-607f-4771-a026-7f834419b11a,67,Male,48,34,No,-1
7f503c0e-59e7-45d5-8b2e-77a9cc4282b7,67,Male,170,51,No,-1
0364303e-96f0-4b0d-a427-5735695592f5,41,Male,80,57,No,-1
ffa43627-3fce-42ca-917a-6a66b5ec9438,81,Female,162,50,No,-1
694254fa-5c10-4217-9f73-9e7c14ef9dde,80,Male,80,35,No,-1
034efaa3-0a01-47a6-b07a-5ce8405a6c5b,39,Male,169,91,No,-1
1969cafd-4638-434d-8efc-da84379aa717,75,Female,97,78,No,-1
f253ab93-9c59-43f3-90a6-e86dec9ed294,71,Male,47,27,No,-1
71b1ff85-8ce0-4c78-aef9-dde5e995f57d,66,Male,46,1,No,-1
bf99e465-9ef8-4187-b74c-d4b4dd3ba1c9,64,Female,190,84,No,-1
408b98f1-b98e-4b3a-aa33-d823508c0d6a,46,Male,108,5,No,-1
e806a8e3-c969-4769-9a0c-00e142523be8,44,Female,40,47,Yes,-1
cda57457-3a76-476f-8b30-1f0c6016c6ba,53,Female,137,21,No,-1
8943f570-518d-4985-a1e2-0bd23665b800,46,Male,63,15,Yes,-1
55d16308-ee69-41f0-9186-6a8a78932674,59,Male,135,49,No,-1
a6dc9eba-6e1e-471a-b42a-ceadc72f080a,29,Female,35,26,Yes,-1
36062911-9933-4ea1-8870-345b726d8389,69,Female,162,45,No,-1
f193faa3-4591-4bb9-bc91-71d4d5ade367,83,Male,152,78,No,-1
f15fdb51-abef-4eed-a312-6e9102a1d076,32,Male,36,27,No,-1
1d84b5c1-d3c3-46e5-91b7-007f7fb6760d,75,Male,65,50,No,-1
000b81bd-76fe-4c9a-8c23-cafa695ee51c,36,Male,141,9,No,-1
2d0eca57-2db7-40e6-8cda-049fc816013c,69,Female,44,31,No,-1
bfc9f33e-4e97-4b10-91bb-62ccb595f048,35,Male,131,27,No,-1
102cc8b2-f550-48df-bb80-4ec1fb9cd270,41,Male,59,74,No,-1
0c4cf636-e163-4eb0-aa7c-17746961308a,47,Female,77,63,No,-1
e98e29ca-d9ec-4268-8410-e15c38e93ede,25,Male,113,1,No,-1
16c2458e-f9e4-42e4-8a3f-428cce54de0b,24,Female,52,31,No,-1
3a19d2b5-f19a-4e8c-b482-d256e06894e3,37,Male,157,7,No,-1
398d1ff4-998f-4e8e-81c9-ec4d38bb168b,75,Female,111,73,No,-1
646f9887-fa10-4c77-8835-a6de2d2eb3c2,68,Male,46,20,No,-1
f6a1f9b8-c6dd-4768-ad5f-82b41738695e,58,Female,148,51,No,-1
45d89db2-bb7d-47cc-833e-4b05c2eac93d,76,Male,103,27,No,-1
ec0c157d-a1df-49b7-a912-09921b285915,39,Male,166,34,No,-1
74778df3-533f-4aad-859a-d6c1526af549,82,Female,48,25,No,-1
1f63c073-8963-44bd-90e6-2efebd447f2c,74,Male,28,51,Yes,-1
90a642c5-7194-47b2-9448-d44e4e11665d,33,Male,65,45,No,-1
7357c4b2-24af-4cea-8b99-e3541eaab65d,30,Male,28,79,No,-1
a9999eb2-7917-4c41-bf00-107817d1e5bc,63,Female,117,17,Yes,-1
864f8277-42b7-4ae7-8459-4513801def0d,22,Male,53,82,No,-1
c6c6b561-f44e-47ee-9a64-28053ee1555e,44,Female,100,13,No,-1
f8fe4769-8ffa-4898-a6d6-2ee42f6820cb,73,Female,178,75,No,-1
c8ad0183-0b73-4f5c-9a9e-08be6a33d126,84,Male,37,35,No,-1
785ba893-2694-4060-b09d-7df175bfc5aa,76,Female,125,9,No,-1
1a79cb43-792d-4886-9aea-3b480deaabd6,28,Female,127,34,No,-1
b525575c-7e32-4203-86cb-c87551491a27,54,Male,172,85,No,-1
a0d7752c-b02d-4b7d-ad75-586bee029552,45,Male,49,79,No,-1
980b6193-2ec8-4e02-9134-86a72ceae180,56,Female,86,91,No,-1
065b4994-02b7-4485-9b93-35f8fb2f480f,69,Female,112,59,No,-1
818e5040-edd8-476d-a56c-915816eb5ac9,77,Male,57,78,No,-1
8c23533c-27d9-4fc1-85b4-3bf76c926328,32,Male,147,21,No,-1
a7c602da-ab32-4263-9b92-030f6f5cfcff,41,Female,119,25,Yes,-1
c900e17c-8f6d-4653-9505-bfdb98f4ccd0,83,Female,62,1,No,-1
60649004-05c2-412e-8525-47ff27afecdf,53,Female,79,4,No,-1
df0b1064-2897-417f-81d9-b97780310530,69,Female,30,11,No,-1
b8d2ce63-7c0e-4498-9c40-a3a83f293b06,61,Male,136,89,No,-1
5f198475-4f9b-4b4c-b27e-f7feb078c187,79,Male,105,48,No,-1
3bc577a7-b9ac-4940-9481-1c3b92a8500d,78,Male,136,86,No,-1
11c67857-4319-4e86-887b-40a801409501,39,Male,197,78,No,-1
5402c63e-ce6b-4b6e-b467-d9df733134c5,33,Male,139,7,No,-1
e43c03b7-dfc8-4f87-8dc7-21abab1dcff0,41,Male,192,68,No,-1
c4cb3bea-5f04-4ef7-b744-ba396e675fbe,79,Female,100,18,No,-1
d33f5dd1-a4ca-4343-9b7e-899cc9565115,46,Male,134,94,No,-1
fd628ac8-2ec5-46ab-a131-4e747439e1c1,78,Female,186,60,No,-1
cdaa7f9d-0b61-4995-a138-908dbbe727cb,69,Female,157,88,No,-1
173fa8e7-c12c-452d-9d50-383bab6e84ed,31,Male,124,60,No,-1
d70e819f-b3ec-476f-b4f9-dc7d48aba1ab,90,Male,192,59,No,-1
d7df1489-a8fb-4fb7-9eeb-5394b1c4d5f4,48,Female,45,84,No,-1
2c565cbe-eaa5-4f29-9057-6a538bab26ea,83,Female,151,71,No,-1
d9895b44-6739-4a44-bf43-5cd8d775f336,57,Female,74,51,No,-1
23f3025e-ea1f-4dba-95f1-66dec69f92cd,36,Male,46,2,No,-1
676ede6b-0aee-4926-b7c1-bdd64e723fb0,36,Male,109,70,No,-1
31fca8f9-463c-4ad8-b2b0-a9cc0d2b1957,20,Female,148,90,No,-1
6a3fcc1a-36a5-4c24-9904-ced12a7c87d9,56,Male,180,2,No,-1
72bf704a-0349-42f3-89a7-bd27e946f857,70,Male,142,82,No,-1
b496b2d3-590d-453a-943c-de7af307347e,49,Male,136,98,No,-1
47e1e029-fd78-4a4b-8811-13553301b06c,82,Male,94,88,No,-1
6450a6e4-573a-41b0-8e71-34c56eb9539f,21,Male,121,37,No,-1
531f40d2-9af2-4c8a-844b-3f5b93b176e5,41,Male,160,90,No,-1
dc70e1c9-8835-471b-9c75-232fe18701a9,77,Male,59,78,No,-1
dab020f8-bacc-4e07-9e86-b9092778e85a,27,Male,56,32,No,-1
9cbd9354-2d5b-4772-90ba-47e2380d9c98,60,Male,130,98,No,-1
bc513996-4f83-40a4-819d-6dea13aea0cb,44,Female,157,77,No,-1
05bd890e-7223-4090-bcc5-9629d69ac5f0,47,Male,161,77,No,-1
106ec1af-5ba6-41c7-9a5d-5e4da805e9d4,37,Male,143,3,No,-1
935f5208-92c8-4f19-ab99-113ea3af41cf,69,Male,82,69,No,-1
87bbefc0-381b-4673-bc44-f368d5635c1f,61,Male,32,51,Yes,-1
74f0335a-cbd2-4937-9b96-204d03bc429e,21,Female,44,41,No,-1
f7e3fbf1-606c-4e62-b9f5-6a9eb665f278,77,Female,129,13,No,-1
1c2e9319-d702-4391-b4fc-11faf9a37967,21,Female,142,59,No,-1
9b4b2776-43c5-4bb8-b041-79aee27f9d3a,45,Female,98,33,No,-1
a5b1cf9c-715f-4c16-9d79-3e01d0c39114,90,Male,30,81,No,-1
61d354bd-96df-400d-90c8-5136cdda997c,81,Female,110,38,No,-1
8e5eec26-7449-4b11-ac01-13f32f9f99b7,64,Male,189,31,No,-1
052c88ff-d998-4265-8075-81fb330a8649,66,Female,119,14,Yes,-1
7e42eab4-4ddd-4e63-814a-e71c90860d27,77,Male,96,61,No,-1
f2443117-c8f5-48b3-853f-3a8d3d9a59c2,77,Male,192,22,No,-1
587863d1-fb64-4a9e-af4f-bab22762d818,59,Male,143,51,No,-1
7ed0b5dc-3f79-4f05-a99e-5e2b4a2c2e22,72,Male,46,74,No,-1
a10bbd63-ba28-40f6-935a-c35581b59b72,50,Male,110,78,Yes,-1
5f94b4f6-96ab-4d3e-a680-faf25c3a6650,33,Male,82,53,No,-1
6f6402df-1078-433d-9212-4027b8ef2b60,20,Female,61,16,Yes,-1
8b9d51a5-2d72-4305-a80b-295b48839c91,79,Male,190,81,No,-1
651419a0-a288-4ba1-8a0c-55c53621fdfb,78,Female,99,19,No,-1
683bc491-73a2-462e-b502-95fe873dc7a9,31,Male,170,86,No,-1
c26b46c2-a3f6-495f-b888-bc5c95692e87,61,Male,171,29,No,-1
9b573f1b-3ec3-4321-a3be-1da491f88dfe,76,Male,58,28,No,-1
e45836ad-cf11-46a9-ae3c-16360e6bd39e,44,Male,182,32,No,-1
f9baa5da-5b3e-4fec-82cb-243a9bd91571,83,Female,186,72,No,-1
0a6ac8f3-af9f-4a48-95f8-0dc6735b941d,51,Female,182,45,No,-1
d5b1cb9b-1c29-4f6f-8a02-50357609db3e,87,Female,48,46,No,-1
92e50a54-47e4-4b4a-8be7-7fc48d84e498,46,Male,98,84,No,-1
2e335dde-8a2c-463c-b6a0-df9d5b3998c7,47,Male,88,17,No,-1
f5a4e437-c837-4a46-afae-1e6f202cd843,59,Male,72,51,No,-1
d9c24d2f-130e-4887-81a4-7d6a3b514b4a,81,Female,118,39,No,-1
92e20d6b-3b95-4585-94a6-594e84a4aad2,58,Male,57,13,No,-1
74ce84b4-7e12-4d42-b98c-d182a88e9772,59,Female,73,59,No,-1
3814ef4c-a481-4284-bf85-bfd88b165861,50,Male,49,28,No,-1
2aa246b4-5378-45c1-93a0-6dfecfdc6c85,81,Male,95,41,No,-1
964ae54b-3fbe-45a1-8250-cbe06ae14a9b,27,Female,178,46,No,-1
1b837bf4-eadc-4446-bca2-bb2d2b16ba62,56,Female,172,59,No,-1
a4cfa150-f8c1-4e80-8f52-ef01a3783dfc,30,Female,187,23,No,-1
a2cece43-e14c-4731-b863-6ef0ef6bcc88,38,Male,150,77,No,-1
a88a4cfe-e751-45b7-9d70-a22bb0555ad3,61,Female,62,90,No,-1
bc36dd93-33c5-4ca6-9446-b307f2d77e50,42,Male,51,76,No,-1
5f688778-fc25-4bb9-bc5f-d4ca3e7e94fd,18,Female,170,50,No,-1
6445069d-eced-41f2-b56c-e51735833ef3,90,Female,154,94,No,-1
c006c0f9-a5d5-4d74-8b40-dece2851174b,41,Female,161,23,No,-1
33579f99-a0ca-41de-8a2d-4840e02241a0,64,Male,181,82,No,-1
486e4d5f-549c-4cc9-86c6-d74224ad8cc4,74,Male,199,31,No,-1
1b37aa6d-326b-4b90-bb47-0daddb278c2f,79,Male,168,52,No,-1
0729321a-3947-466f-8afe-e288543aacbd,84,Female,142,10,No,-1
f05d9955-cdc0-472b-92c8-256c7c3d1d58,89,Female,141,12,No,-1
f943d69d-e9e6-47a6-b3c5-60bd1c22f0d7,86,Male,119,28,No,-1
ba7f0539-8d6b-4e44-8ded-b45960933fde,85,Female,109,2,No,-1
06bda0f6-0b15-48f2-85e0-ca21d46254e0,38,Female,194,66,No,-1
f8a91903-05a8-49fa-820f-d04aadfbd09d,73,Female,55,27,No,-1
e5794b2a-2167-4d0e-abbd-b69ecf78a952,37,Male,186,5,No,-1
7b128ae0-008f-4373-b2fd-44ca65f10527,48,Female,98,35,No,-1
cbd3ef65-4242-4de4-a5b0-321303d796a5,32,Female,111,32,No,-1
c1241915-cacf-4d62-839e-5bf37754c281,51,Female,34,3,No,-1
592b97a1-46aa-42f7-acb7-0bb15591d4de,60,Female,184,34,No,-1
874f9ee4-8cc8-4b4c-9f28-7e1d9b1d57f8,90,Female,153,81,No,-1
386f5901-66db-4457-8cff-f448dfa59bed,51,Male,188,4,No,-1
cd9c0f34-3415-4d71-876f-ffa6cc12afa5,70,Female,125,46,Yes,-1
1222857d-4f58-46e7-bb0f-593d0c5ff88e,89,Male,60,13,No,-1
ee1f3a34-30d6-49c2-87c8-ca13ba725381,77,Male,198,6,No,-1
c52d0fde-76bf-4ee7-8bbd-d883c304f339,78,Male,83,22,No,-1
573befca-69b9-4339-896e-4c4ab77870f8,41,Female,87,71,No,-1
510189cd-7b01-4809-b4af-3a2f57ef0015,19,Male,113,97,No,-1
5d2aba91-f11c-4f84-9d00-8413a4dafd23,50,Female,173,59,No,-1
89329c48-4973-42f0-a413-55de399231c8,26,Male,58,80,Yes,-1
e1518b17-2d4c-45db-a4ee-abff1ae664c5,63,Female,142,28,No,-1
37486c48-ff52-4804-867c-e426c36ea87f,77,Female,156,47,No,-1
df6bd3bd-ee9a-4029-9751-16a22b70f711,60,Male,138,99,No,-1
f30463f1-213e-41a5-9b8b-7643ffa604af,40,Male,41,7,No,-1
9b915a65-cfe7-4ac6-b08d-58a0294d7b6b,47,Male,128,87,Yes,-1
8973d450-ab41-447e-9dcf-bac97889d06f,21,Male,125,19,Yes,-1
0d5690cd-d2e1-4260-84a9-ad4cf79451db,55,Male,194,56,No,-1
3e76530a-08dd-4c67-a729-fcd5431e72f2,39,Male,56,44,No,-1
7edb76be-dacc-46b7-b4a7-e481fdde7941,50,Male,49,74,No,-1
bd8c8d04-50e2-4f02-b990-90453c1e0312,70,Male,52,94,No,-1
ab5ba77c-5bbe-4537-bc7f-62f12b442f41,85,Female,101,65,No,-1
d88805f1-3ca2-4f5f-9e1b-335d5b98778c,55,Male,184,47,No,-1
b495c6fb-e3fa-4e7f-98b9-ba1ee5b02202,52,Male,44,4,No,-1
dab0b90a-4da5-4904-aa60-02df4b735eec,32,Male,115,87,No,-1
1152a2ea-eeae-4e6e-b645-7e379e9b5036,65,Male,164,78,No,-1
7df7c150-d03c-4f78-93b2-da03161495b7,63,Female,121,9,No,-1
86911c8a-e12b-4287-9166-d3035664815e,22,Male,187,6,No,-1
49a961d1-010a-40e7-a550-2743afd53f51,62,Female,97,5,No,-1
e3af6c13-d308-455a-add0-cc5b122333ad,79,Male,83,13,No,-1
f53817bf-86e9-4273-8bb3-db82dba124f1,23,Male,37,97,No,-1
a688d91d-3d1d-45c7-9f0a-bd1af8d3fd59,34,Female,149,11,No,-1
fa8be8a2-f3a8-43ad-b9c0-122b57141660,29,Female,170,5,No,-1
6e6a9c08-341c-4463-913a-3dc7e622e384,22,Male,67,13,Yes,-1
7d1e0d9e-6a86-491a-8821-a22655696171,84,Male,87,34,No,-1
d1eeafd1-0172-4b65-a8e4-5518e6b20de7,51,Female,29,9,No,-1
31ba44ac-c573-4b76-83c2-ab0fbddd0d24,40,Male,173,68,No,-1
3ae0b8e5-38fd-4ed2-85fa-db17ddff2b0c,51,Male,69,21,Yes,-1
7057d904-e4ba-4697-9fce-fed7e1b79e99,46,Male,69,20,Yes,-1
e334bf53-3b99-4f1b-be45-1aaa618ef8f5,26,Female,59,94,No,-1
ac5f7f87-54e7-48ad-9c87-ea852ea6f2df,54,Female,24,53,No,-1
34970139-e7e4-46c3-b74c-1a05ff9dc324,18,Male,34,13,No,-1
66104fc6-b68e-4a1d-8ab1-fdb34f18dd98,78,Female,46,59,No,-1
0093f504-e3ba-4b30-a5a2-47b7ae0dcce1,82,Male,63,19,No,-1
c9f0a7d8-eac4-40fa-a370-0ab100847308,89,Female,35,13,No,-1
a3ecb035-17ed-4678-bbc5-a044f72d2489,33,Male,140,75,No,-1
ae57abd1-622d-4fc0-946f-7881a714124d,80,Male,131,52,No,-1
3de0d33a-9ce8-40ea-a202-2c2a10240f1e,45,Female,104,47,No,-1
120b878b-8315-4b51-bb0b-456d894bc0a5,50,Male,75,29,No,-1
e099b97d-3fae-4742-80ba-f6b392619271,20,Male,196,98,No,-1
1a1928b5-2176-4271-b1c3-e9ad39520b96,22,Female,53,85,No,-1
18223e28-a763-46da-be78-1401a71207dd,54,Male,180,41,No,-1
e4502c6d-e7d5-43af-ba66-3d0048308a0b,59,Male,152,21,No,-1
ca3d6509-ad9a-462b-b3c6-0e4d5c4622c7,72,Male,190,59,No,-1
8dbb85a2-d054-45b9-9fae-c128b2ce1f04,84,Female,80,25,No,-1
dd7bf620-4e8e-484f-953e-fe7a7acd2eee,69,Female,184,37,No,-1
37ac12eb-42a8-4d3e-8563-309b6c49b59b,39,Female,168,17,No,-1
1515f894-cd2c-4e68-b489-6f27f040c0c9,70,Female,90,25,No,-1
bd039e84-1859-4782-ad04-12f8363da5ed,43,Male,36,39,No,-1
ff2d703b-80be-4999-9091-84024f3a53aa,49,Female,103,32,No,-1
71fcae75-4f45-4eb5-9ac9-3715e931598f,74,Male,137,14,No,-1
96028839-4704-41ff-8670-37d76cc11ab2,37,Male,184,28,No,-1
b1a1d4e0-c677-4615-954a-6d37c3f8af95,64,Male,87,27,No,-1
2b0fa6ba-6c9a-4939-8460-382cf5ae880a,45,Male,61,29,No,-1
c97eabd2-e9bd-4f5f-a632-fc4429156b7f,31,Male,198,34,No,-1
88be2d29-8bd3-4f00-b856-e889dfb342f2,20,Female,149,82,No,-1
757f30fa-6204-478c-9f9d-757e18a51a62,29,Male,41,20,Yes,-1
1e5d1e15-3b61-4a1f-b16d-d60b7950e9ad,57,Male,151,72,No,-1
9eede71f-2ec9-4e36-9ba9-e9d00fd9b527,62,Female,47,46,No,-1
c98c0f2b-94e6-4f38-b8a4-f451bbd7aac9,39,Female,144,78,No,-1
19470a5e-a5af-4150-a86f-14e488d092ae,69,Male,69,65,No,-1
8f199938-402c-4eb4-9d77-380394d82b93,89,Male,96,54,No,-1
9db824e2-ed59-4789-aad3-1cc4486e3ffa,65,Female,107,59,No,-1
1310e1d8-4371-409b-9c9c-867d866bed47,47,Female,149,10,No,-1
0fd21376-8303-4524-b4e0-f579175ad868,37,Female,144,96,No,-1
3e6f65e9-1638-40c7-b513-f3e237bd9ee2,44,Female,32,51,Yes,-1
9346a8cd-2eba-4145-962d-63894a6cc9c2,76,Male,24,38,No,-1
7c39ed4c-2efb-43ac-abed-d8e8b18d0fbe,42,Female,32,33,No,-1
e1337b15-7eea-4e87-a9ac-db2dd5e6d1c8,57,Male,112,71,No,-1
32a2254c-21db-4300-8ef8-b0e1ef65b12e,60,Female,56,28,No,-1
60062b24-d876-4272-ba67-c6b4c73aa399,90,Male,40,35,No,-1
faaa57b8-259a-4a86-9500-d9ece440603f,76,Female,100,30,No,-1
24c6bd0f-158a-46ee-8b0a-c23ea59e5965,30,Male,50,15,No,-1
821c661e-a0fb-4104-a45a-299905205623,71,Female,154,91,No,-1
48b9c775-373a-4150-b5bc-87b3a2af3534,41,Female,173,73,No,-1
56913d7a-6fcd-482c-a397-70a240783df3,87,Male,148,71,No,-1
1500c10b-fb53-44dd-80f8-640e20282687,19,Female,175,66,No,-1
486a640b-4c6a-405b-ac91-35836248e301,35,Female,74,55,No,-1
3baf61b7-5e9b-4dc6-aa09-32c338da1a2c,78,Female,56,26,No,-1
781f89bc-3c9a-46ae-85a8-5ec8e89a610a,37,Male,109,11,No,-1
236f4a48-f144-4eb1-9be5-8c5e2e2285d2,80,Female,80,57,No,-1
2f2159d2-db2f-43cc-bdfb-78f93e6fcbbc,80,Female,41,17,No,-1
eece7408-112e-42d9-ba22-a53bbf5987d0,39,Male,58,85,No,-1
c5606dbe-390c-4784-8d86-c3418df4c9a4,72,Male,80,35,No,-1
b3128ef7-d49a-48e1-b865-6df355a8fece,51,Male,65,89,No,-1
db6dc9ac-954c-4f0e-bdb4-34ec6e2457e8,78,Female,60,74,No,-1
a990865f-5707-4da7-9885-a6c035366de4,70,Female,26,20,Yes,-1
9fe2b294-4084-4b4f-b39f-14e5e3057489,62,Female,124,41,No,-1
f1792bd8-b2a0-434b-9944-0df518a10539,72,Male,21,51,Yes,-1
aec0af35-3b92-4097-a7ee-7b04d883d59b,33,Female,57,39,No,-1
e479aa63-ad8d-46ad-b91f-1c94c06f2d80,77,Male,165,73,No,-1
c1e3909d-6c3d-45cc-badf-de3cbf6709ef,69,Male,153,11,No,-1
69e2507d-25db-4d5a-98e4-1ce9376f03e1,21,Male,29,23,Yes,-1
ad545811-08fe-44d2-9e94-a9691f0e9ba7,31,Female,98,41,No,-1
78fa3ee8-0757-4459-b153-b5cd3801684c,28,Female,124,60,No,-1
3ef2bacb-c20b-4394-977f-6d1c1b98e03e,88,Female,122,14,No,-1
3a0d58b9-6e24-43b3-af40-dc11a0e527e9,82,Male,157,49,No,-1
4c131ed8-70d4-44dc-a483-5a8c92fbc0e7,80,Female,188,20,No,-1
8b99b631-2d37-4eba-aee1-2dfab8a58a67,89,Male,68,18,No,-1
d5b9ba7c-086b-49f8-91c9-0a9d02c57287,65,Male,94,27,No,-1
80e96e4f-d1ef-4337-a71b-63f1ef1a5e68,82,Male,69,54,No,-1
c0f0086a-efc1-4fc8-aaf9-90a1dc98e640,18,Female,145,33,No,-1
ffc947dd-10f8-4e9c-95d0-30f12c2063c4,53,Male,39,42,No,-1
403a207a-df69-4496-a840-a38f081d0d87,23,Female,92,38,No,-1
0dbdb3bb-682f-4cb8-a371-8e421f39319a,52,Male,69,16,Yes,-1
7a84b56f-2659-4646-b659-ee526cc3e04c,90,Male,180,65,No,-1
108b0bdd-5fa1-4bbf-9cda-ce1aa63a7ed5,71,Male,153,1,No,-1
17e280bc-b99c-48de-8b1d-e48fa6fc0f2f,57,Female,71,42,No,-1
e775e59a-1b2d-4c6f-aa35-0c15ea1ee931,67,Female,185,68,No,-1
11ff5174-3949-45af-aeb8-106302090fb9,29,Male,45,65,No,-1
e23db070-0994-4b6c-97eb-4cbef10254be,78,Female,147,6,No,-1
0fb5bd5c-47f3-46e8-a3df-9e226a190015,20,Male,46,67,No,-1
5ec85187-be7e-44bb-b30f-3fe37d3c5192,45,Female,65,95,No,-1
daef080e-33ef-431b-9d56-7a89eb3fd2a7,57,Male,80,54,No,-1
67bb4839-0fa1-4c2b-82ff-e72a5a7d7a23,32,Male,90,71,No,-1
fbda7a0f-9d5f-46cf-a33b-45de85cd4464,63,Male,78,9,No,-1
7c972bc6-1804-4496-98a6-95e368b546e2,88,Male,94,40,No,-1
00ede4c5-6ad4-4a93-b3dc-1637ecf1ed31,54,Male,46,39,No,-1
638dcdbc-595d-4502-adb5-f39a93f13ebd,87,Male,56,20,No,-1
d390ba4e-40f7-40f2-a5b3-2f2e9f29c72e,32,Male,58,85,No,-1
a2f384ae-688f-43ac-8e80-61e520a690b0,75,Male,147,24,No,-1
8b233cb1-3ed3-4534-9ffd-bee85749f170,67,Female,104,53,No,-1
69d35ab5-6ef7-4ad6-b209-cd832f1a0d78,34,Female,104,65,No,-1
0ad6e390-5b63-446d-92ed-590af3721c56,85,Male,134,46,No,-1
d3010d98-726e-4077-8274-b6f85a26a530,34,Male,82,48,No,-1
9984e3d9-cef1-4e95-97d5-16c74164f9bc,90,Female,147,33,No,-1
cad0a90a-f29d-4814-82bf-16c96cc50ac2,39,Female,102,11,No,-1
d3a7b184-3de5-478d-b769-0f44ec530995,76,Male,182,22,No,-1
a7c44755-be68-4978-a331-98420604623e,21,Male,37,9,No,-1
685aad63-2c16-40e0-b0ba-fc8e22fe3f90,49,Male,198,84,No,-1
77b3de49-e860-4292-a9cd-cb2ba3ca4c27,50,Male,193,63,No,-1
396cee31-afcd-4fc4-bb24-86d0fa7d8739,27,Female,105,81,No,-1
f4a2e7ce-e86a-48e7-96e1-af08006d3038,50,Male,155,93,No,-1
edb4edb8-b0c7-43a8-8e20-fc9cd049678f,41,Male,154,92,No,-1
892afd20-d6b4-401e-af01-73b2c16094e5,40,Male,50,77,No,-1
7b303a00-5394-4ff1-94a8-3b162fd755cb,63,Male,66,14,Yes,-1
5dfe913b-b2c9-4b63-81de-e03e8b97d2fa,23,Male,198,70,No,-1
dcd3d2aa-d032-4556-a228-b5eb7909bf7f,76,Male,147,98,No,-1
4a5ce3f5-50d7-48e3-95d3-591d94641e29,50,Male,181,59,No,-1
5f8ff7c6-e105-4b76-bb40-13f1cd72844b,27,Female,165,32,No,-1
63961924-20ed-434e-bb0a-9367d2462840,27,Male,63,51,Yes,-1
c04ccc79-139a-415d-bd5e-cd1738650f66,82,Male,71,38,No,-1
6029ba07-2872-4773-bf26-0ab8dc6321d2,57,Female,173,64,No,-1
4e4f6dd9-1303-4256-a91b-c45349b4dc53,44,Male,129,16,Yes,-1
6f4a1d81-2cb6-408a-a9f3-ccc269851326,86,Female,51,67,No,-1
2b8063c5-b7cd-4056-b570-0ae9d55dfc80,89,Female,131,23,No,-1
e83be0fb-297d-4aef-a039-3de03c756311,70,Male,109,5,No,-1
0572897f-b8eb-4fe2-a410-c249a5398b9b,62,Female,97,27,No,-1
e094a3bb-4b65-42cd-9187-1c69cb30888c,80,Male,37,31,No,-1
a8d250f5-57e5-4131-88bc-b1a5ac22f2be,43,Male,190,58,No,-1
d1f30c08-c843-4aa2-8f61-bac987e552dc,65,Male,176,60,No,-1
58276323-89d9-4074-8850-eb9f3cdcbd32,81,Male,196,59,No,-1
4c823f88-5965-4c0c-b933-2aff5ee3eb11,47,Male,38,99,No,-1
09db9dfe-d927-44c2-9c8c-c638dca3d66c,86,Male,109,60,No,-1
c048b835-6f77-465e-9442-1d78d39a6a6e,52,Female,38,77,Yes,-1
e998b5c6-ebdb-44bc-a565-7d2f6e62bb49,26,Female,45,9,No,-1
664d285e-c475-493f-a429-63c0799bd7b8,39,Female,98,43,No,-1
7ca54b50-6163-473b-861c-b1f97a7a4a7d,36,Female,32,73,No,-1
121ec49f-3474-4da4-908e-c866b3b3d37c,51,Male,110,74,No,-1
2c7f8b8f-112a-46ff-b962-436a02679dd4,23,Female,185,68,No,-1
f9de7a77-5c04-4a60-90c0-e5414d54bedf,70,Female,28,46,Yes,-1
8ae4140f-4138-436a-b741-50ba734bcb2d,78,Female,57,69,No,-1
13681230-31f4-4370-aa06-23aa117cf7ea,42,Male,181,46,No,-1
911bea24-8587-4793-9e30-cc16bf7362a0,62,Female,43,79,Yes,-1
f294d363-029d-44a4-b22b-e9efdcea3f5e,48,Female,26,53,Yes,-1
afcd84e5-0524-4ec4-9a8d-31ff27efe4ac,80,Female,104,37,No,-1
9970e628-1cc4-431d-bcbc-455a254d8a39,20,Female,82,29,No,-1
fd734682-826c-4cfe-9e8b-59bc21e1e3ce,37,Female,171,84,No,-1
3032e198-78fd-4939-8d59-e0c5abb130a6,88,Female,35,25,No,-1
f868a9e1-093a-47f5-9e4d-607a397ed7b7,80,Female,100,7,No,-1
3f886052-810e-4468-8591-180d4fe7d68c,52,Male,25,48,Yes,-1
f1e75461-b055-4379-ae7c-83ab736a0d1d,88,Female,167,53,No,-1
c334aa5d-932e-48af-b38c-11ac7b47c522,62,Male,154,15,No,-1
2773014a-ed51-4e6f-9cfa-2bbac787a5a3,63,Male,74,10,No,-1
eb99d96d-ba08-4bcc-ba20-ba1e844f3471,48,Female,182,39,No,-1
b2cc048c-a0be-44bf-afcd-df1ee9da7a70,32,Female,140,97,No,-1
e18e1f6a-4662-4014-96f0-8493c6ad5614,67,Female,185,41,No,-1
721a2545-e19b-4d03-bdcf-d0fd97c35787,25,Male,179,93,No,-1
9301be2d-6c4c-4877-a089-708a1afcee96,75,Male,82,1,No,-1
1bb397e8-f3c1-449f-88de-19aa444f731f,90,Male,175,36,No,-1
c2b25be3-2fe0-4e96-8c71-a64562da86cd,66,Male,89,53,No,-1
9d2ded43-6da3-4798-9a20-3bae266623bc,45,Female,24,66,No,-1
1f27f717-423d-4170-a922-89e2d9043bae,46,Male,195,98,No,-1
68f3b77f-0539-4723-a748-c597a2c474de,32,Male,101,41,No,-1
8caa23a6-4ee2-40e5-b09f-544bd452e874,48,Female,183,59,No,-1
c03ceddc-a154-4fb6-b17f-628b86a0453b,62,Male,100,60,No,-1
a85016b0-1ac7-4e82-b482-c349b3f06d94,85,Male,188,38,No,-1
f2fc2eda-1a48-4dcc-b0d7-3551b836c296,47,Female,60,18,Yes,-1
4435e9f3-533d-4d53-859a-4ed05a13df61,75,Female,152,78,No,-1
dce16c16-dc4b-4a54-9eec-304e35c33241,70,Male,36,23,Yes,-1
9609378b-0aa7-4e3a-b6bd-5fabf9398ca9,85,Female,66,48,No,-1
bbf101c0-14bf-4fe1-9211-345c781ae707,34,Female,183,73,No,-1
e7d96553-e078-4b40-9787-0c35ab65c822,73,Male,175,44,No,-1
33fbee27-35a1-4714-9982-229394042560,71,Female,69,43,Yes,-1
0c88da72-7fc4-446b-b843-21624d54872f,62,Female,155,55,No,-1
fc0e4bc0-b55d-48b4-af4e-8fe1d76bd037,35,Male,59,48,No,-1
3da39186-4bb3-456a-8c72-d0c7f3b49fd1,46,Female,166,57,No,-1
2c23947d-b3ac-4c6c-8ed6-d3b1677f0c08,89,Male,125,36,No,-1
3bca7aff-99aa-4b70-9c7c-8a8473d0dcfb,86,Male,41,35,No,-1
ed94572f-d9fb-476d-9bb7-f00b2e551bf1,87,Male,69,17,No,-1
f9dc2141-81f9-4109-b677-0aacf22d8bac,55,Male,114,52,No,-1
97b52c70-9452-466f-8fd4-e29fef8d5633,80,Male,103,63,No,-1
11a7d17d-a844-499c-80a5-0b31f8921fd7,81,Male,175,47,No,-1
73aa97fa-5a3a-47f9-b51f-5f9e7d29e888,76,Female,178,51,No,-1
c0d1fbf7-49ad-4fe7-bcef-2dfd9f4ff9d6,56,Female,145,51,No,-1
934fa856-2d1d-4b2a-a7e3-cac0438c936e,78,Male,102,38,No,-1
c1be3d1b-dee8-4eec-985c-a9a25602bc6b,50,Male,24,57,Yes,-1
f17a55ed-0c45-44af-bd8c-66c2e08c3378,43,Male,187,76,No,-1
26a52001-9448-4a5c-b4a0-8928b63618aa,68,Female,90,14,No,-1
66208de8-0486-4192-b63f-0062b56df9c5,26,Male,162,61,No,-1
2da8723c-5b66-436e-9f06-0f5efdb43231,61,Male,41,77,Yes,-1
1da14839-f471-4e80-899f-c17d9160fb53,18,Female,169,70,No,-1
02a306d0-73b5-4c2b-b5b9-2aaec5473dae,21,Female,21,37,No,-1
015b026e-af9c-4af6-a087-c7966bec8b53,87,Male,109,53,No,-1
5da73c6d-1677-4125-b744-1ed97e1f8de8,65,Male,46,15,No,-1
1c1537ab-b4ab-4ced-a878-3b308829c40a,76,Female,200,59,No,-1
765cd79d-af03-4b15-bbb5-6237c064acb9,88,Female,89,33,No,-1
3cfbdbc6-4bd3-46d9-ae9c-9a0ec779a7e1,27,Male,169,64,No,-1
df7aff5c-66b3-4115-b133-63b1b67e7741,34,Female,46,9,No,-1
0d71f159-c030-4ecb-84b2-efd4920f1b64,59,Male,137,23,No,-1
776864a1-42f8-4d6f-8da4-eab5c427740f,33,Male,159,82,No,-1
2fa27128-d71c-4fe2-a96c-9472265643df,40,Female,27,49,Yes,-1
df4d0bb3-69cc-4c18-91fa-3452d09d557c,48,Female,30,55,Yes,-1
73fab2de-7209-4c39-bdfa-be6142fa4212,64,Male,55,5,No,-1
04895ca1-b834-4888-9ca7-c528daca4a1b,86,Male,100,35,No,-1
3115e980-33a9-48cb-9958-0c5b06c0210d,76,Female,174,27,No,-1
0a1b408a-d081-4090-b35c-c5636f3a46be,32,Female,138,21,No,-1
dcc4ddfc-cfa2-4afd-8f70-98ee619032f5,36,Female,69,50,Yes,-1
acd44af4-82ad-4e39-b68d-c3f703460078,88,Male,85,30,No,-1
44cb64ae-786b-4ef6-ad7b-c84edd01cb0f,86,Male,145,25,No,-1
2dff184b-b27e-45e6-97cc-01e6982e6a1a,32,Male,36,6,No,-1
03f58f54-cf32-484e-b559-bcc306841215,31,Female,105,84,No,-1
b8fad959-553b-43a0-9d2c-9cd68151ca14,76,Female,76,25,No,-1
3d5cb7ea-d4c8-4472-bc53-8e758f845847,90,Male,190,1,No,-1
4622f39e-5ad9-4473-8e09-1b855c72303e,65,Male,187,51,No,-1
b923cc28-748c-43cb-bc10-04d6a4a19f6b,84,Female,85,71,No,-1
30fae8a3-bf0d-481f-8126-42e9f9bc5eac,81,Male,146,90,No,-1
b5aac21f-05ae-40be-8d6f-e02169d80cf7,55,Female,155,46,No,-1
0c086aca-c456-4144-b1f9-ffcb74b36238,43,Female,73,15,Yes,-1
587ea447-5f7d-43b1-b8d0-8542ba80d22a,26,Female,32,52,Yes,-1
714a20f8-fb5a-4c21-9b8d-2202783e168d,69,Female,152,75,No,-1
1ccd9cf5-4efb-4334-89ac-1537dfa938e0,83,Male,151,50,No,-1
36e5e1db-fa30-4edc-b86a-85eb39627c12,37,Male,162,92,No,-1
aa0b5717-2e68-40a4-8d91-bb650c1de7dc,53,Male,182,22,No,-1
64359206-d6ef-4857-bcd7-d77a4c2bd69b,24,Male,172,23,No,-1
0feb4957-141a-4f3d-9d35-ba362a7a93db,85,Male,116,70,No,-1
a59ca7b2-da33-4da2-8a57-2c42eeeb8fb7,61,Female,29,82,Yes,-1
e6a73d16-6e54-4e26-bb00-b89c6e850c38,49,Female,104,69,No,-1
71073e35-61cb-4184-8fb8-abeac39ffaa3,39,Female,87,39,No,-1
e48e8e39-bef5-4659-8070-b59d881f6d74,42,Male,149,40,No,-1
e4d6174b-0311-43b3-ade0-99807929923b,60,Male,108,8,No,-1
14b8164d-7292-4cef-b578-c28f04221863,61,Male,36,12,No,-1
5695382e-f364-4b9e-a4a4-39b4a544c6a0,20,Male,37,99,No,-1
687de3ea-5c97-40fd-8ef6-e4fa9db7c864,28,Male,52,68,No,-1
9cc642bd-5626-4ae5-8eb0-fb829d3d1b2f,66,Female,64,65,No,-1
8126a8a8-2ab6-4679-9e30-525c096f119b,41,Female,42,66,No,-1
46b69081-8e64-44ef-8582-fbfff340ec16,24,Male,199,100,No,-1
7a7bccbd-58bc-46cc-ab29-03f7a387c5db,57,Female,97,64,No,-1
a14b4852-eebf-4920-8b24-d8aff2bac3ca,21,Male,62,81,Yes,-1
38e91e7a-5c96-4665-842e-0d04136bf8fa,69,Female,84,91,No,-1
288fe638-02d0-49ed-9c54-f7442dd28ab6,58,Female,99,34,No,-1
0c32c9a3-325b-4d5b-92a6-b7e82a9d0e48,66,Male,54,11,No,-1
283bfa61-c9ae-4e8d-bdcf-2326f33d81c2,83,Male,148,39,No,-1
cf0e0d24-0e63-4767-bed9-5e07114963de,38,Female,148,87,No,-1
c3d3b95d-14f5-4abd-b413-a809f0657a9a,51,Male,184,78,No,-1
c8ff17ea-4aa2-4aee-9ae6-703738850a34,20,Male,156,55,No,-1
cc64a2d1-d30c-4694-84cb-5e26f3dbbbf0,73,Male,176,68,No,-1
c1961005-6d0a-4553-b192-b55351f598db,63,Male,178,70,No,-1
c1603693-5978-47ce-8eda-420f5597b917,59,Female,72,12,No,-1
869b58bd-5e4b-46a7-8694-12f78508a663,53,Female,55,20,No,-1
c9fba8f5-d45e-4ef6-972a-2a52a636da01,53,Male,68,87,No,-1
cb1c2ca2-f753-43b2-8265-614b43a967be,48,Male,65,30,No,-1
d7579ea4-adca-439c-a969-6a2f4157211f,49,Female,174,92,No,-1
b989749f-9f73-414a-a21b-8c95c865b617,67,Male,63,25,Yes,-1
bca98482-e9f4-47d0-abea-35a6e2d7881a,33,Male,200,89,No,-1
baac694d-6140-4cfe-a286-fc2c8576fd60,22,Male,28,21,Yes,-1
f1cfbd88-eb53-42d8-bf73-081c8dc3546c,31,Female,98,26,No,-1
7334f17d-e265-4225-8195-be9e1ff9be92,62,Female,75,55,Yes,-1
fe52fbfa-4632-43f0-b43e-73c9a7d86136,33,Male,186,41,No,-1
23de6046-a251-4660-af31-ed8f0cc358c0,60,Male,140,35,No,-1
6e2b959a-5966-4bc0-9751-485cee88e2b9,28,Male,164,96,No,-1
a5a3d043-7eff-4a6d-8af1-e9abeaa1c2a1,53,Female,110,60,No,-1
f85d6c8c-426a-4e75-89f9-e52d2970c7d4,66,Male,143,76,No,-1
c2597372-fd53-421e-8e68-5eb2c1e666f2,28,Female,75,53,Yes,-1
5a0c438b-653a-4761-8bd6-3693266446e9,52,Male,155,13,No,-1
26404957-2bb7-41e8-a21f-4d5e787e2427,58,Female,155,96,No,-1
1e362db1-826f-4d5e-a6b8-027e8205e531,38,Male,102,37,No,-1
58a18561-55a3-4f2a-bee7-813751e6643b,52,Female,58,52,No,-1
7315ecb5-fcfb-470a-bf80-1403f75359ab,86,Female,163,62,No,-1
4c3a7681-f383-4fce-93fd-b6cc89b447e6,35,Male,39,96,No,-1
ff011277-675c-4cfa-ac3f-b1777572d1dd,18,Male,167,51,No,-1
40433559-37b5-4c6e-8cea-f0b8fff3a7ad,69,Female,184,34,No,-1
b9e78369-b5f9-4aff-bbfb-7c528ab7185e,83,Female,63,29,No,-1
1be85e5a-9dff-4747-af8e-a690afca5dbb,30,Male,34,78,No,-1
1de07ac6-c611-4f3c-adb5-4583e46a31a8,70,Male,162,36,No,-1
d4ee4e77-18b0-4a4e-bab4-9d8b99809a37,32,Female,25,58,No,-1
7ca33fa0-48ba-400e-b77f-dce32a5168a1,76,Female,53,71,No,-1
b234e9fa-1b27-416c-b0b0-a94240b7aeec,19,Male,51,21,No,-1
f546cf08-7f10-4224-98e5-e7021e88eb88,81,Male,90,36,No,-1
1d72a544-ba61-4459-b843-6f79694e20b4,79,Male,170,8,No,-1
3e95c3e3-0917-454c-bb18-7a094d69fbc9,89,Female,145,56,No,-1
a523c141-7d32-438d-ac4e-1d79b00c2853,27,Male,160,44,No,-1
adf0cb47-9867-433e-8359-cd0f5e577996,50,Female,108,1,No,-1
cc26142f-8e32-488c-b6fa-39f0ac33c786,29,Male,75,15,Yes,-1
2a884f2f-69c3-4062-a173-abadb78956e1,37,Female,133,91,No,-1
cb0c09ae-b701-41d7-96f7-78eeaa2e9fe9,36,Male,84,29,No,-1
7c87bc39-7672-4c73-a1d7-03dcbda6527e,48,Female,156,43,No,-1
b4cc0772-c9b8-4a33-aa4e-509c952115fe,44,Male,71,65,No,-1
f0fc69d0-ce6d-4dcb-b027-1b21dae7ce2f,26,Male,196,6,No,-1
6b3947bc-3b1f-4f24-8e22-93b404df0082,76,Male,110,86,No,-1
3fd5424a-ab6e-44df-b789-5c878620af23,75,Male,30,43,No,-1
fbc7ff33-ba42-4b5c-b9ea-6eee3d7ff2ad,50,Female,176,26,No,-1
b3fd96f2-7bea-4d4b-83ab-63188189aee7,32,Male,42,4,No,-1
898d3191-e874-48b0-a920-d6647898a49d,69,Female,176,22,No,-1
6281e95b-c194-45b3-b8c7-5e06b2a5c2db,25,Male,104,49,No,-1
4fb4708d-eedb-462f-8fa2-69b69d80d466,33,Female,37,15,No,-1
b5f4c9c7-82ea-4ee2-b548-1b20dfa6241f,32,Male,176,22,No,-1
03aa7ea4-d7ec-49c0-924f-e76e36350c19,75,Male,36,39,No,-1
70a43632-9f19-4ebc-a1de-e8dff404778f,57,Female,23,24,No,-1
9fb90cb9-5dff-4bd1-a5c3-8188324d6d69,52,Female,187,47,No,-1
bfa9b4c7-bba4-4a0e-b83a-6bb7acbfdce8,27,Female,60,38,No,-1
abbcf3d4-d295-49ef-a6de-d472ab096dd8,79,Female,63,43,No,-1
45ce247e-4325-453a-bbd5-b75825c26547,64,Female,31,44,Yes,-1
7cdf80df-34be-4968-bc8f-1932ede1c803,24,Female,98,19,No,-1
f3d596c1-de0d-42d1-be34-e1997d5334b5,81,Female,149,23,No,-1
3a6c2979-7a9e-4f7a-9055-16ff2ed3567a,28,Female,106,28,No,-1
75d2eed0-d139-4026-9d6d-cdcdf2eeac36,31,Male,21,17,No,-1
fd6a0202-4397-4191-8354-df128fd40c2c,46,Male,41,16,Yes,-1
83cfe37d-fa72-4fc2-8583-c20646d9450d,49,Female,56,73,No,-1
e08bfd0a-a589-4914-b238-5fab62beefdf,77,Female,23,28,No,-1
91315c08-db13-4be8-a2ea-f203a5183eb1,72,Female,106,7,No,-1
db9f9fca-8c77-4246-b278-a6f6b409bdb2,48,Female,99,29,No,-1
426f5597-21d7-4683-8f17-88d2654bd0ac,33,Male,57,80,No,-1
b693fb59-d986-46c1-a29d-2aedf904caa0,72,Female,145,10,No,-1
3bbf585d-0082-40af-9609-01e6ac692395,32,Male,91,6,No,-1
392fc678-0c33-46c3-bfd2-34bab68c85a4,30,Male,188,67,No,-1
62c3b00b-d385-490b-8fa9-4b4f346f8d4f,72,Male,100,78,No,-1
11e0c9cc-51df-4f90-81d8-9aeda24db446,30,Female,72,16,No,-1
01f83618-9a08-4da9-a902-898702f97561,38,Male,193,71,No,-1
49e4bee3-ab0a-4b54-b251-0b5d75e65cb5,40,Female,68,21,Yes,-1
b094f832-0dcb-4af0-99ec-175862b106eb,28,Female,71,33,No,-1
6526d5c2-f4a3-4a87-81f5-282764472fd4,51,Male,164,63,No,-1
3430ca5c-f008-44e0-8133-2f276a9f03ba,53,Female,174,37,No,-1
78bbdc9f-1abb-4e0c-aa90-e1c5036e1dc7,79,Female,121,23,No,-1
1ae9262b-c524-4fb0-8ef1-4b94bb67ff56,85,Male,59,28,No,-1
569f6def-29e3-41ed-a6f5-948e12a890f0,89,Female,91,13,No,-1
1f32f90a-23d1-475a-a472-7fd9e691a883,89,Male,174,34,No,-1
a51e4119-d08c-4a2f-b4af-8eeedc216de8,29,Male,66,18,Yes,-1
cbf84061-2165-421a-93c0-ee9272884bff,85,Female,108,50,No,-1
1e4edb5f-3d19-411e-80c3-b306d3e5a2f1,34,Male,135,47,No,-1
ee47d5c7-cfcc-4df7-9996-499e013e8a7d,75,Female,161,52,No,-1
9c667907-b508-4887-968a-70496d3d7b77,38,Male,137,49,No,-1
342b7328-689e-4aeb-88ab-8fbed6f685c7,37,Male,193,74,No,-1
17bb035a-7259-4160-b4be-45d4d40d2cbb,21,Female,117,22,Yes,-1
65517504-4b91-4445-810f-f4d13e2efdb4,64,Female,87,73,No,-1
7bf66bca-f947-48ea-acda-8fbbc1d129c2,34,Female,49,30,No,-1
8f38ca44-ee3b-47e3-8ca5-dad47d85ad63,42,Male,27,80,Yes,-1
dc63e575-0690-46e5-be2f-0e0198adbea5,41,Male,46,96,No,-1
bb1185d9-ed5f-40e0-8134-06ae03efc140,37,Female,47,84,No,-1
5ecf2948-10df-45d9-852f-4bb7be23ecb5,34,Female,198,73,No,-1
053cf771-1ca1-4f74-8624-b9648d9d5ad3,55,Male,112,53,No,-1
9eb48313-1b90-4c09-b5b7-db66c3519a4f,69,Male,189,51,No,-1
43deb3c8-4963-4ab3-9b9b-71febf8ee284,34,Male,50,34,No,-1
c8e82cc3-8391-4597-9d6d-9e5dd7b8e650,43,Male,187,8,No,-1
37680eb9-6a4e-4a3e-8445-5f29385f4614,45,Male,71,12,Yes,-1
bf54f224-1c7d-4dbe-8310-8c04fdf18097,50,Female,101,58,No,-1
d4e25897-0936-4510-9fce-5a01d9f8f7ad,62,Male,22,17,Yes,-1
3bc105ca-77c5-48de-a367-8ca131534ad6,39,Male,43,21,No,-1
1b7996c1-cb8f-4899-970a-fd458511177b,25,Male,136,18,No,-1
026c4a08-4401-48e6-bf9b-4161bfbbb60a,81,Female,43,8,No,-1
6532fc21-4d28-415e-944e-df63cd7a630e,34,Male,48,93,No,-1
3f200769-b622-4556-b1ff-90c590545b5c,60,Male,143,93,No,-1
b6c54c8e-046b-4fd2-95d5-394f1548e302,75,Male,108,67,No,-1
15c9e7c1-d65a-4146-87c4-de5423cd94c5,66,Male,39,35,No,-1
293ac435-4a45-4f79-ad83-9c34aee55a24,20,Female,196,64,No,-1
8d8f8140-5090-48c9-8491-ad3946a60812,37,Male,160,76,No,-1
17c80863-2ce6-4440-96b1-2d74c0e0ec51,65,Male,186,4,No,-1
9dfccd4a-7ba5-42ea-9a3b-568102d62864,57,Female,138,51,No,-1
37624003-861d-4253-83ba-6dde1807c60a,86,Male,152,42,No,-1
e22797ef-4c68-485d-a144-baedf7420398,74,Female,135,13,No,-1
5ed925b2-e279-4276-8b48-8df74407f2a1,41,Male,178,18,No,-1
4a4d11b8-2ba0-4c83-8ce0-57bc72ca2659,84,Female,139,19,No,-1
2f8d000f-6b93-455f-a6c5-69962b7a3b7d,60,Male,21,100,No,-1
4025f1dd-0979-4387-996d-e88e574a7015,72,Male,151,8,No,-1
e664527c-eb38-451d-8581-db81fae7abde,65,Female,57,75,No,-1
c8238d99-38a7-436c-9add-a7d84b8b0864,87,Male,190,23,No,-1
d9123174-b3af-4fdf-9429-1e13c54605b6,25,Male,81,2,No,-1
89c25357-559a-449a-9e08-4bfbbfa80229,80,Male,64,38,No,-1
21bec0a5-da64-4ede-a5d7-c621d8d3e2a2,76,Female,179,4,No,-1
336f47c0-a3c3-4212-9859-ba5a5e8ed673,73,Female,99,19,No,-1
6abf7602-6008-48aa-ab58-10ec656a6042,79,Male,40,15,No,-1
2507c6e5-34a5-4e8b-a986-826c51313c8d,71,Male,180,57,No,-1
c64f8def-4aa7-46c3-a38f-97b4da348cf0,54,Female,188,70,No,-1
6f15efce-725d-46dc-a58b-92cec2021069,61,Male,23,55,Yes,-1
63b09694-6926-4c99-b8ed-80d2078df2e3,43,Male,123,22,Yes,-1
75bc15cb-040f-455d-888c-0b35c7084aeb,82,Male,166,81,No,-1
d996b947-a27d-4ac1-8531-907881059e16,37,Male,169,52,No,-1
38f4b4a4-39fb-4a34-8b57-80dc1d3077a4,28,Female,159,40,No,-1
1c5b340b-e1e0-428d-ae97-1ce377fbc4ce,65,Male,104,35,No,-1
a4c12685-996c-4383-851e-59bfe534590e,85,Female,98,11,No,-1
c1b9f543-3944-463d-9116-1fcfa30ab45a,36,Female,159,92,No,-1
7a9a99e8-1267-4542-a5f1-79968b265490,53,Female,88,3,No,-1
584fd566-aeb5-47dc-99ca-c5c89b313f9c,68,Female,110,43,No,-1
cd79d04d-c6c1-4138-9d7c-eb3769133038,86,Male,39,25,No,-1
9d06db78-265e-443b-92d7-957bf86ae277,52,Male,102,40,No,-1
b2b791d4-0460-4d6f-86d9-f742fe26e0ee,27,Female,72,66,No,-1
0744db90-41e5-490b-badb-676f7ff5c09a,69,Male,146,95,No,-1
7bb02aa5-6f50-4fc6-81ca-6b9f672c4ad7,34,Male,88,13,No,-1
44c20ef8-4741-44ee-acfa-36a3d7227181,48,Male,172,8,No,-1
55eadf3b-40b9-490a-8f23-f5ce24315182,52,Female,29,41,No,-1
1fa86db3-ddf3-4ea9-af52-afc4e4c9c716,42,Male,142,33,No,-1
6bd7ef8f-fab0-4964-9419-7e1bdd918cba,24,Male,98,40,No,-1
87378703-f207-4612-ace3-736a7fef31c2,36,Female,153,19,No,-1
0f073327-e283-4e8f-801b-bf4a2a88625b,40,Male,67,16,Yes,-1
01b53c14-f001-40ab-9dc4-cba3e6e078a8,34,Female,55,20,No,-1
e21b806d-e0ba-43be-90b7-cca1da66b305,29,Male,44,1,No,-1
1cb85d57-8e3e-4407-8616-7f1370016eb1,36,Male,27,34,No,-1
b42f047b-8c55-4413-ac26-28878de1b1d0,61,Female,106,60,No,-1
f7d31337-ddd8-4bea-95cc-eaf9e2791da7,88,Female,131,84,No,-1
e2d33179-fc71-4a2c-8b02-c1e455ea43e5,32,Male,64,81,No,-1
bf1757e3-1fde-42ed-b6ba-f6702baedb49,40,Male,53,42,No,-1
b26a593e-db9d-4dbc-9069-ffbc3c1f79eb,80,Male,166,49,No,-1
dccdf258-e300-4ed7-8d97-700efba80b4e,18,Male,113,21,Yes,-1
f3d2756f-ab70-4584-ab0b-5490a4fc20fb,63,Female,138,5,No,-1
70aa373c-560b-4beb-b7e8-932c61e9e823,90,Female,182,52,No,-1
6d48f7c6-9649-4d2f-8e9c-9643770f7d00,33,Female,22,5,No,-1
4d201aed-059e-4507-a5e6-e1ac496bb4c3,81,Male,181,46,No,-1
2e9a4009-678d-4383-ace7-cc1cbfc3f771,26,Male,178,27,No,-1
a3d8b4d2-3b72-4b68-b44b-6bf4c1befe00,29,Female,90,4,No,-1
e4b449e8-d504-4db8-beb8-789c2f702d68,19,Male,41,23,No,-1
08a4f7bc-47e0-451c-a8b3-7e4bf5d009d6,36,Female,169,94,No,-1
57ca7e90-9396-4cc1-92ea-b65aec1bd30e,46,Male,42,10,No,-1
a4e6fa27-0c7c-4667-8000-0a2f0bbd98ee,76,Female,91,4,No,-1
784b05b6-acf2-4e25-9722-c5aab2e74a62,23,Female,171,19,No,-1
60b1eb37-1edb-4545-839b-f7e3f47e0964,56,Female,157,20,No,-1
d5f1d840-7361-405d-9662-4f79a816c875,84,Male,135,17,No,-1
76b409c4-9e6f-4112-b3c2-e694bd5fdddf,89,Male,99,67,No,-1
dd6c7b08-6e46-4ae1-91ab-e0a814f7cc72,57,Male,41,80,No,-1
a73278d6-6f94-49ca-b386-0a36cd5b9091,40,Female,35,40,No,-1
ec2fd1f3-b497-44a2-9bf6-80f34407470d,90,Female,109,92,No,-1
06ef8d5b-1e53-464c-8021-3ab6ffd5c65b,29,Female,50,9,No,-1
377d8f08-beb4-4f5a-b564-0b86084f1cc0,20,Female,51,7,No,-1
b88882fb-22fc-477d-8fe3-67373fa8f72d,59,Male,145,19,No,-1
55312bf0-b3ea-4fc8-9739-e977da701153,79,Female,154,86,No,-1
6585097b-b707-4701-8784-e3e73706f652,22,Male,20,34,No,-1
442d708f-ef5c-44cd-a64d-8d3aa9ad264f,31,Female,35,46,No,-1
70e89c36-0107-47ba-8bd8-0f89d37f9a7a,23,Male,154,20,No,-1
447bfc06-8e9a-4a2b-946d-c67e656fe02f,30,Female,45,10,No,-1
f1f486af-64b3-4810-a77c-0747e32fd479,22,Female,144,100,No,-1
a5122683-9b9c-4506-820e-58608d819ff8,67,Female,68,53,Yes,-1
75c439b1-ba03-4c50-9fce-7e1c429810cb,83,Male,106,43,No,-1
a2f18835-2e25-4089-81ba-c73fec497900,59,Female,89,28,No,-1
642fa7b2-dfe2-44cc-aaa5-23f670c1ff30,35,Female,173,41,No,-1
baab0004-4e8e-4b8e-957c-90a9ec602b23,62,Female,112,38,No,-1
afcd5d47-0329-4fc2-9640-27abee792e7d,64,Female,168,46,No,-1
8a0feb86-e228-4475-ad5d-1f912f990957,63,Female,127,20,Yes,-1
579f2045-8792-4bb0-8013-b0a409d60f45,18,Female,22,55,No,-1
133f772d-4883-4e3b-91a1-ecdbe4067541,74,Female,153,39,No,-1
cde30dfe-d9c8-4a24-b36d-ae84012eb175,50,Female,187,72,No,-1
6887cd28-7da0-44d6-a03d-a6c7b722b9ed,56,Male,152,8,No,-1
f5bf45a8-09e5-4511-a899-866cca2ad151,19,Female,191,95,No,-1
f2a300cd-a5cd-4e05-a391-c892fee9bd26,88,Male,171,83,No,-1
fb531472-9c87-4f71-8219-43356dc2e5a2,59,Female,82,14,No,-1
321c4077-d702-45e3-8cad-6e14afbd4d15,78,Male,52,84,No,-1
cc213db3-af72-4e79-a970-0c5096655d43,52,Female,131,21,No,-1
e6854eb5-77a3-47e3-bc99-43fcae1a2e1d,63,Male,26,58,Yes,-1
9ce7e0cb-64b8-4a1d-a8c2-b72fdf4ac18b,28,Male,107,66,No,-1
31b01315-f580-4a90-99e6-30ac1ab60e04,61,Male,199,3,No,-1
0f0a74fe-4f82-4cf8-ba49-88162c96d8c0,83,Male,53,4,No,-1
5e333fd7-4350-4960-8c2d-8fad158cf94d,53,Female,50,46,No,-1
e1824301-7676-4447-83b2-1dd80278d41e,48,Female,107,15,No,-1
12a9d783-db31-48ec-83bd-f54dbe17aeaa,44,Male,150,87,No,-1
e6c0e4aa-ed03-416d-b989-b608b98b9dca,78,Female,105,70,No,-1
c2b0b7a2-e3d4-4c90-a6bf-a4c5bdd44200,26,Female,140,35,No,-1
6c87c16e-e231-4c11-afec-aa2e3499c8f6,76,Female,114,66,No,-1
2abc2228-3ccf-40a7-b4f8-c80a23a64427,59,Male,56,96,No,-1
f1facdd9-2bf0-4944-9cbd-087948668266,62,Female,80,74,Yes,-1
ed1041d7-9987-4001-ac7b-f8e6db8963a2,63,Female,120,28,Yes,-1
4b8a0c19-2825-4461-9731-baa17b47bc03,42,Female,117,19,Yes,-1
1ddcea3c-493b-4d8a-9b2c-f0fd392f5c1a,80,Female,119,66,No,-1
6ca74112-19cf-4887-bc68-f97b6d37d853,77,Female,189,1,No,-1
cc7d6b7f-80eb-450b-8456-98716ec993a6,84,Female,50,84,No,-1
f602ac49-640b-4638-b19e-4f210e06879f,31,Male,153,43,No,-1
d22a3d1b-83f6-42bc-8d84-48e121a9065f,37,Male,40,3,No,-1
e4a54505-a011-49fd-935b-5efeee678e31,30,Male,140,7,No,-1
cd033cab-cc7c-496e-b394-6c3cb3ddf045,66,Male,98,26,No,-1
3e498cc1-6c22-4a29-a3b0-df42a0a7d0ba,72,Male,176,60,No,-1
12d5de9d-e2dd-49d5-9901-5fc95ac4227a,27,Male,137,51,No,-1
525c3328-34d0-4f65-90c7-ab93c414b994,71,Male,36,49,Yes,-1
10b5823d-7a07-4956-b9b5-3e8af0256d89,24,Male,150,90,No,-1
5ef8e27e-a73c-4290-b6fd-5ce452cc7067,67,Female,152,43,No,-1
98a8c2c0-945e-4880-9513-db7ee6dd1630,86,Female,187,1,No,-1
c3f10d65-9c39-4a5f-9274-0ec5aa8019f2,34,Male,151,18,No,-1
ed163f77-4507-4d00-b8df-fa3ea8922d40,43,Female,123,43,Yes,-1
fb7e4583-2d20-4478-8317-082e6d510e48,52,Female,47,76,No,-1
e22d1b8b-de0c-4671-b092-eaa95b9495c9,54,Female,29,37,No,-1
52a4759a-93a6-49bb-85bf-43751ba450ee,46,Male,148,90,No,-1
3536dfc1-d42e-4613-ac4d-074b60b2eddb,56,Female,166,2,No,-1
26b4cfc4-4c88-48e4-94ee-705b2f68a803,40,Female,189,8,No,-1
9ca4037b-e6e9-41aa-826c-efe267c05300,48,Female,99,37,No,-1
79962564-c912-49b9-9ba4-7fb0de9b96a8,80,Male,125,42,No,-1
2f4fec8d-2094-43eb-9ca5-04bf01b1899d,38,Female,43,3,No,-1
3fed7750-eb59-4471-8695-74c143907455,83,Male,173,52,No,-1
879bdaac-e903-49b3-9b49-c7ecc93eceaa,79,Male,195,63,No,-1
f5ddd23d-f779-404a-b546-a0b11bc69e3c,46,Male,97,15,No,-1
4ab244c6-d795-40b7-b7cf-a309670535cc,47,Male,172,86,No,-1
4dedef8a-f422-4f97-88b3-0cba9b98e317,88,Female,188,95,No,-1
0bf2da7b-1861-4fed-918a-89c4eef36395,77,Female,86,13,No,-1
42104444-b6d8-470c-b457-cbae571b14bd,90,Male,119,42,No,-1
b7a8469b-b4c3-4a9c-8d17-7ff514a968b4,79,Male,60,42,No,-1
343feb0e-452f-4804-a538-59170c6b0db5,51,Male,179,18,No,-1
63eb6191-61a8-47a4-9d91-969571f905b3,28,Female,77,59,No,-1
f3fc3388-9ee7-42ca-b03c-dcabafaf1342,53,Male,118,28,No,-1
d0ae7266-3dd3-4667-87d2-c1ad9018ce42,87,Female,63,73,No,-1
1b24c26e-8070-48f1-84ee-c5f7ec684251,80,Female,43,20,No,-1
e98f6e9f-4518-4922-94fc-b4ef346bd67e,34,Male,28,7,No,-1
0ec36cae-baef-43c2-b2c2-cb59ee09ae57,76,Female,120,21,No,-1
21c471c1-1a09-47a1-9b94-26629ad514d4,86,Male,68,58,No,-1
0cf679af-6007-4b42-8ab5-100cdc56fe07,42,Female,192,69,No,-1
f96e1051-3141-45aa-a865-321614e11dab,34,Male,162,81,No,-1
c67b9659-905a-49dc-bbb2-873fba5bad08,18,Male,118,20,Yes,-1
730fdb51-7f5a-4df1-bb76-d4b52d6c8fca,32,Male,66,84,No,-1
83fdbd13-40d3-446f-9081-84c51760b089,77,Male,196,71,No,-1
5b7574fb-bfb8-4cbc-87a8-b14913898ba7,70,Male,159,43,No,-1
73e32acb-aa4b-4995-b99a-65504de94991,37,Male,99,86,No,-1
1be17788-53d1-486a-be57-6cb3692ff9c2,44,Female,44,81,Yes,-1
1c100687-42b4-4741-ae35-e52c1e0a7362,32,Female,178,76,No,-1
fab21885-eab6-48be-abc0-44d3e47b45fc,37,Female,54,37,No,-1
8f2769ab-e721-40cb-a6e8-45a0b33a89b7,19,Male,74,43,Yes,-1
bf4bf769-4e9e-47db-b699-8d7210d94017,22,Female,193,73,No,-1
149c2280-0bfa-4cd2-9013-024b80f53d3e,45,Female,190,57,No,-1
de2bd99e-08d5-416d-8e0e-1443eeec74db,56,Female,142,16,No,-1
b8b14e15-e0e2-40a6-b2a7-9a592019c3bb,65,Female,25,18,Yes,-1
5a8cfe95-9780-4f00-8b0e-335078d92790,53,Male,44,64,No,-1
de8b3ce2-e152-444e-be22-9a64396eb01c,83,Male,101,78,No,-1
a29d0414-266b-4458-b877-872be5e8994e,64,Female,58,48,Yes,-1
6971d452-fceb-4a8b-b116-6110ba1f4eed,84,Male,168,69,No,-1
959bd3d5-6af0-4318-8d3c-9fe0ea5273a8,51,Male,33,31,No,-1
d35ad420-44f9-4b5a-9f94-01bd16c86679,64,Male,26,57,Yes,-1
62adf9bb-6d3d-4661-b4de-fd6dcfe1534f,40,Female,59,34,No,-1
d0df87a0-62c3-4ccd-84b3-b49f831535a3,72,Male,172,53,No,-1
33771242-9ec3-4626-bde1-bc61862de7f1,45,Female,51,68,No,-1
daaf39ca-b115-4b82-b22a-8a1901f2a1c1,71,Male,58,29,No,-1
9d5d280b-6414-4503-98e7-acd003a59bee,66,Female,90,79,No,-1
c3b600ee-a67d-45b9-ae27-cb0c71cdec97,83,Male,200,5,No,-1
c45610ca-61ef-4fa7-aecb-dbb788cb7bc2,30,Male,137,27,No,-1
d03ff4cc-0c55-41b0-b729-8a6b0f6eee06,56,Female,130,39,No,-1
64c10618-46fd-4a39-8cf9-e197638a94b4,37,Male,151,63,No,-1
fe35b621-cbde-42a6-a3fe-e7fe28acd2b8,41,Female,96,11,No,-1
7c39ab18-c66a-4834-8143-776a0be10b78,70,Male,148,65,No,-1
646c79fe-64f7-48b0-bb77-94ae50b92834,88,Male,55,91,No,-1
75cd5430-7720-4114-b7bb-a3aa6746977c,26,Male,71,11,Yes,-1
923a3a3b-3661-499f-a789-a02a3ccfd9a0,71,Male,53,32,No,-1
63d256d2-e920-4579-acb9-762d8fe58fd5,86,Female,81,11,No,-1
f683d03d-134e-491e-a232-4f3f549f1923,52,Male,160,95,No,-1
79bc41f1-832f-432f-b1e1-997f3afa8a77,89,Female,147,85,No,-1
7e07693d-6d4c-4156-a2b4-e6dcdd19d438,87,Female,98,4,No,-1
d96719d4-9e23-4cae-8c68-6cae6bdbc8cf,35,Male,189,38,No,-1
8b5b2c6e-a8dc-4370-bb4f-d4300a377a61,19,Female,180,33,No,-1
e63f14d3-e577-4807-825c-bf49d52d2e20,74,Female,29,18,Yes,-1
d75b7b83-3434-40ed-b333-94fda100ff5a,27,Male,112,11,No,-1
bbc46cd6-7030-4662-bcbf-5d302a77733d,61,Female,62,74,Yes,-1
9e90f99e-aa4e-4ee1-a0a7-144b1d7ce40f,41,Male,138,79,No,-1
8c477b74-ce92-4ab7-85cd-0a6288947cb9,27,Female,190,92,No,-1
5c5cc38c-297d-41fb-8ef5-fcfb1b48882d,64,Female,107,60,No,-1
af083724-8f3a-4d24-bd11-d0cfb2efc8c4,88,Female,43,28,No,-1
89491886-2900-4ded-88c7-4e80d3a4e2f1,28,Male,46,45,No,-1
0e055ffa-e927-48c5-b1aa-c245c596a920,45,Male,28,98,No,-1
31cb92d7-71d7-4d1b-bcb4-d45292700dee,41,Male,110,66,No,-1
e60ed6ba-3be5-420e-aa6c-9dc688e58bbb,34,Male,103,53,No,-1
4474efe2-e9a4-4cd5-912c-6c04048bba8e,85,Male,54,84,No,-1
879840fb-8a80-48fe-afcb-7c92dcbc9ea6,50,Female,58,74,No,-1
df4fd3a4-54ac-4cc7-b710-2ad0b297f5ff,74,Male,84,17,No,-1
d5f5fa20-7888-4c1c-8411-bae8508dc1af,25,Male,110,4,No,-1
a6275e04-8b35-4299-9e6e-8557b81367d1,42,Male,177,46,No,-1
949c19e4-9cdb-49f2-a8b4-081f33c8bb74,81,Male,101,23,No,-1
da35ac9a-7e78-4ac4-b28c-4076a4e1cf73,26,Male,95,40,No,-1
fe9962e1-45bd-4743-b95b-34134e2c3a6c,22,Female,173,90,No,-1
824342e5-c3cc-4048-b9e5-bce67e50f4bc,42,Male,80,33,No,-1
a3f3dd35-92e2-4bfa-b43c-8baae9fdda16,71,Female,152,93,No,-1
7d21a469-40e8-4b02-bf39-cc16c1ba2e42,63,Male,141,23,No,-1
d72666af-4475-491c-a89e-a787a7975ba4,54,Male,162,1,No,-1
94c57a38-4ef0-4aa3-a2c4-3f45dd0edf5c,75,Male,59,76,No,-1
c1d971b2-45e9-43e6-a359-9ecf7c1e2db2,57,Male,162,28,No,-1
9ca4b264-5cc9-44e2-9559-d9363408e62f,39,Male,81,3,No,-1
8925d097-a288-4a4c-ba75-5e80f5b9fcd4,56,Male,178,90,No,-1
e6b2bf25-8359-4245-bf80-50139b50f511,67,Female,56,42,No,-1
015ca33a-7a09-4d53-823d-96267665151b,35,Female,47,49,No,-1
16f66cee-166a-40a2-afcb-38196ca5d9f4,22,Male,48,92,No,-1
a50eff78-96af-429c-9715-ed7d8ca90e94,41,Female,35,79,Yes,-1
2552ed40-e258-4db5-bf91-489722c8a980,69,Female,155,67,No,-1
b2de288d-6173-4400-8f9d-d98d5f8e05ff,59,Female,128,49,No,-1
76ca5b14-eeec-4b8a-aed3-5b99628061c0,77,Male,43,43,No,-1
bf3b1a0b-d6ff-4923-b7ec-54e5b1d06a95,83,Male,138,11,No,-1
175b74c4-c685-4595-8fd6-985a837bf311,37,Male,152,100,No,-1
923771be-ad53-4281-b04c-8adcf0c749b0,73,Female,103,44,No,-1
2d83bd59-fee3-42e6-ad42-9f5c22f22a7a,80,Female,196,67,No,-1
c63df72c-e37a-4115-b465-386cc7bff378,22,Female,49,84,No,-1
08696e62-8e43-49d7-8b51-d1a5f18e1b2d,36,Female,139,87,No,-1
43a9dd7b-166f-4550-879b-562487337b21,57,Female,50,12,No,-1
1dba76f3-6268-431e-b9eb-79b1dd03d168,35,Female,135,20,No,-1
4520e06b-84d6-4209-b0a9-0096d8da4a2a,57,Female,83,10,No,-1
ef07ec94-2bcc-4d28-b98b-544321efeee6,38,Male,146,76,No,-1
8629c4c9-02c5-48b2-8d69-69e0f6efff7f,53,Male,149,6,No,-1
08493a97-b8dd-463b-8f95-628320333dc6,77,Male,43,27,No,-1
71cc7a0b-305f-4eee-8544-605152b8fb1f,82,Female,105,30,No,-1
9fe8b1e1-5ffa-4f82-8c06-5497f45cc339,24,Female,178,7,No,-1
a1e65736-0a5d-40ec-a791-e7dd0a734cfe,30,Male,179,74,No,-1
e3d9312c-12ef-48a0-96c1-e965855e7615,53,Female,189,62,No,-1
22759f85-62ca-410c-ac41-903b63d6ccbf,87,Female,171,35,No,-1
151f5527-61b7-4544-81ec-d745c8ea51f9,49,Male,112,34,No,-1
54189c38-79f6-45f5-9aac-f64c1f170a5b,78,Male,28,3,No,-1
d36f4ee6-6674-4766-b327-3e82511a8cbf,25,Female,194,56,No,-1
2d85bc37-18bd-4a7b-868c-848f61544158,32,Male,83,70,No,-1
6da147fa-4817-4591-8777-9d3d039a4360,43,Male,102,33,No,-1
2cfca9ce-000b-4b44-9a79-afdaa0261cc3,50,Male,27,22,Yes,-1
58632e7f-58a3-4b22-aafe-1698d616c4a1,43,Male,140,19,No,-1
6f237536-6e99-402b-ac2c-f966d7c83d35,51,Male,32,59,No,-1
5165d7d3-18db-45f6-93ae-4ece4b3b6d4e,71,Female,165,44,No,-1
55752641-9489-4f3f-965f-d8c84bfd559f,86,Male,25,27,No,-1
af34e3c7-ea10-46d0-aae2-acc0631e397c,42,Female,132,2,No,-1
e278bd54-ca1c-4eae-97ff-83e9dadf44d7,66,Female,188,6,No,-1
4a2636e0-04f3-4f54-9ac8-7c10874ded31,37,Female,39,46,No,-1
a888768f-fedf-4fa8-ad81-8b940ae09c98,52,Male,199,48,No,-1
b1702cfa-9638-48b0-9fe8-c69e8ba619f5,43,Male,99,20,No,-1
bcdd3d98-a099-4e1e-930d-73f140ed7dbb,56,Male,187,47,No,-1
54fc47db-f225-4185-8b48-a66a23b251a9,42,Female,104,39,No,-1
80f66953-cf2c-4b94-9764-d65f84a187c2,29,Female,191,73,No,-1
ee179277-2ff1-45d8-81d0-629c8f48c5d4,20,Male,61,99,No,-1
7560640b-9107-42bd-bdfa-81b7de96808f,51,Female,24,14,Yes,-1
7cba37a2-4601-4405-a15c-120a116c2816,22,Male,156,37,No,-1
d433922b-093c-4edb-886e-1c475bdc11ce,50,Female,127,25,Yes,-1
72b4074c-068c-4a4f-b9cf-fda61382d639,37,Male,66,69,No,-1
f027a402-efe5-4e53-beb7-8e7041539001,50,Female,46,33,No,-1
8981db72-062b-4068-b573-3a288e98664c,46,Female,43,63,No,-1
86eab062-49b1-4c60-a543-249d695acb54,66,Male,98,34,No,-1
1c33877b-8153-4590-a11b-9365ba7355db,58,Female,130,40,No,-1
f071b228-1b0d-49cc-8a95-2611e7eb68cd,77,Female,114,56,No,-1
080be73e-75e1-40b3-a381-d574a766bd9b,25,Male,193,61,No,-1
0fdb4b31-c4ff-4604-8ddb-764062bd5406,36,Female,26,27,No,-1
fd31230a-8d4e-456d-9c88-59d7c1a3353e,83,Male,53,29,No,-1
d85f134a-60d7-4dde-b174-3e6aea919cb0,37,Male,59,29,No,-1
b6cc4226-cf9c-4935-9896-1e0b8bbbfb85,22,Female,87,18,No,-1
1776570c-c087-4841-b308-07b45fd6bb82,48,Male,180,78,No,-1
6c305524-f497-43d6-949e-8d33587583ba,62,Female,178,83,No,-1
ac5d92ec-dfc4-4623-838a-84e81f8f3e28,58,Female,53,76,No,-1
f0644ab1-0861-456b-b5b2-dac70a3f04bb,84,Male,42,92,No,-1
a5297452-7d41-47e8-b592-b95540af7dbd,34,Male,44,39,No,-1
3d1d20b6-62dd-47ee-ab16-fdc75e93ce2b,78,Male,185,73,No,-1
decf7370-47a9-4f1d-a22b-748756c5aa19,69,Female,112,66,No,-1
04abfc73-6e8a-4b69-b92e-83f9eaf7accb,69,Male,41,23,Yes,-1
16bd9a3a-93c4-4b8b-8c53-5998f8ac7a33,29,Female,29,47,Yes,-1
90e22748-6614-4faf-a91c-7c7f35188e1a,74,Female,178,25,No,-1
2482d8db-ec48-47fb-b239-3ff5b4bc003a,79,Male,78,32,No,-1
bec26fdd-9c24-4077-aab8-25fe7b857c88,34,Female,114,63,No,-1
99a2ad14-b6d0-4d75-9c2b-9f78cc7857b0,80,Male,130,44,No,-1
b98d0b5a-d672-4b36-8264-6a1b1957e2ef,61,Male,108,71,No,-1
3f096746-db66-4132-8e17-d9169cedfff9,89,Male,130,54,No,-1
4b50e413-1dfc-4fa2-b3fc-20b55b6691a1,50,Female,114,31,No,-1
a63e96bd-3564-43d3-be56-f81c4daba69e,19,Male,76,60,No,-1
9324bcbf-b348-480b-9792-35e75878d0df,39,Female,90,86,No,-1
f1056d5e-2747-445e-993f-b78ab1412f4e,72,Female,167,4,No,-1
c88c1208-8075-4d31-bdd8-db60f7c3c087,53,Male,86,13,No,-1
4f0851cd-0939-4143-a438-1281a61ad089,34,Female,174,2,No,-1
e7c48580-6a89-46b8-b7d6-0c3cc059c1e0,72,Male,41,20,No,-1
546326cf-d5ec-4119-be78-33c822c40b9a,82,Female,73,51,No,-1
a8c6409e-3309-47fc-9a0c-568ba3fc4a3a,63,Male,94,30,No,-1
df5a7589-2918-4912-92b8-5f1db6d955fc,35,Female,167,95,No,-1
821b7996-6619-49d9-8ecd-0fc81351670f,43,Female,151,87,No,-1
5ab91bd9-45ce-4cf3-987f-eb077a05dbec,51,Female,77,87,No,-1
d061bc7e-ff26-44c4-8eb3-f3090e869c1b,41,Male,175,32,No,-1
1ec94818-3059-4c33-82be-6ad890ce69c5,24,Female,108,20,Yes,-1
a785996f-7cd8-40ce-a69a-2bf934f2e6ad,61,Female,149,92,No,-1
b3716065-b648-475f-a77c-f568b532d890,39,Male,55,21,No,-1
038882b0-bc85-419a-9733-7224172a65a8,32,Female,172,17,No,-1
daa44e6c-7395-415c-b918-5e828a5d4e9a,90,Male,70,55,No,-1
020d33fd-ef07-4c86-ba30-93acb39e33bd,66,Female,180,57,No,-1
315c3c68-c75d-47b2-b5ce-34c92a2ea9d7,41,Male,57,16,No,-1
5a6beee5-21c6-4b7d-8a3a-a94566d10ff3,86,Male,158,92,No,-1
b44511ec-7967-4298-a8e6-99e1d76a7dd6,19,Male,177,36,No,-1
6ad581e9-f015-46a3-b5b2-5d7100f15481,68,Female,190,25,No,-1
e906c8b9-9bbb-4735-8f47-3cfa1e997c04,84,Male,148,44,No,-1
3a9ffbc5-cb68-41bb-9925-986bc24e4846,83,Male,88,80,No,-1
d15c8513-b592-4da1-b358-4937e79dffb8,38,Male,141,26,No,-1
97bf8b9c-5e50-49ee-a5dd-3f302cb8f2b9,84,Male,190,1,No,-1
ddcf0ca2-c844-47c2-97be-2633b474474f,42,Male,36,18,Yes,-1
1cdf7585-0384-40ad-a36c-2377deda1e22,81,Female,117,65,No,-1
8f81c7fb-9e98-45d8-a180-f52b4b172842,24,Female,98,82,No,-1
66136e58-fcb9-4ca5-a7d8-2f7b0936fc89,49,Female,160,49,No,-1
b63668a4-8631-4aa2-b53a-5c98a53c3f50,46,Female,144,29,No,-1
e45cfebb-c0ff-4f99-9f7b-d9ad64867d7d,68,Male,134,22,No,-1
6ffb4c40-5db4-4b98-af05-6348942a2f10,48,Male,138,85,No,-1
4ced209d-af9f-46da-b4c6-c6f073cf24ab,22,Male,150,94,No,-1
afda5b42-e935-40ad-b79c-be9f50e77d93,89,Female,152,20,No,-1
7ecadba6-25a6-4b11-9ecb-94979b0392d7,20,Male,149,20,No,-1
fc61e174-e5fd-4f54-9d16-45468b891e41,90,Female,141,93,No,-1
c14dacb2-3118-4327-a976-f73e08cbab36,42,Female,179,63,No,-1
087cc663-1e7a-4f94-9dcb-e27489eada64,31,Female,122,18,No,-1
0889fce6-b96e-4a72-b7f4-1eca9c2012e8,79,Female,123,13,No,-1
1a5d0bb6-9a74-4e30-b1fa-ba53332b4d42,85,Female,147,24,No,-1
e04c1fe1-d82a-4125-9307-4c1922aa2759,39,Female,27,80,Yes,-1
bc7a25b7-74a5-46c1-b3be-de4b83649d64,64,Female,159,38,No,-1
51330c08-ff9f-4c1b-bba5-2e515f8a0557,78,Female,159,72,No,-1
9bb3aa50-3be7-47fd-bfa6-ffd34a9887a6,65,Male,47,14,No,-1
4b954566-d9d9-44e0-9af3-27e7220cd84c,70,Female,189,59,No,-1
b09c7d2b-9f12-468b-9616-2f7b1440e14d,53,Male,113,11,No,-1
4bdc8626-bf62-4295-92d1-902f9c789ec9,51,Female,76,53,Yes,-1
c95f13ab-a024-4e4c-91f3-d0770eb397e1,58,Male,141,84,No,-1
603e3609-0031-4320-845c-08e2a541b0d3,31,Male,41,12,No,-1
57b4764f-a439-47dd-a19a-08a436cacc6d,69,Female,41,14,No,-1
5571460e-1501-4dca-9144-9ea16829d8ff,25,Female,67,28,Yes,-1
61daa96c-a4ca-44ae-8531-00f06b04498e,49,Female,150,16,No,-1
61d75b50-5716-4c64-b419-561c8f175c2c,32,Female,197,74,No,-1
d8098b7d-b339-453f-b3b0-0033367cc727,43,Male,49,94,No,-1
5760dae0-42dc-4087-ab21-fda0a7fe93ce,84,Female,169,3,No,-1
578c7533-8207-4f92-92ec-9126098dcb1e,38,Male,163,61,No,-1
1989f1df-9b3d-4921-951d-5755ba12da9a,45,Female,21,23,Yes,-1
9e41efd1-fde2-48ab-a415-1039450041c4,52,Male,109,7,No,-1
d519cf93-f9bb-48ce-84fb-3307397e3af4,81,Female,110,40,No,-1
b479f57b-82f7-46e9-8fa0-83e630fac56d,63,Male,143,31,No,-1
6144236c-4443-4064-b6e3-f3a9c74c8f64,44,Female,31,17,Yes,-1
69b1f10b-0cf4-479c-a6b4-b09ffab3297d,29,Female,153,21,No,-1
2d03c29f-556d-4878-8b41-b0947f78b46c,24,Male,58,86,No,-1
2558c2b8-aec4-4fdd-bad4-bc7b066e641f,54,Female,191,57,No,-1
f9b02e2b-9c23-4168-9e57-66502d314f4a,27,Female,178,90,No,-1
75591cf4-4d10-452c-b1a7-a54e43c4ac5b,20,Male,165,56,No,-1
0624e5e4-a00d-49fa-9a1d-36752e84e053,59,Female,144,28,No,-1
58786aa9-351b-4421-b8f9-e288aec67432,71,Female,198,67,No,-1
3551e4a1-8f89-400d-801f-958503ebbb6c,21,Male,30,34,No,-1
22e30f30-4fa1-4fed-8eb1-e5b4280bee70,77,Male,166,86,No,-1
ed878d8d-fc6d-4013-b000-f0f3f2038886,67,Female,168,61,No,-1
2ce7c1e9-381b-4026-aa4f-31314bf41da6,22,Male,94,38,No,-1
208809e6-b2e6-4b35-8fe7-690dc88de7be,42,Male,113,42,No,-1
c3d26ac8-9c40-47e9-9b24-b1741b67e99a,54,Male,148,27,No,-1
62ff4a60-eaea-4cc1-a269-f4f831a5e9ec,37,Male,34,27,No,-1
bd70678b-9fab-40e1-a257-834cc2ea0181,82,Female,102,100,No,-1
e768f7f5-c1d7-4642-865a-124b8c17fffe,80,Female,151,26,No,-1
e472554b-b074-44dc-af1b-0f05d9351601,34,Female,171,73,No,-1
2052605c-e2de-44c7-a379-8536eb96b4d7,74,Male,25,34,No,-1
b53c38db-ca98-447b-b1fa-769132293ce2,64,Female,190,82,No,-1
5683d72a-4f2c-4d59-8380-9f8a84d18800,72,Female,46,13,No,-1
431617a0-061b-4a90-86d9-2c25241f0a7f,40,Female,22,29,No,-1
ee87d65c-b628-4c52-b281-a5c3485b6038,34,Male,185,83,No,-1
0903e273-cd42-4a2b-b294-b0406365bc17,83,Female,101,66,No,-1
c04cf4d3-fdd6-44f8-8cc8-2e7119aedcf6,65,Female,129,59,No,-1
38fb278d-3a70-4ee0-af16-463631d5fec2,27,Male,109,14,Yes,-1
e0465096-d05c-4709-8529-78b7d6813da2,78,Male,157,75,No,-1
46f5873e-c020-4a47-a63c-e09804d71806,71,Male,144,28,No,-1
b064b380-92d7-41a3-833f-a5522aee518d,26,Female,28,7,No,-1
231d6d3f-6e33-46cf-a2aa-d5475c91f51a,71,Male,72,12,No,-1
b8118b64-5b6f-4d9a-8349-d14a4280b136,81,Male,109,56,No,-1
87f21e01-9c4d-4060-9b8a-23a06793f54f,51,Female,168,39,No,-1
c732cee8-1121-4012-bdad-43db7bc03b9e,25,Male,43,47,Yes,-1
db7a2b77-a4a1-499a-bbd9-0f80a4022fbc,52,Female,97,28,No,-1
39acc2d6-f8bf-4159-b86c-a060f8feaf91,72,Female,72,41,No,-1
8fac37d5-d8cb-4b77-847d-0150bdc1309b,39,Male,80,20,Yes,-1
91f55a4a-d832-4910-86db-0ebf8d5a6c10,52,Male,70,81,Yes,-1
8ba030dc-5db5-472a-9a18-c877a86c1b7e,56,Female,59,47,No,-1
a8228be5-6f39-4615-b122-edbe5651e693,90,Female,148,85,No,-1
bae54030-995e-435a-b721-48c04bad0a61,65,Female,51,29,No,-1
9d41bb7c-708d-4ad3-8453-0627bf0d9851,57,Male,149,14,No,-1
19b59946-1055-4f68-869c-6a39cd538048,79,Female,37,74,No,-1
6943b4e2-60fe-4e00-8aa5-cca42c32accc,87,Male,51,67,No,-1
f33d7418-4740-466f-8580-a7cbea3c4432,33,Male,61,89,No,-1
20fcdd0e-c48b-4245-ad18-7be994045749,71,Male,148,90,No,-1
8ccec6ca-f4f2-414f-b528-0afd76fc5206,41,Female,67,50,Yes,-1
62dbb94a-a88c-4626-ba28-39a069403f10,24,Male,153,54,No,-1
0e65beae-01d9-4131-a88a-d1529ca51a18,57,Male,171,45,No,-1
c538f796-5d13-47ad-bcc9-a86299a3ae25,32,Male,169,39,No,-1
cafd8db6-d5ac-4a07-a2f2-820161a12518,31,Female,181,92,No,-1
738f6a61-38e1-4cf3-9fb6-59b475c7be53,60,Female,128,51,Yes,-1
c9943439-92e5-4e9e-a17e-1086272071d3,89,Female,164,51,No,-1
df2cfbf6-29da-4388-97f7-7be8f3bd0e91,49,Male,76,100,No,-1
af328a34-f1ac-4c48-80b5-23882f4b4211,80,Male,157,97,No,-1
2de818ad-b9fb-4bb1-97f6-8a903253831f,87,Male,181,69,No,-1
a25c533f-45c6-474d-95d1-4e2982c87fb4,79,Male,110,39,No,-1
8d390530-3858-4eb4-b78c-f0e443aaf0a5,23,Male,93,56,No,-1
ae3ed838-4e82-4c2b-b015-2245b1babf34,85,Female,77,1,No,-1
20e1f929-6ef3-4d4d-b24a-86ef54af32b0,18,Male,58,52,No,-1
231f6a6e-5be3-43a0-ac00-7a5e561dcf8d,28,Male,100,60,No,-1
d00ea719-4ef8-44e7-94cd-0ad5fc28ddf7,70,Female,62,37,No,-1
53b43cd2-98c9-4934-a6d2-313f47d90152,39,Male,149,71,No,-1
6c36277a-ddec-4e7d-861c-fe56d10751eb,59,Male,43,70,No,-1
c6cf66e2-027d-4b9c-8a6d-d53a05834ef8,36,Female,146,44,No,-1
8a305e94-f989-49d4-9b9f-0507cee320ec,90,Female,158,77,No,-1
ddbb3f86-f64b-48dd-b4fc-c333ddf3ac51,64,Female,119,62,No,-1
0bc10743-e4a2-4796-9e89-d8d14bb581fd,52,Female,173,28,No,-1
d1a5123a-563f-4f2e-9ff5-1f7e452b8f61,32,Male,174,70,No,-1
2f86a36b-b7b2-47bc-943f-75d51b0dc945,29,Male,128,24,Yes,-1
d596d9d2-3351-4cee-a3d7-f6c43cabfb0e,30,Male,129,43,No,-1
dbf1504a-02bd-4d11-8e3a-59c12656ac05,21,Male,137,24,No,-1
b2fcc49e-31d6-47ec-8d0f-5c019f17ed8b,73,Female,48,21,No,-1
32d3c918-8d30-4586-ab40-d92362e7c088,66,Male,63,40,No,-1
88cd2439-c92a-4f60-9315-962bc0a4ec3e,19,Female,179,29,No,-1
3b7602c1-7a2a-49cb-ac14-0941a5660459,39,Male,56,48,No,-1
92f3c236-8eef-4fed-9b92-04f718b7a487,90,Male,185,55,No,-1
9b63b0c1-2b81-4094-bb30-c6015c6ebcbb,50,Male,42,77,No,-1
e1183352-f0b5-40f1-9a68-25a84e17800e,77,Male,32,76,No,-1
befba32b-2472-4a81-8626-517013e0d4eb,36,Female,102,22,No,-1
d0b928d2-e185-4470-b15e-74488d30be0a,71,Male,113,65,No,-1
7da69ca3-44f3-4549-b72d-fb34c7b31eef,28,Male,196,2,No,-1
f7633ac2-c86e-4f17-beb2-a85550232590,76,Male,81,13,No,-1
22301a98-88a3-4e9f-8a5c-adde33ec64ab,44,Female,57,87,No,-1
58a2bf69-8edc-4bb0-875e-fa8f7231d1fe,72,Female,172,52,No,-1
848afc75-6698-4b90-95ad-89f896215b18,52,Female,55,27,No,-1
d0f58463-7d4b-41ea-91d9-e85a8ce23059,34,Male,69,49,No,-1
1d1565fe-05a5-4195-b3a1-f04f4e9fe5ce,84,Male,171,10,No,-1
9a95cb77-d757-4a97-a5cf-5d7ceed7b346,57,Male,135,46,No,-1
f415514d-a0b4-4249-b551-642606159994,38,Male,69,22,Yes,-1
43568f15-7d21-4676-a66f-58fe035ab75b,71,Male,69,84,Yes,-1
4608f5f6-a8e8-4ada-928d-52762e565b1b,32,Female,133,54,No,-1
14e87180-b6a3-4e85-a60d-54bec474db96,89,Female,149,16,No,-1
f5635307-3c21-4e2e-ad9d-a67507bafb60,55,Male,78,57,No,-1
ce12da44-7bf6-45c8-8a76-2c36d6b0a9de,59,Female,174,3,No,-1
f9f4b6ec-4274-401e-b82c-a3a00fa8a6a5,66,Female,159,51,No,-1
a06896d4-ed75-4fb4-a5cf-a10c7cbb3219,71,Male,33,33,No,-1
0d1fea91-7b6f-4900-aae0-c7920d443d85,23,Female,52,44,No,-1
0ebd3ecc-4491-4471-aa15-a6a0eb28a937,18,Male,187,55,No,-1
c813c84c-057c-4a7d-bf90-e3bec9ce0082,24,Male,115,30,No,-1
7f785422-1a16-4c31-9485-eb1d4e2afdab,21,Male,84,6,No,-1
9f321f62-d747-40e0-84d8-a3fbd0ed4a78,45,Female,149,88,No,-1
e6d3cfd7-551d-48a5-9932-43c6e0a97a0a,51,Male,175,45,No,-1
e801fcff-4bee-4e45-a786-07c12c51477e,45,Female,135,100,No,-1
d93aad6b-4022-46bd-8da8-f58650da1d5c,67,Male,56,95,No,-1
3ae05c20-e0dd-471b-9217-61ccd67bd53d,20,Female,37,16,Yes,-1
b8cb0d5e-77c7-4262-b2e2-42297422d94c,27,Female,119,20,Yes,-1
64162f8d-2283-4a6b-bb12-6d9c04374867,26,Female,193,5,No,-1
40ba130c-d008-4537-8a3e-902190dc3929,90,Male,146,10,No,-1
907099d9-6b9c-4250-91f8-49f90ddf5c00,26,Male,198,47,No,-1
ab102deb-4bad-4429-aef8-f015d2d5245a,82,Male,59,51,No,-1
29ad1249-76db-4e57-b949-ff6b24a9d848,36,Male,185,43,No,-1
a31b4e99-24d7-438a-ae07-6151e8cdb8ad,22,Male,28,27,Yes,-1
5c98dd6b-e7ac-4b23-b60e-94288634ccea,47,Male,159,23,No,-1
61a30408-8221-43f1-a526-fdf0c1502194,54,Male,149,6,No,-1
09581637-dfd8-4da8-af8d-abd2163bc730,37,Female,143,94,No,-1
c8a3c3e2-7aef-464e-aad3-46a79bdeb2e2,60,Female,190,66,No,-1
ceba2360-9905-4fe4-b093-f88a653d5ae1,63,Male,31,75,Yes,-1
3f934639-1ff0-4401-a882-4bf9510131b6,89,Male,164,60,No,-1
5d8961dd-171e-4fb9-bd6a-6d53c44f1fa3,27,Male,198,70,No,-1
3451411a-76bd-439e-899b-d11fb007ff91,27,Female,111,76,Yes,-1
d9aa87d3-aa8e-4001-a91f-4acc984b5dc5,22,Male,108,65,No,-1
f7d8dbe1-43f4-427c-be15-ef16e3c8bef0,56,Male,186,9,No,-1
c9bf2049-7077-431a-b3a9-9d899b1b114c,80,Male,29,41,No,-1
266edb29-ea89-471c-97ba-d8bcceb2ac73,24,Male,78,99,No,-1
d28f10c1-44a6-4510-9c05-98bce56f3b33,72,Male,179,39,No,-1
4d7891c3-108a-43ca-9d49-1ce22e3259fd,74,Male,97,8,No,-1
6baef5cf-99f3-4774-8972-0f85a71651eb,86,Male,95,52,No,-1
71dc96e7-34a2-4928-bf6b-fd64b96c2312,57,Male,166,30,No,-1
fef9a8e4-5bf2-4cc3-812e-194ff8893aba,80,Female,199,40,No,-1
ee2a7ec7-c199-41ea-a07e-99bfcb9d923f,81,Male,162,72,No,-1
db8e2945-03d4-42d4-b7d6-8ddf828411c6,86,Female,172,45,No,-1
7b371826-6984-42b2-9138-fddc55ac52c7,71,Male,106,18,No,-1
306fc9d8-314f-448a-940f-a71db59d9916,85,Male,62,26,No,-1
971420fe-afe3-48cc-b2a6-de8ebdca15e3,59,Male,100,61,No,-1
06072a9c-fe0a-46b8-baf8-95982209f6cf,73,Male,200,42,No,-1
9cfdc790-9c02-44b8-9d2d-19bf25c614c8,58,Male,180,74,No,-1
2ae7ec6d-911b-48cb-9e9b-38f48d5bbfe4,21,Male,173,9,No,-1
ee6f95df-d590-4141-b6b3-d71d4d5fb0f7,70,Female,198,43,No,-1
cae1ade2-e248-4ce8-b81a-63a48017b1cd,33,Male,193,74,No,-1
25a507e4-0b31-4881-be16-ad02de2301ca,36,Male,37,39,No,-1
4689bf9f-8f41-42d3-bbf8-63029dd04d4d,38,Male,105,46,No,-1
813e0594-af60-49b2-92f9-7d23ee921369,63,Male,71,48,Yes,-1
9f3d0fc7-0616-40c9-b011-1f56841ef918,56,Female,107,48,No,-1
73e8d464-6d59-422d-a7bd-e28ec6960e6e,78,Male,21,58,No,-1
64c33d34-e8c2-4b0d-bd30-28ed9b9c01bd,69,Male,92,66,No,-1
9b5c8eb4-7257-40f6-9e02-acd2a91fbbc0,49,Male,60,74,No,-1
0cae6da8-f1e9-4345-9555-7b3d3c6ec829,88,Female,49,31,No,-1
10faae24-d3c8-408a-99bd-1e4f2f1465e3,38,Female,119,19,Yes,-1
79415f6a-0198-4f60-8cea-7f2f7edf8cd7,83,Male,140,54,No,-1
663d0a9f-c20b-41d2-8a64-2fe50944fbad,37,Male,70,41,No,-1
bd561c63-caa5-4a01-a154-fece68049dad,25,Female,59,37,No,-1
6e030b58-6131-4b36-b041-094e1e653dc7,55,Female,47,71,No,-1
b5bc1804-5bc6-4e31-b84c-5afa1636ce0b,73,Female,165,33,No,-1
819e2d17-8e93-4bb1-8199-c41ba30c99d3,31,Male,66,95,No,-1
d8a87531-0beb-4989-b013-b79eef3db0b7,90,Female,143,84,No,-1
5ec9fd8e-c095-4888-9854-f752284a0fb6,18,Male,186,2,No,-1
bec6b969-3d3b-4454-8584-f40c4497f28c,51,Male,57,51,No,-1
4f12516e-d2a2-45e1-a80c-0abe6235033e,45,Male,99,11,No,-1
0a5d932a-a194-4ce3-99f3-9ea5964d48e0,30,Female,62,25,No,-1
d63e87c4-859b-4c13-8161-37b89df85a17,33,Male,149,32,No,-1
9c0723ab-7b4a-43fb-a21e-2334a4d839b0,28,Female,135,46,No,-1
95c2965c-d24d-4146-98bc-993ddb8bf0e5,59,Female,46,1,No,-1
ca32d8e9-02e8-4adf-ab00-ee916bf76d94,66,Male,166,29,No,-1
9ceec476-f39f-4bf7-84e0-460df8e04a06,65,Male,63,1,No,-1
24582f8d-afe8-4e00-8ce0-595eccb6a6a8,55,Female,158,29,No,-1
f76b5472-830d-41b7-bb87-0d14d20c92b8,77,Male,129,28,No,-1
7e75d30b-9427-48b6-827e-c29f3c2ad23e,80,Male,198,96,No,-1
8783458d-5e56-4ba5-b73f-4ae081d97f01,64,Female,59,84,Yes,-1
5b39c278-9377-4048-b20e-f11ae0ac917b,75,Female,53,77,No,-1
708033a0-9a45-4d22-ad7d-85913506e162,74,Female,21,64,No,-1
c110fb40-b9fc-4092-9684-703949c53826,88,Male,105,26,No,-1
5ccdbaa4-f7a2-4cb1-bd2d-23b887aefffc,21,Male,189,48,No,-1
507ebff9-7e3c-434e-978e-ad49b60a1f6b,38,Male,179,23,No,-1
724904b2-aa36-4352-a44c-0ac2dff7fe52,89,Female,43,12,No,-1
5e330158-4f01-4aa1-9167-f34615d98c6d,18,Female,150,93,No,-1
300d98bf-de0a-43d3-9a7a-2ad7d1e40f30,20,Female,70,34,No,-1
c09a904b-b7e9-4896-b16f-548d5cc28194,89,Female,195,7,No,-1
9a3b4f44-4214-43e2-8cda-ff43d958119e,85,Male,82,5,No,-1
c2ece86b-da04-4bbb-a964-c434f5442366,71,Female,97,58,No,-1
1028c509-d169-42ce-8881-7055049f71ca,71,Male,22,39,No,-1
f6e27e04-1d31-4ded-afc5-16c6cbd57ecd,28,Female,82,26,No,-1
08fa7759-306b-4063-82cd-ee365d2d550b,81,Male,45,3,No,-1
19fefe48-c1f3-46b4-9ce1-34709d168e62,83,Female,150,93,No,-1
86499697-8e20-478a-a31f-0f59d692dc5b,39,Male,66,14,Yes,-1
039a9d3c-fa0b-42fc-82fb-b94fc7acd326,50,Female,187,76,No,-1
7c68c718-4eb7-42c6-a616-ad97af251f0a,63,Female,57,21,Yes,-1
72aa80bb-185d-4e08-8e55-34a8771b0cba,88,Male,189,56,No,-1
a267af23-f88e-4fc5-9c2d-2af8210d1ffa,87,Male,82,9,No,-1
43cb0f79-49d3-4b80-a94b-a39226efe727,38,Female,175,68,No,-1
e820bc66-27a2-4502-be90-b7ba837bd571,60,Female,199,45,No,-1
3d2d7bd8-114c-4d56-9ce6-b389294b7d3f,76,Female,102,43,No,-1
05b83c78-1caf-45e8-81b1-5176a1b4c035,76,Male,129,1,No,-1
56f4e797-1830-4ba5-81a6-a9905859622b,58,Female,194,53,No,-1
a651cbe3-1c64-4401-b372-0af2e7ce4e39,24,Male,81,35,No,-1
9d20b009-7681-4c50-b04b-33be0a0d3e32,22,Male,169,10,No,-1
2ad9b4a8-b355-4e18-b78f-0c30747b0eb7,21,Female,178,85,No,-1
bc2764c2-e654-4a86-9f0e-d1782fd86b30,30,Female,42,46,No,-1
911d3cb5-7e5f-4da2-b9f2-a8ced9e2c12a,89,Female,110,61,No,-1
9e37c31d-e57d-4c9d-9831-bf6c32feaeef,60,Female,99,21,No,-1
c2249d91-255d-49bb-b0a9-d8ad46d8c5fb,85,Male,142,97,No,-1
dcbaadcb-de1a-4da0-a55f-41339448bd16,65,Female,67,29,Yes,-1
98acfb05-45d9-471c-9d4e-6f972abce801,57,Male,51,47,No,-1
1b7e8d3c-0d4e-45f4-9a87-3133840323d2,67,Male,95,3,No,-1
1f6ae3ea-ed06-4a28-9132-bafa66b9d0a6,62,Female,61,82,Yes,-1
3658c8c9-2ca8-49dc-9b87-ba6c92a512cf,71,Male,150,38,No,-1
a2afcc0a-e2ac-4926-98cc-d4250760eaba,31,Female,122,43,No,-1
fc592c9e-d850-4292-8924-d383d47c8c72,73,Female,189,21,No,-1
e2b50d76-e5d4-4ea0-a85e-0648ac990029,57,Female,38,2,No,-1
40639d49-7b4d-4a97-ab2a-2ad9ca09d52b,22,Female,63,42,No,-1
7df52657-7a0f-49bd-a627-d6fe236a161e,68,Male,108,63,No,-1
ecf94955-c200-471e-8cee-d5558d73ecd8,23,Male,153,17,No,-1
e92e7a3e-5c58-4db6-b997-43f02109f73e,74,Male,83,41,No,-1
cf01dbbc-2b3a-446b-8c35-074565b27c0a,48,Female,48,39,No,-1
af87b8cf-d1f3-435f-bcbc-646d394280ed,69,Female,162,94,No,-1
21b2f700-60f0-4d27-b003-3bf25ad97a7e,29,Female,25,8,No,-1
306221ed-a1b5-4d71-bd1c-e9401255a934,79,Female,182,59,No,-1
6e75783e-0c53-4bc5-9379-74759c6c6f17,26,Male,59,50,Yes,-1
1fc87716-b4c6-4986-8bb3-59acda82378e,60,Female,50,1,No,-1
700b55ff-d259-447b-afe1-b0ce6d7810cb,38,Female,33,6,No,-1
53b4d32a-28d1-41a2-bb05-7586c5ab66e2,81,Male,147,30,No,-1
bbfc56ab-2183-462e-963f-45a0cc7077cd,46,Female,166,56,No,-1
8d91f8c7-f04a-4552-9db6-a2d0711d610e,74,Female,50,60,No,-1
2d4a1c2d-8b3e-4432-87e5-a6195dabd24c,84,Male,134,38,No,-1
21370ccc-6496-44d6-8a4e-10bbb19afe05,20,Male,43,65,No,-1
12b62cc4-d2f5-4ebc-809e-63115f0a3d75,49,Male,151,16,No,-1
6ac670c2-a10f-41b2-9ff6-7f9941b9e33b,39,Male,64,23,Yes,-1
faf5eada-1b01-4d2e-bd98-f115f0934bcd,69,Female,79,50,Yes,-1
39b7a23b-1860-4358-8c30-e0e71c508486,86,Male,48,44,No,-1
b15cf8ab-430c-4b3a-b68d-f33abbe9b4ca,67,Female,66,90,No,-1
5999b712-366e-4edc-a864-a5cc5620bb73,75,Female,148,36,No,-1
56c6c8fc-474f-422b-a044-3dfffcd36adb,49,Male,138,77,No,-1
10078039-01ca-431e-b1a3-3dc147512855,78,Female,129,45,No,-1
50926323-bd08-4cd0-bc7d-58ad30d7046f,45,Male,45,48,No,-1
d8cd5153-a99c-4245-84dc-c7a96ca84e21,71,Male,152,42,No,-1
b61cdb7b-d9a7-453e-9599-dc1d5979d76c,54,Female,117,24,No,-1
4a5d87b4-376b-42ed-9c61-91b25b0bd1c8,49,Male,143,51,No,-1
ef9b172e-eeb6-456c-9cf7-f7d5c8389047,33,Female,120,71,No,-1
0f3eeca2-7c74-48f3-ba75-f6b44dfae065,59,Male,87,78,No,-1
39ef3b39-b649-4715-80c6-d961f98d66b3,65,Male,169,49,No,-1
b3ac8163-1988-4beb-a5f7-ad95409b39d4,48,Female,103,18,No,-1
22b5ac08-ff1e-47f3-a771-bb2350003fb3,61,Female,22,57,Yes,-1
e964f891-027c-4f82-a5c9-73ef60d5f8d2,43,Female,160,71,No,-1
1e153c88-9b23-49c9-8b68-106d24cb3308,45,Male,54,36,No,-1
f8a8073b-828c-44f6-b605-d1e969394abe,21,Male,152,18,No,-1
a7383ce7-3591-4c39-89a1-e08903aab145,45,Male,129,15,Yes,-1
4ee84a53-ddd9-43b5-a1ca-5da2a05c6bf7,53,Male,47,25,No,-1
dc23946e-298a-4503-a3e3-f218ce9fa740,42,Male,153,41,No,-1
c14e8c33-c689-4063-b9db-0eccfa60c2f6,79,Male,160,34,No,-1
ee46bbf2-561f-4be5-85e4-86504885e83b,84,Male,36,30,No,-1
16fc8b03-5f1c-457a-be7c-d229722fd62a,36,Male,121,16,No,-1
8312ea80-5f92-4e15-af6d-0e0bd276798c,88,Female,184,1,No,-1
a65dbac0-175e-4e32-841e-b454b5f75836,58,Male,54,29,No,-1
384c4e9e-fa4b-40ac-8888-136d06628cae,59,Female,134,56,No,-1
b7adb911-571d-43b2-bd85-5d6ab339a4a7,65,Male,47,7,No,-1
0fa8b841-5dd9-40ae-bd30-e2d2d13ab073,81,Male,173,18,No,-1
7f0154c0-a890-4c8e-82d7-eb745ceef822,26,Male,147,50,No,-1
064d4672-8762-49ee-b21f-8e5bbc73566c,50,Female,34,76,Yes,-1
fdcefbae-9aa7-46e3-ac75-ed0c13747591,81,Female,57,46,No,-1
51f02760-1e6e-4354-a8be-172b91c25772,77,Female,152,36,No,-1
cc79f52d-e532-43db-b59a-a76e1742ffb2,35,Female,99,41,No,-1
d9683152-fbc1-46ed-84f0-a1626e653caf,62,Male,39,100,No,-1
88fd17b8-aa80-4d4b-823b-85af417732c4,45,Male,92,38,No,-1
46ddc781-c902-4afe-b7c1-597b22e98ba0,55,Male,130,24,No,-1
628e4689-bd69-4d0b-98c6-1202b13ba7e7,50,Female,95,68,No,-1
892b622c-7c8d-4bd4-86b2-6539242a8e52,53,Male,151,9,No,-1
552c1d64-8b05-42e5-b0b8-6855bd035f8a,69,Female,95,14,No,-1
b7751ecd-3dfb-4345-b649-9f6d97eb5b98,60,Male,178,86,No,-1
031558ed-d00a-4552-83b8-88ccd0c8c2cb,89,Male,42,42,No,-1
141aeed2-4a73-456a-a315-a5d47a7c3d03,33,Male,79,3,No,-1
0730669c-0188-4fbd-b5ce-e4c8204ac239,50,Female,109,4,No,-1
11feeda6-52b3-40a0-83ca-e2c5421a08c4,19,Female,50,70,No,-1
15d4c573-b472-42d8-be9b-eb9b50f3853c,55,Male,141,7,No,-1
c3235ad5-4067-4fdf-8624-91b74b8ca74d,77,Male,194,59,No,-1
083dd542-e47b-482d-bb30-359db7f423b6,41,Male,176,44,No,-1
522ef0f1-66a0-4e43-a604-ebb096a1430f,85,Female,184,56,No,-1
e302a989-94c7-4583-bd0e-b182abb552fe,70,Male,166,36,No,-1
b3b471d6-d055-4747-ba06-3f90ecba97a5,35,Male,97,77,No,-1
cb0778d7-2794-4630-90ab-6457c6496895,40,Female,107,85,No,-1
c66aedbb-d853-4ff9-a34c-c0601caa35f1,67,Male,109,64,No,-1
642358d9-2752-4050-8bcd-ed93067f085f,63,Female,175,35,No,-1
a4924013-698f-4da3-a6fd-d0e827132a6a,48,Male,49,69,No,-1
55459e4b-a000-4ead-9f2e-e5d65ad7a769,41,Male,172,22,No,-1
8ff71536-bca1-4756-ad37-13793215c030,67,Female,92,7,No,-1
2f385fe4-47bd-423c-8dd4-f5a169e8d514,89,Female,189,60,No,-1
ec27068f-7fa5-49c1-bd5f-4a106ae4d4dd,84,Male,174,23,No,-1
0b1d78c2-e0ca-4643-bf3c-6b69e3a72633,46,Female,55,22,No,-1
f6d4914a-275a-43ff-a18d-c57824441d24,40,Male,138,11,No,-1
56f55a0a-0566-4788-afd8-f6357e244c18,38,Male,168,93,No,-1
54c5b997-dee2-4a12-88ce-18c21134b67c,60,Female,190,94,No,-1
bf191795-dfd4-48fa-93c1-4fc445df0fdd,58,Female,94,42,No,-1
2cf4d427-ea30-4aaa-99b8-83c6d44f92ed,49,Female,91,39,No,-1
5c82c8e9-f187-4387-a1de-694f48e95f5e,62,Female,50,28,No,-1
db3ed60b-a17e-4e98-a927-71ae493ff126,83,Male,44,80,No,-1
a478c650-77d2-4eea-9765-231d06626b7c,48,Female,182,85,No,-1
78820846-ad3e-4f6b-a605-0591385897de,77,Male,183,70,No,-1
d6c9fc99-b679-48ac-a8c4-02c74837c1fc,79,Male,121,11,No,-1
8cacfb57-9a7f-4ce2-b524-315ed08a2b50,89,Female,172,57,No,-1
86423b1c-f276-4d6e-979d-d42f45cca67b,72,Male,64,95,No,-1
0447d657-1cef-4a8f-a997-8bf097e8ff63,26,Female,109,36,No,-1
bb05ef5e-7591-4f12-b998-ba471604d994,44,Male,89,16,No,-1
5614bea3-5cfd-409a-b160-af14bcf37b00,56,Male,151,19,No,-1
1e8bfaf6-a97b-43b1-a299-43ecacafbe31,70,Female,69,13,Yes,-1
7e53e0e3-d496-4f54-8e36-8d55382b925a,36,Male,170,44,No,-1
b6c6be5f-8711-4b4c-82f9-f1dbbff994b8,75,Male,84,71,No,-1
418d4232-db2c-4921-96af-2ac005e0da2b,54,Female,146,81,No,-1
30115de9-2f8c-4b66-bacf-7cf8b05be3dc,25,Female,38,26,Yes,-1
ec51738c-f173-4d5e-b95e-41945b80433c,36,Female,130,59,No,-1
f21b23b0-b171-4c63-bd16-61285d11c4b0,64,Male,142,8,No,-1
e610121c-708c-4c6b-8ead-06c6f0b168d1,64,Female,114,22,Yes,-1
1612bc50-d236-4431-ac3d-28bb2117197a,21,Female,183,66,No,-1
d454e5eb-a4fc-4fdf-a1bc-1751c2f37add,57,Male,91,41,No,-1
d85b4821-3543-4ae1-be4a-efe637f50c27,25,Female,44,45,No,-1
c2f1cb7e-29ba-4f2e-9906-a2dae8e7614a,47,Female,169,34,No,-1
cb3665fb-e26f-4396-b229-7176a7b57398,25,Female,117,27,Yes,-1
a6e54b08-4678-4d23-b00f-6909c4e4e27e,20,Female,147,46,No,-1
21d82345-92a6-4b39-ad7a-7f0358a44f77,34,Male,36,7,No,-1
e94a43c2-cfa4-419f-ae7d-652bcef42133,53,Male,135,57,No,-1
8211ee02-eca3-4951-9afe-fcf7691f7609,78,Female,156,92,No,-1
8470025e-1f16-406a-91e6-036ad837abf5,46,Male,158,33,No,-1
8eee0677-2b87-4549-b2ba-6147a4bd307c,43,Female,50,7,No,-1
80b9d8fd-2cac-448e-b82d-e521d69e8c83,79,Male,193,54,No,-1
e13cc5f4-c481-4497-83e3-e31c62aa3c3f,68,Male,189,37,No,-1
a9c8f0a3-54fc-4610-887f-0780d2753ca5,87,Female,180,89,No,-1
cde8e919-6bd9-4651-b0e5-82b017d3f771,42,Female,41,39,No,-1
069ed68e-651e-4f2c-b2bf-d69acced7c83,85,Female,104,34,No,-1
89153cc7-57ce-4844-a54c-c0f2ece80aa4,56,Male,87,70,No,-1
0b22d1b0-a5ac-475e-b06c-04e4e716e50d,72,Male,140,19,No,-1
1b22a98f-f1d8-4851-9c03-b806465b2eb9,48,Female,145,89,No,-1
9722ab99-a891-461e-9e64-f408c47c1bde,41,Male,107,59,No,-1
09c7d05c-fe94-487e-8bf8-c1e8d0316fae,54,Male,101,21,No,-1
62ebcb47-a4c8-4190-8046-226a7e92b30c,45,Male,77,32,No,-1
b9912958-2f0b-4081-9ca1-da8bdcb48e22,62,Female,110,25,Yes,-1
678a3ce6-f263-4744-8df8-5739583008b6,22,Male,192,93,No,-1
3130f9c3-18ec-4981-ae1e-23e5831e76b9,77,Male,59,93,No,-1
12f9a9ff-289e-49a3-bf42-571e18976da4,66,Male,142,96,No,-1
b1e6d25c-ff58-41cb-82a4-95a6041efd67,26,Male,178,65,No,-1
268efe9a-de99-450e-8c00-80544f323790,54,Female,66,37,No,-1
31142d72-444a-4865-9830-06bbfa007e19,18,Male,80,51,Yes,-1
89a13e65-8b75-4d73-a742-ec39a274ddf3,64,Female,29,9,No,-1
ea116d87-85cd-4f62-8c6b-5c15abcbe7da,83,Male,41,28,No,-1
a9ffd94f-8fde-4ab4-80a3-039196c5132c,84,Male,163,57,No,-1
0d0b4e9f-76c2-4d85-bbf4-48c3a490491f,62,Female,29,77,Yes,-1
3fe82c76-30d4-4c4a-90bf-bbe3059d8f56,84,Female,103,49,No,-1
6c368444-c7d8-4243-acca-5f9a0d7d9c4a,58,Male,65,20,No,-1
985c509f-8926-4e56-be56-5a48f31488c6,71,Female,36,11,No,-1
055067f1-2417-46e1-914a-fc4e3f2ca0a2,50,Male,110,69,No,-1
8434c0f7-e5eb-4992-8c65-347c7e086171,50,Male,156,82,No,-1
9dcdeb81-91ed-43f1-8025-e5f5b30d4b4c,74,Female,112,42,No,-1
d0fc0de3-a054-42bc-8b62-a269ab845892,26,Male,179,1,No,-1
bcd73617-d05d-4f39-977f-776fd7ecaa73,51,Female,177,83,No,-1
61194085-cebe-4d75-a57c-1950c963a472,60,Male,79,64,No,-1
cd0a9668-3a40-4b21-b73f-f029cd10b926,25,Male,163,3,No,-1
2a5750c4-492f-4585-a79c-3f45f230162a,22,Female,166,67,No,-1
dc7e3c6d-e910-4995-8b94-718de7e42963,82,Male,42,60,No,-1
b10a8f06-614c-40e7-891e-02f64d094031,42,Female,91,79,No,-1
f13a7e54-8def-46eb-b867-665d646d7fbd,53,Female,27,100,No,-1
6f394252-a30b-48e2-a3da-ab4ddfd61e24,39,Female,189,23,No,-1
76c8560c-0038-4624-aec2-1d8e0f28c9c7,56,Male,29,57,No,-1
4349a405-9d8b-48d1-be77-cf390b66f2b6,42,Female,31,82,Yes,-1
82b60aa4-a682-4a04-9cb8-7d6794ae1969,38,Female,192,99,No,-1
98001ccc-a6c6-4141-bcdf-949e724f4eeb,70,Male,34,14,Yes,-1
1cd4685e-9caa-4a18-9594-2865ab567db3,73,Male,58,38,No,-1
0dc4abb6-a485-4444-880c-424d4ccfc112,31,Female,58,97,No,-1
be662e8d-50ab-4b0e-9993-a4c66554fe23,41,Female,76,30,No,-1
1816fa16-ad9c-4b72-8c20-5c18627dc706,38,Female,168,89,No,-1
7e173e7e-4800-47ee-b187-11c6144cfb9c,79,Female,158,86,No,-1
36cffeae-1e47-4399-af39-365bd4f3f013,71,Male,192,5,No,-1
512350eb-6775-4334-be9a-cb44347b55cd,76,Male,38,5,No,-1
7cdb9fa3-20ec-4051-a3ea-431bcec1278c,82,Male,59,85,No,-1
6e97d4dc-ffbd-480b-9f6a-f783b2da4450,42,Female,58,36,No,-1
f1f28eef-570a-40fb-9ebd-512ff501f068,50,Male,60,22,Yes,-1
2a3ac8cc-935f-4558-a283-22b40a8b04d9,72,Male,182,36,No,-1
0237a2b8-dd90-4013-acc6-5ab3ef7fc514,23,Male,56,89,No,-1
5b4b2f7f-f3bc-4277-86ab-cc8402be51f0,85,Male,23,48,No,-1
1a8cebc7-f1b5-4e91-bb1b-abbe1d52be2a,42,Female,168,29,No,-1
01df1743-b011-481e-9f5f-8470e19307f2,83,Male,170,84,No,-1
c6fbdee5-3552-4acc-8b5b-0b1e8777b5d4,41,Female,30,43,Yes,-1
a9d2ab98-ca7e-41fb-aac7-b48f6de34a16,25,Male,181,88,No,-1
6eb9fa0a-4dc7-4c39-a850-2f08421300d0,81,Male,71,54,No,-1
b39166d2-5f64-457b-9767-2b5088015d46,31,Female,168,61,No,-1
7f374664-be17-4c1c-b174-a1a20cc7f228,36,Female,172,80,No,-1
75a20293-e3f4-4c4c-add0-d372aa0fcc12,44,Female,149,98,No,-1
6ad5252c-4ff1-403b-87c4-b939edd495e5,89,Female,86,53,No,-1
f57f5455-b9c3-4e5a-a4b8-1cfaeb8bea77,63,Male,173,54,No,-1
5f95814b-4559-4627-b3bb-eff8fd96e08c,83,Female,156,83,No,-1
ff5feac3-a919-421f-a19c-21738ff1a8c2,81,Female,168,81,No,-1
f5dbcd9c-99d1-4cf9-b123-204a7ed74623,43,Male,190,76,No,-1
9bc82d88-4215-48c4-8991-23a0c63216df,84,Male,155,69,No,-1
513e00b6-fff5-4383-b82b-55aebedcfb7c,65,Female,117,20,Yes,-1
bdc8c8b2-0afb-4d76-be41-01ac3910015a,24,Male,44,23,No,-1
03d45c5b-a991-49b4-a111-7be49a5d718c,40,Female,57,93,No,-1
2c5d3d10-3d2a-4456-a0a5-e82ced51159f,29,Female,139,91,No,-1
74145541-f11d-436a-a4f1-4b1c2362287a,47,Male,150,50,No,-1
6bb4ba9b-4689-46f4-bdbf-b7d88105219a,33,Male,187,99,No,-1
15ef6c00-b23a-4d13-8955-e0eb1b0a8363,27,Male,170,53,No,-1
8f51f32c-7c0b-40f5-b4c5-df22c81290ca,90,Female,139,15,No,-1
769181d2-f5ad-4a8a-a58d-375629907b62,27,Female,142,49,No,-1
cc3c8fac-8866-404c-914a-55467f17e75b,42,Female,72,86,Yes,-1
ae816428-8b2e-4286-98ff-02d3e8208e4a,60,Female,21,84,Yes,-1
c834b363-f776-4e2c-b080-7316159ae7f2,45,Female,104,25,No,-1
c6dd6408-cbef-4d6e-953b-12637b0e019d,85,Male,156,56,No,-1
d882f89f-e6cd-4843-a7e2-698f708aa5cc,25,Male,75,60,No,-1
e66b920e-d127-48df-9563-ee4b22dd1570,67,Male,31,78,Yes,-1
e9d906df-0b80-470e-be7e-a4ab81df9686,75,Male,86,45,No,-1
41e72687-7ab3-456e-a145-6933be0c3139,71,Female,150,99,No,-1
8d3ed208-84e8-4b64-9777-8e6ced671c3f,22,Male,173,70,No,-1
40b0b8f7-aee3-4323-b4e3-4cb49a1d1ca9,55,Female,155,27,No,-1
5415defe-3a28-4fb5-b1f9-56b92265e041,69,Female,178,2,No,-1
3aa96bfb-1aa2-460e-b283-da6b9a502540,58,Male,158,46,No,-1
fa86b1b1-ab56-41c9-b75f-163e8b304bc3,43,Male,199,5,No,-1
603ed91b-b6a6-4dcb-9e98-48d49304446c,75,Male,50,38,No,-1
be52d057-d222-48d8-bdf0-80f5c24d5590,34,Male,169,65,No,-1
6981a652-c21a-4bf5-b879-ad6a482636bc,81,Male,78,5,No,-1
b7dd4671-fb94-4351-b422-29887d60152a,31,Male,177,71,No,-1
9d7b2c29-e7f6-4d4e-92f2-2e4621676fe7,24,Female,47,37,No,-1
df84fa5b-55e5-413f-8349-73749843f178,88,Female,86,36,No,-1
27179810-7f76-4183-a226-e03c2c4052d0,56,Male,60,80,No,-1
fcebaa2a-45aa-40e5-850f-b77aa4872a34,80,Male,154,10,No,-1
f157cff1-c37e-41b0-86b6-39d7d4350ba4,33,Male,187,95,No,-1
74695b24-87d0-4092-9152-1669f606412d,39,Female,135,53,No,-1
c5c8c976-7069-4adc-9ca6-7affff0b1833,87,Male,172,45,No,-1
70ddcfe8-7ad2-47d2-af3c-c1c2462031d4,78,Female,57,46,No,-1
0ce2f0b3-6cc4-4a3b-aaa0-234a76101c09,25,Female,164,49,No,-1
e56c8b0c-64cd-4f4f-b806-5f0d0c365532,88,Female,102,57,No,-1
73ad802c-f6e0-4d2d-833c-d5338a97d9a5,76,Male,68,46,No,-1
cc8a6caf-b191-4cd8-92ff-a11f6a3df7cf,41,Female,83,11,No,-1
51a1417d-7662-4650-b6df-eb940747554a,39,Male,85,40,No,-1
071b1bd2-a161-4ace-8d44-8ed038a23f38,29,Male,192,91,No,-1
644a20b3-0872-4567-94cc-14ea109e5c60,81,Male,178,82,No,-1
843356de-ca01-4e47-9f6c-8607d313f300,70,Female,184,65,No,-1
302318f2-c705-4ec6-b4f0-cb6756c4aebf,18,Male,73,15,Yes,-1
ce42aa3a-3a8d-4cae-b8e5-95f3a10c2333,30,Female,176,93,No,-1
47bf03fb-5bdf-4f2b-8463-34ed2e3a3904,90,Female,103,15,No,-1
425dc651-c9d0-4209-a6c4-ad9a0aa28b74,81,Female,45,41,No,-1
a1192eb3-738c-4745-bd8e-5c1863804df6,74,Female,29,33,No,-1
a13689e0-7ec0-4d53-9072-07573b928af9,31,Male,172,36,No,-1
77c4812e-2dda-41fa-81ef-2e148e25c490,32,Female,20,58,No,-1
7b715614-c799-4ce0-9ac2-f9872fa3a085,47,Female,150,31,No,-1
137eff25-745a-4e26-bdcb-338d3f23de00,85,Female,133,93,No,-1
06c7b268-8656-47c6-af00-2ad82f4f3035,30,Female,126,16,No,-1
e79c088e-8be8-4e88-8fe4-d0840eb7b725,39,Male,126,41,No,-1
ff93e682-f29a-4d2a-90d3-547d280ffca7,26,Male,48,37,No,-1
98f5d6b6-84a3-4475-9807-d60df48f655e,54,Male,148,15,No,-1
92895176-2cf2-4ee6-8060-8b58f1f67974,38,Female,34,75,Yes,-1
dd37f6a3-1cd2-4643-80ba-36f62c19ef86,20,Male,59,94,No,-1
a24cfb56-ac4f-456a-a4fa-dd311a2ee81a,56,Male,127,60,No,-1
1b53356b-1156-4a66-94be-59e3d688c0f7,32,Female,111,67,No,-1
0bc1cb82-9b2d-428d-b535-8822d7a67c23,43,Male,33,51,Yes,-1
d7cb3d60-d5e1-48c2-a9cf-a27eb44ce696,58,Male,32,79,No,-1
fc5a37cd-6b30-44d0-b660-f134d165f6e6,38,Male,187,1,No,-1
7c2583dc-72ea-4b4e-bd57-6209c7b47e6d,19,Female,33,76,Yes,-1
af1d9bda-d0b9-448e-9fe0-07a147df68a9,63,Male,189,21,No,-1
8d8f8c2e-15e8-48c9-b7b6-189b613afe6d,64,Male,150,80,No,-1
9b538a99-7d33-4967-bebb-a813b7178b8b,43,Female,156,38,No,-1
527196c6-66e4-4f9e-8da1-c3cae32524ce,88,Male,47,14,No,-1
47044aac-9bde-49db-b19d-c450be8f19b2,44,Male,104,71,No,-1
6fcde056-7e41-48c6-8f2f-f056e8dbf654,77,Female,151,36,No,-1
c8176bf5-0f7d-475c-9f61-9636329b3eb4,87,Male,23,58,No,-1
8bd8bb30-1933-473b-a560-0315f505d9ec,31,Female,151,91,No,-1
dd78495f-55a2-45f5-bad1-79f3b7a706f2,40,Male,50,77,No,-1
a3b11006-a0e4-4253-8e43-7aefca00c2ae,89,Male,193,10,No,-1
f1a15234-c3f5-4bd5-94b4-a7dec161f9b3,18,Female,170,52,No,-1
21478e0a-ad85-4886-9e51-6f74f15ff100,40,Male,27,54,Yes,-1
0b01fed9-b6a7-4bec-a030-9956d85b349d,56,Male,117,55,No,-1
58d6d30e-eaee-4502-9990-0a339ad1792d,26,Female,126,17,Yes,-1
b4f58bca-536c-4378-81c1-d5cf639d31aa,39,Male,167,24,No,-1
f28516da-5f5d-4e60-a9f0-0c263af7b496,26,Male,50,71,No,-1
b26d740e-018d-4e20-b0de-dd1dbc8e576f,40,Male,177,60,No,-1
5ee38180-3211-4bdd-b605-47d878d4ddda,30,Male,116,18,No,-1
d0c48e46-df15-4248-a702-b17d02ddd678,69,Male,157,97,No,-1
8cb773a1-428a-4d0a-a076-2a510ea21bec,70,Male,160,63,No,-1
e8a55350-2748-4fdc-938c-547502a56b94,53,Male,37,17,No,-1
8a97b38d-527c-47b6-b115-5d97dc06f360,84,Female,132,82,No,-1
47eb373a-cd2b-492f-86dd-326a39eef927,21,Female,63,95,No,-1
1e8b4b31-6ba5-4f75-a59c-d022ca7b111d,85,Female,37,26,No,-1
970f2664-75f9-4662-a515-facf09408d4f,39,Male,41,100,No,-1
1c2bed3a-4a35-4b64-b599-0bde98a2e052,30,Female,179,67,No,-1
7887ec20-cd52-4abc-b1bf-22084c726a85,44,Male,183,76,No,-1
d9ff5dc7-eafc-4deb-a05d-efffffdf01cf,22,Male,29,9,No,-1
fa25518a-9307-4c7f-9ad2-df65f9f16576,39,Male,48,30,No,-1
49a32033-2b53-44da-aa57-c8b0d06693e8,29,Female,164,53,No,-1
9bb47821-0932-4246-8d2a-539411f1603e,62,Male,110,36,No,-1
7fec3186-9e90-40e9-b6fd-9601d664c749,52,Male,168,93,No,-1
1530794f-52db-443c-8488-26c7dcf4f864,54,Female,68,17,Yes,-1
ad03ee9f-a38d-419e-b6b2-150a3c8b05b1,61,Male,179,56,No,-1
ca5bbb88-574c-4a47-b8d5-992dd6c4b4f2,49,Female,94,66,No,-1
ccae417d-8e38-492f-941d-4ed0ee2d1eda,59,Female,34,24,No,-1
3ec9b0c3-15b8-4b43-8c5d-257852b1903f,86,Female,171,33,No,-1
2471518c-96b3-4e70-8bf0-f6ac45a94873,76,Female,112,52,No,-1
1a627438-143d-4eb2-89b3-5156a3c9e551,53,Male,113,56,No,-1
1b61acc2-81ac-423a-94b3-1e43c533aad1,79,Female,179,13,No,-1
0b14d686-3deb-465d-8dec-3dc9e3bd0716,29,Male,94,35,No,-1
51f16f98-fa03-4a79-aa2e-ca9804272627,77,Male,71,47,No,-1
9b44a887-3c91-47da-9a57-6e9288511bfc,40,Female,52,39,No,-1
635958f4-51b5-4204-94f0-56cda47b5cc4,60,Male,49,50,No,-1
7fb6fcd3-d1cb-40b3-b2de-2c6ec9d9ae2d,75,Male,31,6,No,-1
444f5a57-fab2-42a8-8243-ea926937e934,48,Female,38,97,No,-1
0eebfd40-4a36-4ac5-92bd-a758a445340f,19,Male,147,8,No,-1
c9188c48-1375-4119-ae64-1246c6895d0b,34,Female,25,8,No,-1
ba12c49d-a589-48cc-8744-3e911dc35384,61,Female,152,73,No,-1
4a695848-b7b3-4cd3-b34a-4b939788c2a8,27,Female,52,13,No,-1
f8fbdd81-8e1a-4b55-ac27-d12fce4104a3,73,Female,20,48,No,-1
4317f10e-7455-43e1-8f51-7f4ffb1d1248,26,Male,171,2,No,-1
2d6fc652-36f8-458b-b2a1-55df6a5ff392,19,Female,132,17,No,-1
ce0d4cf4-4086-4b01-b27c-90e5c0722097,52,Female,141,53,No,-1
2ca8c4de-3f3a-45eb-840a-bcf8bd8e52eb,88,Male,179,91,No,-1
b5bbbdba-61e8-4bb3-9251-d3799039654d,59,Female,135,20,No,-1
12ddbefb-32c8-4b17-a695-e6bd79a73ea7,60,Male,63,100,No,-1
8374cdfb-b9fa-4ec6-8be0-ae88b01c1656,86,Male,82,25,No,-1
679de2d9-f5d5-413f-b8c7-f28f298a8cfa,72,Male,186,89,No,-1
bbd8f2a9-38d6-4ba2-a27e-298ffec36f51,29,Female,99,7,No,-1
28052bd8-df88-4473-9c4a-99855a11efe4,41,Male,184,56,No,-1
e8d506ca-c316-4205-af19-84f99ee50ca7,61,Male,33,79,Yes,-1
3c036622-0520-4450-9a85-98ae7872ad02,27,Male,177,57,No,-1
27465bdd-6de1-402f-8c0c-6ab025524b67,77,Male,81,63,No,-1
a93de2af-2f3d-4cd8-87e9-58a3d9fc8c1c,53,Female,181,29,No,-1
70755501-6585-4971-a0d2-36aefa2d5bea,78,Female,174,61,No,-1
cdf98713-31af-440d-8165-433a000a3925,85,Male,174,73,No,-1
b2bbfbfb-aa7e-4208-8c7b-87b83dddc68c,65,Female,178,45,No,-1
786acf53-bdc2-414b-9690-d93b7f95ac0d,78,Female,112,52,No,-1
6f9aae66-9ca6-4a0f-861d-b6dfcdda51fa,83,Female,41,23,No,-1
ff70bce2-0b15-416a-af61-2ba845764ec3,35,Male,47,34,No,-1
d0e0a084-27f3-46bf-be19-aa88eb7bcf7b,47,Female,91,29,No,-1
9b4fd09c-5e9e-4f1b-ba9c-71648af85cb4,68,Female,97,62,No,-1
bd597f25-149a-4caf-8648-b9a96405b894,70,Male,73,53,Yes,-1
d8a2652a-18ad-47d3-bd16-f803c55b3d0c,53,Female,182,57,No,-1
7147817b-8d9f-46e1-84eb-e2e2aa930080,49,Female,93,20,No,-1
3ccfa46d-ef84-4e43-921b-348a9ee8275e,26,Female,50,92,No,-1
c6b9926c-54ee-4dc6-9b39-2399ba7e8df6,22,Female,173,48,No,-1
02de202b-2461-4a7e-9563-ec19bcdc4bd9,51,Female,94,85,No,-1
f72edd27-d897-47e9-96aa-fb81ad872c50,77,Female,187,54,No,-1
dfbb875c-a475-45d5-b4a8-d21c0e9a5f1f,21,Male,109,56,No,-1
0178f60e-311e-4b52-b1d2-9dc4bafc1b82,32,Male,146,11,No,-1
c46641ed-709b-4f72-9cc4-a52c1ee30cd4,36,Female,51,28,No,-1
231eba38-37d2-413c-a5fd-8192312a00b4,37,Male,108,79,No,-1
f2c2b761-0771-46d4-9037-5545a461bf6b,27,Male,144,85,No,-1
a2dbd9f9-be48-4dd4-b9ba-a9d2ff096cc0,34,Male,180,75,No,-1
77829a82-8b5d-424d-b60e-b627d80a560d,46,Female,49,2,No,-1
786725a4-5fd1-4106-bd55-2d8cc3de5e31,87,Male,170,40,No,-1
9d1184fc-8ef2-40f9-9f4e-2dc2c22aad36,85,Male,44,45,No,-1
02ae5fcd-ddb6-4a9e-962f-b0903bfb3e09,51,Female,55,15,No,-1
43978224-3b76-44d9-893f-dcac01befe24,56,Male,177,42,No,-1
e90a5a29-bb56-4db9-b275-bd40c89f1a79,69,Male,60,95,No,-1
6bae1c03-b52f-462f-92cf-a1ebb4df1128,29,Male,179,72,No,-1
00629720-efa7-4211-b911-cfa291819495,54,Female,167,3,No,-1
19674f52-dff2-4621-8800-c33497dd8b9c,24,Female,177,29,No,-1
5e28f56c-9f2a-4f30-93e8-7efa3d385ef5,81,Male,164,42,No,-1
c0cf83ca-d1c2-41b9-ab51-c3bb579f6592,83,Female,133,20,No,-1
af737e4a-49ce-4496-aaca-7f4d225cb1f3,46,Male,151,48,No,-1
ec534586-3f48-49d8-93e4-3d932c0d0142,27,Male,92,38,No,-1
25fb65e2-d0a5-474b-b518-e39a9e7b884c,65,Male,32,52,Yes,-1
1f2e9bd8-12d2-42c2-87fe-3fd331529574,33,Female,110,71,No,-1
fa341590-5beb-448c-85ba-4eb68fe5c22e,35,Female,190,48,No,-1
e65e1e32-0188-454e-ae56-8625bf53a78b,33,Male,58,42,No,-1
62992688-258b-4add-9a28-78f7d9c03d4a,79,Male,80,28,No,-1
016c3657-773c-459c-990b-9b5fe81b9340,71,Male,181,29,No,-1
036cb089-fa6b-4d14-a3b4-705fe37f0253,29,Female,70,54,Yes,-1
65be5b60-870c-4c7a-8069-a69f6261f9fe,86,Female,199,32,No,-1
ad43504c-9cab-4a8a-b444-c9b866a37ec6,72,Male,167,74,No,-1
ec8b8947-d5d4-4155-b838-93020c60a5ba,20,Female,100,45,No,-1
830967f1-0c6a-49c5-a003-e9b98b257469,69,Male,45,100,No,-1
acec7b55-a68f-4a99-9b13-641239c29f9f,34,Male,151,15,No,-1
0ec09495-427a-4a8d-94ef-ea6d64bb601e,41,Female,162,25,No,-1
7a8661e2-1c2d-419e-a718-02561c56e015,51,Male,69,87,Yes,-1
bb4574ea-fd9a-404b-b6e0-db6607cbf60d,67,Male,41,31,No,-1
1d5a82b1-b416-4561-a75e-a97471a4a202,83,Male,149,31,No,-1
d2278fee-7d8c-42ad-a194-07303aecd0fb,34,Female,147,17,No,-1
a777d788-b776-4e6d-919f-848a42fc8c93,39,Female,176,73,No,-1
785f64c5-081c-413d-a88f-4d16dbd89ad6,49,Female,104,4,No,-1
8cd1b697-0dd8-4e96-af66-aefffbb111cc,80,Male,188,38,No,-1
aba64b18-d1e4-4326-95ce-3188923d9280,49,Male,81,53,Yes,-1
c566efa5-18de-4a2b-9f4b-4fec44ae9cb6,75,Male,81,28,No,-1
23ffe1e7-b259-4df5-9314-3e1dc8b01a9d,22,Female,95,27,No,-1
1e7fb170-82be-49a2-87b3-fb7c42dfd20c,83,Male,25,30,No,-1
4e42b8fd-4ede-419b-96a0-5bbb291489e9,50,Male,75,2,No,-1
e0aeb55a-a9da-4233-a6ec-541cb9b25c8c,25,Female,157,37,No,-1
26da2a0f-75c8-4845-9fce-45cc940a17ca,68,Male,89,76,No,-1
c5def11d-d993-406e-8d49-a391ced7a5f3,52,Female,197,97,No,-1
43aef8c2-af18-414b-8baf-29f56549b1e5,33,Male,163,60,No,-1
cc4ae0ab-4560-4c80-bd8e-34830d0aa589,50,Male,54,1,No,-1
79ba2b6b-1f82-46c8-9667-e47af42285b2,65,Male,186,26,No,-1
fdad207f-6fc9-4cd0-8ee3-58fc8338d1b8,31,Male,37,8,No,-1
9f59e571-8a52-4cce-995e-8909ee8e422a,86,Male,181,81,No,-1
05e9649f-c597-45dd-899e-2e7157a6e42e,53,Male,194,65,No,-1
1bc9c140-274b-4c76-9d3c-60a79a880c0e,48,Female,169,10,No,-1
fea54c47-8562-4266-8683-798d5c24ce05,41,Male,146,50,No,-1
088b960a-9613-43c5-9f35-e5b06ec1902c,26,Male,177,75,No,-1
436dfe13-9949-4611-b6b7-25572c8c1e7d,86,Female,90,30,No,-1
6f64e440-99d7-4400-9bab-10195211ca0e,25,Female,69,49,Yes,-1
40868ac6-f35b-43f7-96a5-b9954cf93786,77,Male,147,12,No,-1
9c6bdb1f-34e6-479e-91bd-7c650dedab04,45,Male,61,26,Yes,-1
2bdb5b03-d3a9-4209-b6a4-d87131c3de35,89,Female,176,32,No,-1
b1da419e-a1ea-4c30-a5b4-a57347da1cd6,84,Male,181,65,No,-1
2164381a-459c-4ab7-91fc-eb963f6d6a55,56,Female,190,87,No,-1
5bb952f8-f214-4f43-986f-9e18759b2b3b,46,Female,75,16,Yes,-1
a0e9d35f-fbe1-4b2e-8979-035ff9713950,80,Female,52,59,No,-1
754a5d07-7b55-4d3d-a281-7ca130b26d57,26,Female,61,42,No,-1
91106fbc-677c-4144-93f3-de39361c12ae,84,Male,196,92,No,-1
fa3e7602-cba0-433d-961a-5880257fca09,29,Female,79,24,Yes,-1
3b6ba990-f9a0-4d34-9ae7-af452e4ce966,56,Female,34,84,No,-1
16c970d6-b7f9-4367-b7ff-209958333d53,87,Male,22,30,No,-1
ef0d8ede-7076-4f4e-b408-ec0bfb4d2a4b,50,Male,40,44,No,-1
92b82ff8-445f-41be-9327-12e517c94388,62,Female,106,45,No,-1
0bad8d4c-a4d8-462f-a254-c73bac37d440,90,Male,160,88,No,-1
d74ef516-c160-43dc-a640-c74a5cf051d3,23,Female,148,54,No,-1
e3e41013-b30c-4423-8730-3e9e7e0f3166,89,Female,190,55,No,-1
33c3dfa9-d63b-4e45-90ed-e557184861a3,64,Female,185,94,No,-1
49c30d6f-7fb2-4ad2-b38b-ba5a05f77d60,37,Male,24,51,Yes,-1
88ecaa0b-9e04-4a11-97b2-1f32cf4550e9,64,Male,110,55,Yes,-1
447f21e8-8c9e-4fd3-9b59-323fcb3b63e9,27,Male,200,74,No,-1
8feaa5cf-daed-4ded-aade-2fdc4358cd9d,60,Female,73,12,Yes,-1
3168cffe-9ebb-40aa-9c12-f5161016dcb3,29,Female,182,65,No,-1
bde6e64c-0424-4fee-a148-95c28171ac20,76,Male,102,100,No,-1
9979c7c6-b69f-4b06-9518-93f51a5ac4c4,33,Female,171,40,No,-1
7f6a9a4d-161f-4dcd-ac92-1f2e66806d13,28,Female,93,18,No,-1
1289b673-7aa1-4bd1-93e9-ee8c582c4215,68,Male,93,83,No,-1
866b77da-49d8-462f-8af8-984a9b6e5599,62,Male,73,51,Yes,-1
a483b469-b3d4-4a1f-8730-d2ac73534375,41,Male,132,27,No,-1
2ae2eb39-dca0-42bc-8346-3036c65e7c48,22,Male,140,35,No,-1
31ef4a71-dada-4e35-ae84-3de21f84f811,30,Male,78,33,No,-1
018d783d-0aef-4803-aab9-3187b7a83cb6,72,Male,114,52,Yes,-1
3f1b138b-d82c-4f42-ac99-030f0f93cda1,30,Male,168,27,No,-1
1d3a78b9-de2f-4917-9e85-e007fa29ac63,19,Female,49,9,No,-1
96971f6b-dc8f-4f45-bf8e-83f23c9b6801,40,Female,183,87,No,-1
4971dfaa-d553-470e-8dc7-e24ea41377f5,48,Male,28,27,Yes,-1
2db0ea48-0991-4566-b1e1-38cf25a57d26,27,Female,127,24,Yes,-1
d9988059-912a-4e5a-a15f-1cfaae44c677,71,Female,181,63,No,-1
449f2575-5c5e-4188-892d-f21c3560daf2,75,Female,57,15,No,-1
f01a686a-4636-4936-a5b2-3feb1841e9fa,76,Female,132,17,No,-1
b97a75b4-bd75-47d4-8151-85a68b1b684a,39,Male,157,91,No,-1
4f78fba2-34c3-415a-8308-1f8591361f99,65,Female,78,26,Yes,-1
841c958f-1c86-4d49-94db-c680284f1f84,77,Male,192,76,No,-1
b4625672-8629-4366-8e2d-d9dd8a675347,85,Male,152,90,No,-1
e1424e56-be3f-4f37-93f5-5dd91e12f826,41,Male,84,12,No,-1
907ff8b9-be29-4c7f-966c-8dea091a468c,36,Female,186,79,No,-1
21a4248e-4799-4181-9395-888154bb1fd0,20,Male,86,90,No,-1
24abeb85-0baf-4107-86c2-2312ba0fe558,64,Male,110,49,Yes,-1
55de1e77-7323-4e5e-9da6-9f3f0a4c06db,55,Female,94,62,No,-1
ef3560d5-586f-4e84-a3a2-8e6de0239069,85,Male,52,15,No,-1
c7570282-8595-4b60-a341-cc2ae4c38157,53,Male,119,41,No,-1
f0bf00ea-2c19-45e3-89a6-6c5ddb4d8f58,84,Female,51,30,No,-1
8b018443-5d42-4fff-b696-9858fbbc1544,38,Female,148,85,No,-1
0745ca7b-3731-4c6f-9663-5bb0a7821ae3,32,Female,50,45,No,-1
b3dc5d7a-22ac-4b3c-a881-e7c8fa528b2b,66,Female,32,7,No,-1
cbee33ef-192e-43c1-9b7f-13b2f154138b,40,Male,116,68,No,-1
a1176f84-3a0b-4e80-a378-d3c7780d5ad4,38,Female,130,25,No,-1
0d842655-ebea-49d1-8510-f833b3152f0f,44,Female,28,100,No,-1
996d1f47-b697-443d-bf85-80d6d5b2b353,36,Female,104,40,No,-1
0a2eb6f9-2cb6-4c98-ac6f-cb3077f8ec5b,74,Female,152,97,No,-1
ecb83fff-b96d-44e5-a5af-73eba3bedef8,21,Female,90,12,No,-1
b9b62514-296f-4f02-91b0-8dd402e1475e,61,Male,75,20,Yes,-1
384dd2ce-91a8-457e-83e3-2bdae68661e8,32,Female,184,96,No,-1
b5552921-ac43-4432-95b8-0feb97048495,56,Female,187,76,No,-1
d9f52c30-b4a1-40b6-9759-68463ddb7ece,32,Female,63,76,No,-1
0863a732-94ef-495e-acc0-32ebe3d7e5bc,37,Female,151,78,No,-1
cd62fc98-1020-43f4-a706-b4d3778a5590,51,Male,28,55,Yes,-1
e5b3d886-0bd9-4c72-b525-cb1abe219e96,63,Female,172,6,No,-1
3d015cbb-f015-4bbb-815c-cc306ef6bf40,73,Male,40,100,No,-1
f5bea533-7eb7-43d6-8ed4-d3c26af4429f,76,Male,143,82,No,-1
f374a192-7f6b-403a-830e-add10772233d,49,Male,128,13,Yes,-1
a197a98b-08a3-4947-a9ef-28ca375d984d,58,Female,170,3,No,-1
28b427aa-5d16-42ea-9984-800d9134d994,45,Female,32,87,Yes,-1
980d35b9-290a-4320-812d-74c74bfa8d2e,36,Male,180,25,No,-1
fb00ac06-314b-430c-a38e-d79a7f119eab,48,Male,36,7,No,-1
c33da073-1078-4652-92b7-71da5b8270a7,76,Female,142,20,No,-1
efeaf023-e91c-4136-b469-1e5d156b3c3b,71,Female,158,24,No,-1
589d73d5-272b-4338-aa99-93391baeb4eb,48,Female,87,34,No,-1
ac1b50d5-85ab-4e24-8303-81926ae9267b,88,Female,79,41,No,-1
a3288fd3-b07b-442e-9e31-3b8be4472953,38,Male,160,71,No,-1
3b1d6f87-8f29-4f11-a980-146c2eab2790,19,Female,148,93,No,-1
99781e03-6316-439d-94cd-c300b63344b5,37,Female,177,47,No,-1
4731df6b-5f9c-43c1-815f-b9c46de0f8e5,38,Female,56,46,No,-1
3599fbb5-c47b-4912-bc70-cb4d6aa96b00,69,Male,171,33,No,-1
b1355de0-3423-425b-a0ae-a042f8b10966,72,Male,26,55,Yes,-1
0d6428d4-d35d-4077-91a0-ae23b7ab514d,22,Female,182,87,No,-1
1c016954-4cd8-4edc-b03a-5c876e23793a,22,Female,111,61,No,-1
3760a187-ea71-491e-b384-e141e93c9345,69,Male,124,47,Yes,-1
3d11a946-e5da-417e-ab13-f2ffdaead63f,35,Female,131,25,No,-1
c634ce34-c1f8-4e3b-9d47-fece757c2080,74,Female,95,31,No,-1
57680687-8ab3-46e9-bdf2-cceea10d7923,67,Female,136,16,No,-1
d9f13fb5-8c96-4248-808c-888fe0795d41,44,Female,90,3,No,-1
30051eb6-d661-4768-834f-333b6f55637c,42,Male,78,34,No,-1
f40f50f7-bbc9-4817-bca8-94108a380a2f,39,Male,124,19,Yes,-1
90a3df2d-c7a0-4cb9-a980-9907900e209f,56,Female,148,74,No,-1
7a5aed2e-ec20-4b02-ae29-01f716da5997,49,Female,46,84,No,-1
3c816d88-da88-4daa-9b89-89539eada1ab,18,Male,149,53,No,-1
bb908516-007a-4bee-8ab2-00595f4a99d8,54,Female,84,5,No,-1
1e7da513-2e5b-49b2-86dd-c67886fc488d,20,Female,135,15,No,-1
31c89da1-9167-4fb1-bf00-4db164e0df69,58,Female,76,50,No,-1
1e19e677-8b5a-4220-bc25-85be3acdfe92,50,Male,161,94,No,-1
52c559bf-3742-485e-90cb-0989095a1684,32,Female,119,65,No,-1
c70c638c-a4f4-497b-ae39-52833c423b4c,84,Female,38,20,No,-1
75b88eb7-f926-41c7-8baa-16fb40e55782,53,Male,169,61,No,-1
a2e50257-817d-485f-ac26-3620439aca59,53,Female,179,68,No,-1
f9e6f440-5cee-4a1d-b268-e38665f02b71,49,Female,42,76,No,-1
9dd89444-583a-406f-a725-1a67df7ff804,62,Male,64,62,No,-1
3dfece69-34c9-4f72-bba0-ae3dfff83359,22,Female,153,96,No,-1
27162abc-766f-4ffc-ad3f-c2a151a4f0c4,69,Female,27,59,No,-1
2b904e4e-00a2-49dd-bd50-b8115a4f6d58,70,Female,85,74,No,-1
053c7ef0-387e-45f4-9ad3-37b5c7f7eb26,72,Female,87,12,No,-1
048b2e01-8be7-47b8-baf8-54d00c19a0b9,54,Male,174,11,No,-1
b0db9bb1-19b9-43b0-8268-578bd3a5e388,50,Female,90,78,No,-1
3b79ec34-d2df-44b1-91c4-ca636b4fb3d6,23,Female,164,24,No,-1
bbb5f427-61b5-4ff1-a2cd-68bdc19d6b65,72,Male,107,59,No,-1
78b03ba3-7e6a-4593-8a92-04b7e371eb94,61,Female,98,21,No,-1
801b2f5f-9881-475b-bf0a-2cae1e6f89db,21,Male,127,47,Yes,-1
acc091a3-5fa0-444d-adb0-0eed8162bc1e,89,Male,49,32,No,-1
0c488473-d36d-4e2e-9d33-97106ae15240,53,Female,161,66,No,-1
b45b220d-9768-45a5-98aa-39f4c1772d51,53,Male,67,60,No,-1
0726e1d5-e558-43d9-9c64-1887fd88b1a5,66,Male,180,25,No,-1
2eb5a7dd-aa97-49bd-827b-1607e14d788c,90,Female,165,5,No,-1
d29e2ca6-b4ed-4104-873b-964274757181,19,Male,183,2,No,-1
9f5b4aed-e78d-4b3f-80b8-e3b7f7142b6e,74,Female,51,25,No,-1
2b96928b-b82e-4791-9558-f089ac5c7d7f,82,Male,162,51,No,-1
5ece4900-a47d-46e8-af32-ccb4a319f2da,35,Male,78,5,No,-1
453845d4-fb2e-4e3f-8936-d0eb042b73d6,80,Male,170,27,No,-1
76b4a421-1d63-4488-bcdf-ba284df7832f,53,Female,40,19,No,-1
636734ac-c036-4f03-b644-a3b85aa2fc94,59,Female,155,71,No,-1
dfef836c-4f1b-4f6e-b292-89da3770b625,58,Female,51,21,No,-1
e7d6efe9-dda0-4e6f-aa1b-66efd665c473,62,Male,35,31,No,-1
75ace29b-d8fe-427f-8fb8-2a0a3a92fc1a,64,Male,134,83,No,-1
d9ecddfb-4224-4cde-91d9-2a20088fe850,25,Male,105,10,No,-1
9e3a6d5e-13a1-4982-91bd-0be732194601,58,Male,166,38,No,-1
bdadebaa-46b1-454d-a045-aac9240f7114,45,Male,28,25,Yes,-1
5b189bb9-413f-4c91-ad91-87f8f5b3abb7,44,Male,114,41,No,-1
d0e06fb6-6f54-465c-946d-6c114dc9d4e2,44,Female,160,1,No,-1
817edd90-2379-40e3-991b-a2204a755d5d,45,Male,38,97,No,-1
b9c22914-d133-40b3-8168-401ffce48296,72,Female,68,17,Yes,-1
98573c80-1754-4a8b-985e-1a089d67c8f0,26,Female,61,100,No,-1
41204820-2ad1-4cbc-b084-c477f3a4cf6e,80,Female,46,15,No,-1
d4da8e82-e111-4598-8f97-b4c1d16d5238,24,Male,185,88,No,-1
1a821453-c2a1-4dbe-8759-89dae354c02a,32,Male,104,55,No,-1
f75677a9-d92c-4771-aa0f-229e1560549f,19,Male,90,18,No,-1
63bcf689-be2c-4b17-9dca-69fd74c16259,83,Female,160,79,No,-1
ef157f2b-182a-47d3-8968-ce5d86a00efa,31,Male,89,33,No,-1
3ae73661-5033-497c-ab7b-3e96a6ce0500,80,Male,140,30,No,-1
036f8058-17f2-4474-8049-39a642dd1b5e,73,Female,46,22,No,-1
7c1ff81d-4579-4886-833f-7d1b8a161d2f,26,Male,177,90,No,-1
f34a6b5c-b952-4238-af45-3a64fe96935d,24,Male,144,85,No,-1
7cde97d6-ec3f-47dd-8808-4d86b5fd308f,21,Female,66,39,No,-1
a527c6dd-253e-4865-b169-f21eb95c38fb,71,Female,141,26,No,-1
43e1277e-ee9b-49f9-910d-4fc033e25f14,46,Female,194,51,No,-1
92130020-6422-4963-b276-fb8b6c04f18a,29,Male,161,27,No,-1
b76fde27-12d3-40c7-b8fb-836ddb99e5a7,76,Female,189,40,No,-1
6298c46c-23f9-444d-877b-f2acaade2ecb,76,Female,75,14,No,-1
f7b27a9e-2e42-4b76-91c6-d71fe7b412a9,84,Female,186,45,No,-1
a70f465d-a8e2-4fb8-893d-adfac37225f7,37,Male,114,2,No,-1
a501e421-bfe7-46ed-9af2-55e36743c454,69,Male,151,27,No,-1
bade8299-96df-428d-bdf8-d7b1fada43fc,85,Male,32,46,No,-1
186faae7-fc08-4c9e-af69-232e14526c7a,44,Male,81,100,No,-1
aa05fe7c-3abe-4857-8169-77bda154c329,42,Female,64,40,No,-1
f7f3fd68-1a3b-43f4-a82a-3a3e7658816e,32,Male,101,82,No,-1
5b67c224-dce1-4725-9d1d-93698c9003bc,25,Male,118,66,No,-1
358dda36-4413-40f0-81b6-0eba72f241d1,53,Female,172,43,No,-1
45a2285b-1b93-4e67-ae92-6d9fade81e76,57,Male,184,27,No,-1
76b89c78-32db-4370-a282-0ce20315846d,53,Female,22,86,No,-1
1b465021-0fca-4445-ab93-d940c10ec322,36,Male,163,91,No,-1
18442dd5-6ef7-40bd-af33-c26d70d1efe9,81,Female,83,31,No,-1
566c0bf9-1592-4f6f-8ea1-4aa93c8c32c2,86,Male,106,37,No,-1
26c873da-92b9-49a4-85e6-0802eeb3a81e,59,Female,169,58,No,-1
d0bd1beb-f4d3-40da-b48e-028d86588ccf,41,Male,52,19,No,-1
69179678-32dc-467f-b2ae-5fa5b6ff2fe5,56,Female,45,1,No,-1
90f1860c-55ae-41b9-8707-7673226329bf,36,Male,184,51,No,-1
0f705fae-60da-4750-a6eb-523010e16f1e,40,Male,74,52,Yes,-1
500661df-0985-4ed2-8673-a75e92469fe1,85,Male,45,13,No,-1
6aeba0a0-83ed-4a28-86ec-47edad376741,39,Male,149,4,No,-1
26318519-ac8c-4ab9-81a1-270d1061647c,75,Female,110,87,No,-1
f04f3b09-f653-4e91-8e83-b73ddd001f73,56,Female,35,47,No,-1
453fe9b7-fef2-4c70-924e-a2203dab5219,59,Female,87,3,No,-1
a17e3555-6409-4dfb-b780-21566361eeed,33,Female,108,47,No,-1
42e2ec98-3f63-4e6f-ba00-80f52c4b3376,23,Female,49,92,No,-1
81a3b3b8-c2f7-4c03-ad29-0edf32d15147,83,Male,95,23,No,-1
acdf79bd-77ba-496f-b6be-9213e36dd376,29,Female,55,78,No,-1
892e5336-45b5-4613-996c-298c05dbc594,42,Male,32,75,Yes,-1
508c32c6-142c-432a-bda1-8f1bb23d645a,46,Male,186,98,No,-1
8dd268dc-dc36-4d07-978f-afb765533c76,44,Male,63,90,No,-1
889a259c-c806-4e6b-8ab4-e9fa2b2712f4,53,Male,111,27,No,-1
e3d128c3-edee-47d3-80c5-7b4419a7650e,31,Male,76,19,No,-1
434d1c35-133f-42bf-ac4b-af242f91b440,60,Male,109,85,No,-1
a4302ea6-a0a5-41b2-ab94-4b05ebdb4144,33,Female,166,51,No,-1
40373a3d-a062-4985-bd52-075d4e4addbd,61,Female,151,76,No,-1
d21790ae-5f3e-42a4-84dd-ff2ab9bda578,89,Male,193,20,No,-1
b5816584-c899-408a-8df4-cbe3b065512c,43,Female,39,12,No,-1
1dc66b39-06e5-4f3b-9800-50645fa01618,59,Female,125,44,No,-1
dc6ade63-5fbd-47b6-888c-b681c848cb6a,31,Female,67,96,No,-1
9ca5e221-baea-4d74-af37-0741e6a9f689,77,Male,104,1,No,-1
42a9306e-6cb4-411f-892c-7f146db53df3,62,Female,146,5,No,-1
f9b6a72d-839a-4f28-aeec-a374a1fb15b3,26,Female,111,55,Yes,-1
479bfa4d-5d4a-4a09-b87c-6775ce4618af,32,Male,171,86,No,-1
c338e9a6-09b4-43c0-8028-d883ebc52e51,28,Male,74,56,Yes,-1
9e84ff8b-729e-4c0e-8f84-5a3ae64b1f4a,25,Male,181,1,No,-1
f7634ae6-4f7f-4813-9d72-34b844d95950,70,Female,49,35,No,-1
4b6ccc2b-65a9-43c7-bf8f-74f33e0654fe,82,Male,166,28,No,-1
43a31e77-e3e6-4d35-a85e-d971996a2b04,49,Male,147,34,No,-1
40271854-dcb2-43f9-bd99-243205f2343e,48,Female,75,66,No,-1
3e9b8e90-9819-4388-8387-b26bd70fb61f,29,Female,35,82,Yes,-1
b9eb25e8-c311-4790-9358-bf178269c1f8,69,Male,119,96,No,-1
c766e3d4-f0e2-4408-a7e9-ec765922c889,39,Male,140,84,No,-1
8d0c93cf-1f18-40ee-82ce-2f1f73ce5bd2,29,Male,197,75,No,-1
aa6adf94-ef4d-4993-ad37-759250b86750,53,Male,65,30,No,-1
59c84e9d-b0a4-486c-bb27-ba75bddb154d,67,Female,163,55,No,-1
bad2b132-8e1e-4652-a76a-cca7de94d259,30,Male,191,23,No,-1
39020fc2-6c71-4301-a6a8-e10cc15bad6f,42,Female,111,86,Yes,-1
c772b69c-5f89-44a6-b4d8-3d27398c726b,35,Female,164,93,No,-1
620fb430-e1b5-4afc-800e-1649c5685e3b,46,Female,119,43,Yes,-1
a1f42d9d-245e-47fd-8e69-a5c2be45bbf6,66,Male,187,43,No,-1
c4788c75-15bc-47db-a0f1-50d11b666288,44,Female,173,28,No,-1
75ff4bf0-3338-4753-9289-129fe8abcd83,79,Female,58,38,No,-1
32456c63-b91b-4885-9675-0ef27f66e196,58,Female,105,15,No,-1
918023c0-b82d-4128-a49a-34a987854718,49,Female,33,87,Yes,-1
89b83c25-ff57-43fb-a020-09a07a59f2ec,27,Female,107,41,No,-1
aa0a4641-bec1-4660-96f2-297b93716227,79,Male,181,59,No,-1
41337334-6c6d-4a05-9a73-ae257a8cd696,80,Male,168,25,No,-1
031f584c-db8c-42e0-8735-331e8bdd90e3,21,Female,26,52,Yes,-1
9c76dbbe-5fde-489b-8e8d-4b8b675a41bf,40,Male,160,66,No,-1
c2ff4c08-b5ad-41aa-bd90-d20d6babc625,79,Female,100,7,No,-1
c5b421e3-49ac-4932-b6fd-f7d67cba56e0,41,Female,58,40,No,-1
afb0a32a-afcd-4ea8-9811-8dcae02eeb44,41,Male,49,40,No,-1
7f46d268-fbdc-406a-aa3d-ac87ab9adc5f,69,Male,176,36,No,-1
8719cf8d-a641-4853-b0a8-b5f58b21ef7f,39,Female,67,24,Yes,-1
2e26cccc-3ab7-46d6-ab01-fca8f08b6757,86,Male,69,37,No,-1
a59898aa-f55f-4e85-b348-5d128fe87939,54,Male,90,28,No,-1
9adaa877-a32a-47b6-8dd6-462de91cd67f,47,Female,95,66,No,-1
8510754c-a859-46d2-a0db-99fde76c34b8,27,Male,179,36,No,-1
5af1942a-df1a-4176-ba64-f05f1037ef83,82,Female,177,56,No,-1
f24aba59-097d-4093-95cf-b313fd26acab,83,Female,102,32,No,-1
619b626d-f384-47d9-83c0-ea99a0034783,40,Female,167,33,No,-1
eb2f65f5-0158-49c4-95fb-1d174f661b55,22,Female,189,50,No,-1
dcfef40b-cc76-4e1b-bed8-78d1cea8ffe2,54,Female,77,9,No,-1
62cf07b7-41f7-4925-a55e-56160ad74756,21,Female,146,77,No,-1
999f7670-4810-41c2-9777-3179eb1b18d3,58,Male,93,29,No,-1
cf76e6b3-a0a0-4e1a-81b3-b0cc9cad5bce,80,Male,34,23,No,-1
25884107-d990-49e8-9f1f-720705ea49bf,36,Female,34,52,Yes,-1
19577535-f8d3-45c7-a91b-e4ffe784c0f8,53,Female,37,19,Yes,-1
d9aebab2-e2ce-485f-9a43-3c2c5e89f060,20,Male,140,91,No,-1
e3af1d9f-3287-4e91-bcf0-fac957557823,23,Male,150,9,No,-1
47667169-3e66-44cd-b0ab-50dd5cf3a851,32,Female,101,59,No,-1
b57daecb-f46a-4b05-9fd0-9a3b1b93ce37,55,Male,90,38,No,-1
979d1501-8270-4a16-bde0-6f9aae69d87b,22,Male,197,76,No,-1
a43b3b23-a7b3-4ba0-b6eb-f536be4941df,51,Male,114,37,No,-1
7b1dc171-c3fe-4828-9abd-57bf1c7772ab,43,Female,41,5,No,-1
ad922932-3727-465a-8943-a179bf960408,35,Female,71,15,No,-1
4fd8af2f-1730-4748-9e13-0c92661a53ff,42,Male,101,61,No,-1
fabdde92-b82a-440b-8db5-a40c7bf457fc,37,Female,176,53,No,-1
650e49df-4813-43cd-9c79-7ecd9f4df7c8,71,Female,175,1,No,-1
dc85286b-988b-45e7-9dc1-d2d024111223,53,Male,182,70,No,-1
6ce8ff7c-fbfc-4c7a-946e-66965e9acf5e,48,Female,36,22,Yes,-1
3b7a328c-4afc-4ebc-8836-459d0c31f961,55,Male,106,72,No,-1
3041b26d-c27f-4967-8871-bd943c467bbc,60,Male,178,95,No,-1
c6b713bc-6c71-47b4-afcb-538d43464be8,25,Male,178,4,No,-1
0dbb96f3-c2fb-4553-bac8-f41d7a306223,77,Male,119,61,No,-1
cfdeeae7-9f3e-482f-bca6-368762bc50de,62,Female,120,60,No,-1
b5cd6dce-b3b9-42b8-9dc1-66656bd87bcd,65,Female,38,62,No,-1
94bbe982-16c3-4372-869b-7df58f07df1b,53,Male,97,57,No,-1
253d3332-b823-4c69-9cb6-2a3be7ed5d3c,85,Female,92,26,No,-1
f13f8224-64e1-4f2e-9a33-d8822a96f05e,88,Male,109,55,No,-1
299e823f-017b-40c9-a079-96e56ce19ae6,60,Male,117,68,No,-1
b0a4e026-596b-4aca-9301-35bed5e998dd,90,Male,63,29,No,-1
9b15de0a-169f-4629-b82d-adf15bd1d504,28,Female,151,10,No,-1
0638d96d-441e-49b8-976c-6d49a13a8692,37,Female,104,98,No,-1
fb5e186f-802b-4c63-903a-32206ddda487,74,Female,182,42,No,-1
cac2e651-df18-4049-bfea-d52ce71657be,29,Male,32,76,Yes,-1
4846ac44-222f-4143-a0f7-555764a61fcd,29,Male,58,100,No,-1
c47fee05-3c31-4cf5-ba68-8ef3e3c1d1ac,64,Male,195,97,No,-1
aba2173c-6609-4df6-ae81-97827eaf1cb0,69,Female,195,78,No,-1
824be5a5-3b8c-4270-ac2a-db865edbeaab,68,Female,184,65,No,-1
e5a5d3d8-3d15-4c36-a12b-f675a1a1f105,59,Female,127,30,No,-1
4657bb7e-c958-4e4d-ac7f-9075f5ffa56c,47,Male,58,36,No,-1
739ffd59-c75f-4815-9318-9484505dbd45,27,Female,49,41,No,-1
c205405f-9d8a-4bae-8660-2d145c01fb69,84,Male,197,62,No,-1
50f28b2e-1a71-4c6d-af23-9ccedc1052bd,37,Female,135,16,No,-1
421e5a53-ac42-44a3-9178-6b3909870f0b,41,Female,78,10,No,-1
371b1540-925b-4ff0-959a-7145fae111e6,69,Male,193,74,No,-1
35805527-2f5c-4b2f-80d6-6f752ae07a1b,85,Female,82,17,No,-1
dbf8f4de-c766-4676-996e-166607068c8b,57,Female,187,56,No,-1
14050058-18e0-4a48-b1cd-6622ce336eee,90,Female,192,65,No,-1
b5485353-8cbb-47e7-a7a8-2f6bd91255ec,20,Male,162,73,No,-1
6516b64b-a237-41a3-a061-793f21878f7c,87,Female,90,34,No,-1
48dd786a-eff0-4661-b6dd-da337255b8b4,34,Male,97,28,No,-1
8d0f15e0-ffc4-43c0-b038-53067e966a90,90,Male,82,41,No,-1
a0f854f9-aa3c-42b2-9bf5-9e3404541c96,90,Male,86,7,No,-1
a0206871-1dda-47fe-9613-67c7aab7f0b6,27,Male,145,69,No,-1
b35e6345-b668-4f44-8bb6-ac94723a65d0,64,Male,29,6,No,-1
5e85f778-6a77-4c25-bfac-64aa2a605979,65,Female,35,20,Yes,-1
1e80ffe4-18bf-4217-bdc8-ce0ac657c9dd,57,Female,165,71,No,-1
4e0f66bf-1ae4-4f4a-a2a1-1b0817efc9ee,77,Female,111,8,No,-1
75c63bca-c518-4f90-aa60-3efc4616f153,25,Male,184,69,No,-1
57ae9db1-41ae-41d7-9444-96dd65f145ea,73,Male,104,9,No,-1
ac08342b-59e3-4d5a-ae2b-4770311d3a5c,81,Female,37,5,No,-1
23cb82d6-2f05-443f-82e5-2a7d992e5abd,82,Male,27,19,No,-1
b8ef8803-abf0-4236-9aa7-9eb750cb79c1,79,Female,187,54,No,-1
6b3b73f7-09f7-4ce9-97a9-e72b36a60cd4,83,Female,148,9,No,-1
9c74a4b1-8317-4cc8-9a48-a3c8d02df730,83,Male,82,7,No,-1
1574c6f6-c976-4956-a193-ba317a932f85,54,Female,56,94,No,-1
81a16720-019a-4bc7-91c4-1e04e69d81d5,39,Female,103,26,No,-1
8c25f2a8-1960-4eb9-bfde-9fac133a1913,47,Male,98,33,No,-1
056494a4-eeb9-45c7-8f23-a200b3bf9ed5,24,Male,69,65,No,-1
d2702c15-eb1a-417d-86ca-dcddb161ca62,18,Male,185,96,No,-1
190ff1d9-f95d-4ae0-a47b-da2f87c4ae39,63,Male,60,46,Yes,-1
68e4fa90-31c6-4ad2-a4cc-0cac8a77d8bf,57,Male,63,36,No,-1
fd3293c1-8e9c-4d89-8f46-07dea5411ddc,72,Male,119,38,No,-1
87d2b8d6-cfa2-4233-84ad-9ecbb0ca0b8f,50,Male,174,58,No,-1
fad1e073-c272-417d-bdfa-6ccff667810d,24,Female,58,48,Yes,-1
23420ff4-2179-4ce8-95ef-88be670fdc52,55,Female,183,68,No,-1
b042ff7e-a78b-4fd5-8c57-1f7b8e181342,31,Female,150,48,No,-1
3cbad383-5340-41d4-8b94-685e33b7702f,81,Female,152,11,No,-1
0fc5410f-88d1-4042-a929-f390f91d5801,53,Male,116,22,Yes,-1
f0815d17-af35-454b-8442-a586d10c7eec,73,Male,139,76,No,-1
3a19ce3c-cbcb-47d7-ac2c-bc25a18f4cd0,80,Male,133,13,No,-1
49fc4505-1e96-4b90-a655-92ab27e1ad18,64,Female,41,81,Yes,-1
aa9e6043-55f6-47ec-9572-c7fce8ba43f3,90,Female,138,28,No,-1
71c1be4c-94a8-49a8-8ece-5f3e803f4cad,36,Male,147,100,No,-1
ea074df6-4181-4926-859c-7ac1a187daf4,75,Male,57,94,No,-1
b87f131f-c890-4d0b-a6d5-dc29ff6788b3,48,Female,194,64,No,-1
5aae9162-1ac2-4f05-9fcb-18f26ae5dd53,76,Male,181,25,No,-1
3ab3a6fd-a1bf-416c-a604-4de94d7dcc7b,38,Male,169,58,No,-1
edf94271-a69c-4449-9eed-9a7a4f27db75,66,Male,50,29,No,-1
1da32963-670d-4a81-9834-73dc774e4866,26,Female,138,24,No,-1
b8a2dd9f-043b-48bc-9524-4556c0620385,86,Male,173,84,No,-1
3141cbc2-263d-4c3a-a102-916c3d1d90b9,36,Male,174,40,No,-1
8e4131b4-0137-42f6-99a6-a2b764cc5468,56,Female,100,23,No,-1
e82006d4-97ad-4d68-b371-2f5c754917c5,72,Male,97,28,No,-1
7dade03b-5a9b-422a-849a-8adc08a03497,86,Female,172,50,No,-1
539f18d6-5324-4ebb-8f41-29e0a6cbb4d1,68,Female,53,51,No,-1
2ae6f35c-5a61-4afb-ba86-461130264533,42,Female,82,8,No,-1
ad1001a0-a96b-4262-98d2-d488367e246a,57,Male,184,21,No,-1
66f0c522-a598-4cff-bd48-b94896de0b82,30,Male,149,41,No,-1
b56de419-88c5-49c0-8536-f50dcb8f7af3,87,Female,153,22,No,-1
713ee1fc-c748-4e68-8bb7-37c3d1e6c3ed,65,Male,173,6,No,-1
16da6712-7f40-4b80-a661-1e026e481858,27,Male,148,48,No,-1
e7570e83-a339-44ee-9c26-962b8a0d2f8f,66,Female,105,18,No,-1
2984c6b4-f6ec-45b5-9ff7-42ce7c4d2207,80,Male,110,56,No,-1
283af3c6-a712-4865-a38c-1b303690c3ac,74,Male,44,76,No,-1
a9dce21a-7f8c-498d-ace2-a2f1657abb21,44,Male,129,34,No,-1
44b78793-58f1-4c41-bfaf-8686db626598,80,Male,41,83,No,-1
3fcee86c-8c51-412f-bd29-e3dace8e8e69,31,Male,84,14,No,-1
26aff95d-698b-4b57-98ab-d9b6321ddc61,60,Male,75,32,No,-1
dae4d8ee-5958-40d7-b45e-c51895cd6a8a,73,Female,144,91,No,-1
ee67bed1-f382-485a-a061-a681c2cc078f,66,Male,96,2,No,-1
000c39f7-e7fd-4152-964c-3df69159d5c1,72,Female,30,78,Yes,-1
442ae596-b772-4f1c-bba5-0ba5f8ba0696,27,Male,175,27,No,-1
d619f650-245f-43ac-8185-b8a18176dd22,83,Male,192,31,No,-1
94b7baaf-7f68-4ad5-aa87-e3e53937f64d,58,Female,137,1,No,-1
388df614-5a16-4b56-bbd8-19d2c5c7a95c,73,Male,158,85,No,-1
13c03979-a399-4adb-8625-f616cd730367,67,Male,79,65,No,-1
7ea47dee-eb56-452a-be8c-0915ea34147c,20,Female,179,33,No,-1
aec19734-a157-4b9e-9f12-cf3361ca1d06,48,Male,181,83,No,-1
5b23cfa2-72dd-4659-8ff7-fbba69c9d541,55,Male,117,6,No,-1
56308215-83c6-40c5-a7be-9c2ba6ed7e8a,23,Female,149,68,No,-1
896a200b-eb22-4061-8f69-cdbf510b5491,31,Male,92,2,No,-1
6956390a-672f-4f92-a72d-4fc4c26e37b3,76,Female,52,72,No,-1
e664303e-2f3e-4722-b07d-a2d28e327fa9,29,Female,106,74,No,-1
39329c88-0ff8-4248-a6bc-ca72d44d93da,56,Male,170,2,No,-1
3d7a4fcd-5176-46e0-a7ca-c489887e1e73,28,Male,127,21,Yes,-1
3eaa0f47-aeb9-49c7-91db-7fbad06fabbd,79,Male,77,67,No,-1
3c5895c8-df63-48ca-a406-b1fd1e8a1936,87,Male,106,82,No,-1
5d266b6f-825a-40cb-9ad9-abc7f3d9fd80,31,Female,101,46,No,-1
7268a546-1f3b-444e-9122-fabfb4a50c3e,30,Male,51,8,No,-1
5059a74b-8664-4a8e-a2bc-bf3ed0199259,79,Male,112,38,No,-1
b5be5f37-1754-4f9e-86d4-5f72b48555cd,63,Female,145,93,No,-1
28188e87-1d9c-4475-ab91-fc72b6e0d1bd,41,Male,122,68,No,-1
c2446240-6681-4f69-9d72-594c6ffb9521,42,Male,138,55,No,-1
8f7b2463-1e8a-4da3-8100-887446c99d7c,52,Female,29,76,Yes,-1
8e9e8dbb-cdf9-442f-a306-c77d5b076948,50,Female,73,21,Yes,-1
5195e89a-4f65-4751-846a-5dab5ea4d112,37,Male,92,32,No,-1
b5e649c3-acf2-4977-9cc3-85f9924672d2,51,Male,77,62,No,-1
5ad1230f-d832-41b8-a47b-f40cc327a0e4,20,Male,148,99,No,-1
f86e0896-df13-44f4-b572-535f69bbf595,25,Male,45,72,No,-1
00b1aa58-9146-4933-ba4f-537986e093e5,35,Female,150,33,No,-1
18111868-9e40-4e33-8556-efb36c54de05,40,Male,64,46,Yes,-1
0f2e415e-330d-43b3-a5ba-f35857883cf0,75,Female,31,77,No,-1
299bdb9e-0503-4281-a0d7-63b0a670194f,35,Male,189,59,No,-1
74d7226c-1f41-4449-9d1e-aeb415c026df,22,Female,185,73,No,-1
d65dab70-62a9-4ca4-9512-d86eefb84db3,31,Female,128,47,No,-1
9578a36a-27d7-4831-acf0-0184d503010e,39,Male,77,22,Yes,-1
b1e523e5-52b3-4baf-bac6-0d493bbca266,42,Female,54,26,No,-1
e1c074c7-52f5-491c-ab06-584258668d3a,19,Male,62,47,Yes,-1
e43f9f8d-1a89-4fa0-9d84-5731b6236333,64,Male,175,71,No,-1
dbd5eaab-0c19-4960-9b9d-bb7fcebce20d,19,Male,180,62,No,-1
d2dc09aa-a3d6-42a8-a292-6f8839de4b15,20,Male,65,16,Yes,-1
97f6ffd3-ed65-4bd2-a8fd-97622ada4bc0,73,Female,95,40,No,-1
8dfcc306-6e8f-4b35-9592-04d046c4906d,71,Male,49,23,No,-1
5b742e87-fe4f-44ff-ad22-476308a67be5,80,Male,178,44,No,-1
efbcc469-bfa0-4c5d-aee6-6817db02e0ae,65,Female,54,22,No,-1
b1ee34bc-5d23-480d-a125-f77e6a7a4e7a,35,Female,182,87,No,-1
292028f9-6141-42d7-a93a-3fa1e7be2cee,29,Male,180,23,No,-1
0780e783-ab2b-45c9-9ae9-78ef8dc65c5d,87,Female,170,59,No,-1
f53afa49-a8ca-4a19-85f2-77d06571cb14,79,Male,79,60,No,-1
d945dfa0-1e38-45da-8462-9c9e09afb55b,56,Female,62,91,No,-1
945b8e8e-b97b-4a16-80ea-c69f6a0d7023,80,Male,85,27,No,-1
3c11f841-d87a-4b95-b6eb-2dd36c0ddf3f,84,Female,97,63,No,-1
23b62b36-c3ad-48e0-a57d-aa061c005556,59,Male,168,43,No,-1
95f11925-c5fa-475c-8706-6b4e604010b9,80,Male,109,89,No,-1
58f37526-a933-4a5b-b3d6-bd6055ae786b,35,Female,56,13,No,-1
4b9e15fe-4d5a-4522-a453-6ffb4bb2d8a5,60,Female,65,62,No,-1
7ef3c872-c3fc-430d-8e48-415495f39542,40,Female,27,18,Yes,-1
1c1e19cb-9675-4e0e-bb97-e61e78752b02,81,Male,139,3,No,-1
3ad91893-705f-4301-81ea-19f83d6424bd,75,Male,50,86,No,-1
38434327-82f4-4e22-8ce2-a6cb1f8e062b,37,Male,155,53,No,-1
93d04fe7-32b8-497c-9218-37f5649ac93f,26,Male,189,78,No,-1
0e058fb5-d261-4e20-80ad-f7980273725d,53,Male,193,91,No,-1
1c6ed150-f47f-4095-8cdb-c8b652ee0e6e,43,Female,93,54,No,-1
03b9392a-e62a-49cd-972d-60293127bd7f,46,Female,133,49,Yes,-1
b6e6a7ee-2bb4-4f39-a333-ae13be4dd91c,60,Male,27,76,Yes,-1
c59f6ca3-2a04-4754-91b5-600993bfb596,90,Male,160,49,No,-1
d3088ab6-b047-43d6-a593-e866b6cd8216,84,Female,44,31,No,-1
743a32dc-472e-4f1a-99b1-e80c750252d2,52,Female,45,16,No,-1
d39872b8-0e8a-40bf-8ba9-44121e5a1ed3,61,Female,190,1,No,-1
ba727ce1-6789-4167-a933-8537688df6a7,30,Female,174,68,No,-1
6fb95d63-da28-45d3-bb7b-a4aab2c73b9c,73,Female,91,54,No,-1
483abe2e-4341-481b-9385-2f38184395fa,62,Female,104,24,No,-1
da37dd2c-a9a3-43ae-af1e-73150e3a72a1,27,Female,57,11,No,-1
825f2a20-a474-4e0a-b693-a56e7d6892b8,22,Male,148,16,No,-1
42d4d26f-112a-4ab1-950a-68f1878b9bd2,32,Female,74,17,No,-1
1e0ff09e-32dd-474b-b888-5b446a7a7b25,35,Male,181,100,No,-1
0b65c48b-3c30-4558-8de5-9ebea02f9ff8,89,Female,101,8,No,-1
2da5ec73-b93a-4bf5-9587-9755c5172a4d,86,Male,68,51,No,-1
7596e1b8-b0e4-47f7-a753-027281806bcd,63,Female,113,69,No,-1
20c15ed5-53bc-4d27-916d-56240f965c35,27,Male,112,46,Yes,-1
f5cb4d8f-8f9b-470e-829b-eadbb96ea435,73,Male,86,63,No,-1
dfc62be5-5b5f-4a87-b712-094c77a1297a,90,Male,146,22,No,-1
4247398e-ecd1-470f-b860-3debcc47d45c,74,Female,70,56,No,-1
4b1aee6f-fd3a-42e2-abed-f34ff8df9f0e,41,Female,138,81,No,-1
7f52884c-a4ab-4eec-b4f5-2c74db23b4d3,39,Female,104,100,No,-1
2e44e730-bc00-429c-97a6-deeb0cd2bfd8,30,Male,147,46,No,-1
f0c4e55d-8753-49d5-9496-cd978f5e7bd2,50,Male,92,17,No,-1
e53ffe14-5c56-443d-a961-102079dc37e0,34,Female,46,42,No,-1
a3c3998d-12a6-4748-b0bf-d499476298ef,34,Female,33,54,No,-1
bafa7f80-0cd5-4051-ba36-12be6bc850bb,20,Female,174,39,No,-1
89766ec1-9c1e-4c9b-837b-3022f73d556d,65,Female,32,90,No,-1
112eeff6-8d68-47d1-acf0-1d2388677257,54,Male,93,66,No,-1
9c7c5bad-22cb-46c2-8b4d-4936c9364267,54,Female,40,32,No,-1
f01fa18b-3ad8-454e-89af-a70a519caee5,65,Female,64,33,No,-1
fe40c170-2890-4762-b183-7b0b4fa5ff23,85,Female,150,53,No,-1
db6dca95-f12b-46f2-8138-ac8b4f4c2796,71,Male,88,13,No,-1
820481af-336a-413b-b6ef-510aeb9e688c,70,Female,105,48,No,-1
0866e99d-b56e-44ee-b07e-2fc6ce86686c,48,Male,48,14,No,-1
588bfb54-c6ae-420e-ae75-6615d083db7e,19,Male,49,43,No,-1
58c9ec58-52f6-43c1-bd2b-dc2b029af0ae,83,Male,75,53,No,-1
2b88d098-67f6-4d27-a98c-7c4cad8dcf08,75,Male,193,5,No,-1
1e98af95-df78-4069-aabb-130322471160,88,Female,68,52,No,-1
9011d5f8-4bdd-433f-b6c5-09335fdced79,26,Male,72,32,No,-1
7cef4adb-ccd4-4d56-a36f-a3e23439b306,45,Male,103,64,No,-1
1a59cf48-8a11-4e6b-b184-7bd6dd916754,20,Male,147,15,No,-1
759c4ea6-df08-44b1-991b-0b349d14c01a,49,Male,96,30,No,-1
f35b6a79-7db0-45c7-b5d4-20e3165231c1,65,Female,170,80,No,-1
3ecd543b-0ef8-46b1-9d82-9418ed822e4e,87,Male,109,40,No,-1
df211d02-768c-4ed6-9084-05de1bc291a8,37,Male,66,66,No,-1
b3701aa4-6073-4f5c-9a5c-afc7f46af6f7,79,Female,162,26,No,-1
c23215da-511b-4c28-a058-e7fc2b119532,50,Female,130,19,Yes,-1
18171787-b1e4-4806-b2b3-f707775a5826,89,Male,40,26,No,-1
ba656e4d-8eeb-445d-b600-625597a2470d,28,Male,176,73,No,-1
27525b2a-2653-4e81-b205-ac593b3b928e,27,Male,55,66,No,-1
d8089c26-d058-49df-8e5c-4d0bc9a02f30,76,Female,77,8,No,-1
6fd98079-8b6e-4469-9500-86f9962bb37e,61,Male,113,37,No,-1
1037b90b-7ac0-492c-85dd-5b3bebd08e90,67,Female,109,37,No,-1
5e010521-320a-4f98-979b-c24a5e96b522,73,Female,199,73,No,-1
b795dd96-d8f3-4817-8a16-4544105960df,33,Male,39,34,No,-1
86234b71-dbe8-4e03-9a39-f9b0151a10db,86,Female,134,38,No,-1
a6981e04-5b72-47a7-aeb3-1b6baac76069,67,Male,153,81,No,-1
f6f697d1-2c1e-4f38-8504-a5e73fa01a26,24,Female,123,33,No,-1
a28b45e4-5785-44d9-a520-9db40803002b,52,Male,182,29,No,-1
83ed536d-c44b-4a0d-8973-636edb723ead,19,Male,107,7,No,-1
cc839395-0d9b-47ae-9172-92d446c2cb0c,27,Male,99,50,No,-1
e1416b23-e1dd-4438-a254-72132dc5ae6b,81,Female,103,69,No,-1
233fb3bb-1548-454e-9e8e-23637365047f,19,Male,60,98,No,-1
10479e73-7334-491e-8e55-7103bb1c1f50,35,Male,59,40,No,-1
ed236ae0-80b0-4e5e-b65f-6695ac163837,21,Female,146,4,No,-1
e1cf580e-9753-47f8-b858-65c134ce806b,69,Female,110,57,No,-1
47d9c71a-a09e-4ca0-be60-4f2e0908ea74,45,Female,131,99,No,-1
60cddfb7-5243-4f65-a600-52972f2a9d52,90,Male,104,9,No,-1
dabdcb9a-25f1-464d-8979-e4f7e7cf3e8c,74,Female,181,56,No,-1
8255ab1e-ffb4-4bbd-906a-9f024cd0e0cd,57,Female,126,4,No,-1
8f9541e5-2df4-4071-b6a9-294ed025dcc8,37,Female,79,25,No,-1
e79f4024-bc9d-4641-8290-c96b3921348e,58,Male,33,40,No,-1
774f9d19-9fd1-49d1-8bda-291df1456038,73,Male,67,21,Yes,-1
f96e6251-4f56-400c-b751-f8984fd65889,24,Male,178,59,No,-1
ffa3c08e-c0a3-4b10-9490-9decc7e897e6,81,Female,57,13,No,-1
dc085efc-7fb4-4e88-8154-62da2e5ca0a4,77,Male,185,70,No,-1
7fca7b67-61b9-4853-bd21-1768fd33ae26,86,Male,162,5,No,-1
733534d0-9b9e-4e18-8688-bbc55284df67,35,Female,192,75,No,-1
1abb3ef1-8214-4b1a-b267-77346569b3aa,70,Male,104,32,No,-1
3e2d7f95-4306-4710-be1c-58986c5b22ab,41,Male,146,42,No,-1
e7d229a6-6f39-4bd7-9b6a-9cc283d7f14f,47,Female,173,85,No,-1
53eb3733-9ce0-42b6-a671-2a7876e644dc,66,Male,192,5,No,-1
66d0727a-2fee-441d-9f98-c4707f71c433,43,Female,110,59,No,-1
67a2a5c5-773f-4953-b42f-1f839cb00e93,52,Female,125,79,Yes,-1
6d94a5df-9808-4cfa-8b5c-748825d61200,68,Female,108,7,No,-1
82ab0356-996a-4042-ad8a-884470046ce2,28,Female,173,63,No,-1
b561f234-4c83-469e-b7d1-b642f8a8b66c,20,Female,113,26,Yes,-1
857f41b2-c595-48e9-839d-ae867c2a434b,26,Male,174,86,No,-1
4daa0ab0-c5af-43e4-bdde-9ac94439b425,64,Female,54,32,No,-1
d2ad89a0-d68f-40ea-aebc-4948b1eb5912,28,Male,44,36,No,-1
03f06118-5531-4d04-ace9-88e4e49e047d,19,Male,66,53,Yes,-1
a2d18956-0099-4dde-b951-7b6d14ef946e,39,Female,177,24,No,-1
ecceb650-dbb9-4bec-a566-10e36fd947c9,83,Female,92,3,No,-1
c756f62d-b347-4ee1-9734-ea76803de179,48,Female,68,85,Yes,-1
10bb5583-ed5b-4fbd-b574-0746deaa73c8,41,Male,35,86,Yes,-1
00804270-549f-4b71-9d16-2464515f5173,18,Female,193,6,No,-1
1164e5ce-0233-4268-a367-cd5a9b55bb41,32,Male,135,24,No,-1
47950201-2f59-4434-a9b8-a72ffa40d426,57,Male,195,61,No,-1
bb26063c-d20c-4e3d-99b5-db26b1dfa885,49,Male,185,97,No,-1
39217831-eaaa-4159-8670-5a43715e71ae,20,Female,98,16,No,-1
e5ceb6e3-4d14-486f-ae7b-389d98b234eb,52,Male,91,89,No,-1
31ef8c62-fbef-4b23-b235-9cc89b6802db,89,Male,189,22,No,-1
d7414cd6-8afe-41c0-89d4-96a13c0bff70,37,Male,62,31,No,-1
fa3aeffd-12f1-4c03-8891-170e3234691a,75,Female,87,8,No,-1
71088e2f-cc65-4a12-9418-c24e9ed170f5,19,Female,59,49,Yes,-1
a1b8d396-130e-4baf-b0c2-74d1dcffbcc5,86,Male,141,51,No,-1
2a05cd70-c52c-49c9-abb3-527102f860bd,23,Female,99,81,No,-1
54b57178-2c8b-4f1d-af49-2c4fb2eb9897,48,Female,50,18,No,-1
dea098ca-e68b-4379-9eea-14f15df267de,42,Female,158,54,No,-1
49652a67-2726-45da-8148-17c3bcb0eaf3,65,Male,170,83,No,-1
375f4128-b0ff-432d-af7f-ee55f1346f5e,88,Female,177,86,No,-1
eca40bad-c76c-4b26-be36-2a110c313e48,74,Female,41,33,No,-1
2e34d16a-9283-43b3-be47-1e5d9d7a8c5b,30,Female,96,27,No,-1
e15ab5fe-2811-403a-9722-4c6256d466b6,24,Female,145,99,No,-1
5e32bcd5-1dbc-47ab-88d7-d7fb85363dd6,63,Female,180,28,No,-1
a7058e68-47c1-49db-bb86-75e9dee4bd41,32,Female,111,35,No,-1
4869d0c6-ce29-4ed4-834f-f91057acdc24,46,Female,106,34,No,-1
e8ab3760-2030-42d6-b817-2ab2f154cf3a,70,Male,39,96,No,-1
47bd7f05-359b-4faf-a581-74312f232c95,67,Female,106,64,No,-1
2486ea28-85d0-46c0-b87e-7dcf0273701f,34,Female,189,49,No,-1
f44cf4d6-1111-4430-81d1-30c92f3883e1,78,Female,101,41,No,-1
69098866-9435-4100-aedc-eef4baf3b5cd,90,Female,187,67,No,-1
ec692e9d-2f45-45f5-9f64-ae9480a122a8,36,Male,190,72,No,-1
ea16cfff-8cde-43e1-a69f-b2ebc961d27e,87,Male,174,41,No,-1
3682e7b4-ef04-4620-80d3-86930b45b822,38,Male,47,46,No,-1
ff7cd52d-c6a7-4272-babf-a1639b12a500,60,Female,37,46,Yes,-1
f8280db8-3041-43f5-82dd-a2c173e0faf6,37,Male,152,77,No,-1
1def0c9e-7f0e-422c-abe4-00b8a1142771,47,Male,50,95,No,-1
67f73134-e931-48e8-92c2-248824a08e9a,42,Male,120,19,Yes,-1
7de51205-bb1a-4976-a9a9-bdaeb0469cbd,80,Female,150,70,No,-1
755bc93a-f6d5-4fea-9f66-a6d413cf3137,72,Female,185,22,No,-1
ed15310d-4022-430c-bf0c-7a014f3599c3,90,Male,22,51,No,-1
0bb2533c-d740-417d-8609-70aa487986c6,75,Male,153,92,No,-1
d5b2db88-b115-4b58-bb19-6eabcb16047a,63,Male,80,35,No,-1
72300be0-ce05-467d-9d2b-3b210612fcfe,36,Male,64,46,No,-1
e0662f73-520d-4625-8d6d-74764dcdf458,43,Female,30,1,No,-1
e2b261dd-ed68-4619-954c-bc58f987796f,65,Female,62,30,No,-1
92dc66be-f1dd-4aaa-ab6d-7b7c9c1de59c,66,Female,165,50,No,-1
9b043e65-bf5e-43ac-907e-8b5f0b8d4795,76,Female,104,34,No,-1
559fb6af-9476-4b63-aefe-f92a6cb9f211,61,Female,88,41,No,-1
4b786bc2-a7af-4779-882d-3a1df262c39a,79,Male,176,92,No,-1
2c58607c-c91c-4432-b967-f49b07cafa29,26,Male,188,83,No,-1
871f506b-a649-4a9c-bc88-f16a923a6d36,37,Female,182,68,No,-1
4031c55a-7d9c-4f96-b6b5-8690d6141ff2,88,Male,193,47,No,-1
6142ddd2-1a15-4edc-b09b-59ef76443abc,44,Male,136,3,No,-1
06ace772-308a-444d-bb8f-4219655aa9e1,43,Male,151,27,No,-1
d0bf1051-b245-45bf-95ef-64655d936f6a,51,Female,195,56,No,-1
f5194f8c-0166-4d16-acfb-2eb007cca7d9,33,Female,27,50,No,-1
634ea111-e8e7-4ca4-9541-9c7e124f79e0,55,Female,154,8,No,-1
cda783a0-bf19-438c-ac70-422adcc31a43,47,Male,48,70,No,-1
01e45059-b0e8-450c-bfc0-4763dd8173f3,88,Female,133,16,No,-1
bc784f19-7037-4d90-8c30-ff32eb6a801c,30,Female,139,82,No,-1
145462dc-c23b-49bd-9872-82443fcd580a,30,Female,118,1,No,-1
5743920b-9d9e-4c85-b7b4-a0c003745a85,82,Female,113,52,No,-1
2c31afab-168d-4206-9f2b-b83a7a991eef,54,Female,161,43,No,-1
7dc7e995-f56a-4a8a-905d-0c57d7513787,31,Male,111,77,No,-1
58c9a754-4812-491d-80bd-c2a1e9e99802,54,Male,86,31,No,-1
15947449-c3f7-4b65-9a2a-e62ae919b88b,43,Female,98,62,No,-1
f9f02b20-8c6a-4644-85d0-d9f1ee6fa402,78,Female,164,1,No,-1
133b151f-04e9-4058-8c52-b1cdae2d27b8,89,Female,185,63,No,-1
f6dbdf5c-0f29-41d1-a000-dae48803093e,72,Male,111,3,No,-1
b2f3191b-d896-48c7-b481-a8d7e69f6f0c,86,Male,116,22,No,-1
31d30c82-5716-407f-a47a-785e447cdcc5,71,Male,96,23,No,-1
ff0eac6c-71ed-44ad-b1ba-b135c49cd7cb,47,Male,26,27,Yes,-1
41d45685-db98-44d6-bcc2-41fe3e7fdaae,35,Female,152,84,No,-1
bb58660c-ef52-4e0f-bbce-36ae3d0b3e4c,18,Male,52,28,No,-1
556451ff-ed13-40e8-a67e-ce1aa19b73a0,59,Male,185,98,No,-1
c32874fb-61a6-45cb-9ee0-368c598b80ca,72,Female,95,1,No,-1
7fad03a4-8d4e-4b2a-8410-d3fb14dd679d,58,Female,136,89,No,-1
ac6ad0e6-944f-4107-a5b0-4ea6982d69a1,88,Male,80,41,No,-1
10a49098-7931-4c10-aa68-aaaffe8f4f4b,90,Male,197,56,No,-1
ddbb7a14-78f5-4739-9739-36d2873dab22,26,Female,156,96,No,-1
65e6cd44-59a8-4f58-a652-b645415611f3,21,Female,48,74,No,-1
bc161a12-07b6-4c09-b93d-df8f4fc565e3,70,Female,39,63,No,-1
55dd041d-971c-4f4a-875a-9d020a54b11b,87,Male,41,26,No,-1
9eb450b3-fa5b-4085-b661-fcdf7b6fd77e,19,Female,41,35,No,-1
bc8e7c4e-79a9-4b43-816b-f2ebe4681f6e,42,Female,175,60,No,-1
5720eb62-943f-4d30-83f7-f9483373d924,37,Male,149,100,No,-1
afaf8c9d-1d5e-4cb1-b52f-4ed0a5edb44a,71,Female,162,52,No,-1
4722fc6b-f276-4a7d-82b2-79294fdb8371,41,Female,26,79,Yes,-1
d1d1c9fb-9892-49a3-b205-d9b36a6e00ab,67,Female,109,42,No,-1
9ab4808c-7a8b-4e20-b3ca-44c6479e06ad,67,Male,187,76,No,-1
e0a7bab7-7b53-4cd4-a621-637e248df613,90,Male,170,58,No,-1
1b14915c-c8d6-446a-820f-69a67f7064fa,18,Female,183,74,No,-1
1c28970c-2faa-4fd7-8adb-cae0ad47052b,47,Male,132,84,Yes,-1
10b71baa-0adb-4dd8-9704-7febc5ab5583,81,Female,145,19,No,-1
38c153f5-7c26-4708-a794-1d0d321b8ae8,28,Male,90,19,No,-1
816a5be2-001a-42a3-b007-b58fc50c53d5,49,Female,147,5,No,-1
8750fd8b-f14a-47b2-ab8f-2965923a5885,80,Female,172,57,No,-1
e9387821-f150-4726-830e-3bee4b52305b,82,Male,176,73,No,-1
3297d752-57ae-47aa-bd6e-7ff50156f559,81,Female,59,97,No,-1
9ea02084-3635-445f-b4dd-156cc8e9dec6,58,Male,189,54,No,-1
36f90cd1-0f40-4ba6-925d-7ff67b9c0405,85,Female,150,78,No,-1
64d421d7-b802-43cb-b68f-113082823c15,29,Female,158,56,No,-1
760d19ce-1623-42fa-aaa8-fa860526c58d,24,Female,145,17,No,-1
66a98e43-15b1-4448-b315-32e75641a056,66,Female,196,68,No,-1
df38e209-7ead-418e-89fe-bd9f63aa8383,18,Female,150,70,No,-1
9f8fb084-a6da-4cfb-aa2b-9ccc549f12da,69,Female,176,20,No,-1
28c7c7a3-1890-4dbb-9b71-aeb9717b0ce8,50,Female,45,29,No,-1
2aa709e7-ad32-4b3d-b8d7-a459752fa2c4,71,Male,124,42,No,-1
2df26d23-7713-4152-bc39-a4397972222a,27,Male,77,4,No,-1
82855cf1-1259-491f-b8ec-36421b63f3ad,54,Male,92,12,No,-1
cb3d1767-97f4-40dd-ab5a-bb1c6ec66abf,68,Female,179,61,No,-1
937256cd-2d40-4cb7-87ee-7d51feaa1c97,89,Female,98,66,No,-1
7de4c301-83d3-49c6-9c04-eedc7d1f5919,71,Male,45,78,No,-1
75bda425-3d8e-47f3-b906-e4b81ba486d5,77,Female,160,59,No,-1
31b36c45-0315-4a9b-a011-a3a816c3fced,74,Female,112,21,No,-1
42af006b-68b2-4125-8ddd-c5ea6f91cf96,55,Male,67,94,No,-1
700e20da-17fb-44d1-8aa1-546929c017d4,23,Male,102,40,No,-1
8293e5b8-a62e-4f95-a8bf-218b044cb505,25,Female,79,29,No,-1
b8458d4e-d194-4b46-8c1c-b7b2753b3f92,62,Female,193,58,No,-1
4e62ed12-a370-43ce-9610-bbedbdffface,50,Male,161,61,No,-1
5321aabc-6141-4ed1-a51e-6d9d2676621b,83,Female,96,17,No,-1
8042511c-e9de-44f0-bce2-30be295832db,59,Male,191,91,No,-1
c4c7bf35-a2fc-44e6-b34c-f8339520ad2b,58,Male,55,34,No,-1
19d1fe17-1eb2-4e2e-b289-17bc18ed021e,52,Female,147,79,No,-1
ea74f213-1709-49ba-bf00-9da9275e9ee8,30,Female,61,76,No,-1
44158075-f528-4ee2-a7b9-1176fce7e278,83,Female,57,22,No,-1
f8808be9-da04-4383-aaef-78bc060a5127,53,Female,88,76,No,-1
8aba0f4e-5a7d-44af-b14b-e577ae52ed94,29,Male,146,5,No,-1
6b1ba563-62d0-48f7-af5d-ef10a696d373,27,Female,156,56,No,-1
903678d5-c1cc-4727-be1b-d34e9945be78,36,Female,44,78,No,-1
06120b5c-2d05-4c8c-bdf5-b9355454766f,48,Female,75,100,No,-1
8bfe1f69-9a33-49a9-8ee1-75dc164bae5c,37,Male,150,19,No,-1
94636762-f821-4e62-a9c4-8b6b2251eb00,61,Male,30,56,Yes,-1
585f041f-eda4-4b22-abbe-dd2dbfbe03c5,88,Female,27,27,No,-1
d325fe85-dc5e-40ee-a49a-deb0b58102b0,71,Male,76,8,No,-1
7318f6f9-ed74-467b-ade0-14174cdd7516,39,Female,40,4,No,-1
17a1c8c7-6c40-40f3-bceb-f84be1de3a57,43,Male,93,77,No,-1
9754b6bc-f18d-4e5c-8777-371b56626475,23,Male,48,42,No,-1
2bf997e1-ace5-4395-bdd9-44bec729f2fb,50,Male,44,48,No,-1
3e03dc31-ffa2-4768-8781-d349fd57c914,33,Male,190,79,No,-1
9a5bc84c-109b-48b6-9c1d-a6681a8afa49,55,Female,177,91,No,-1
7212d786-c7f5-4cc1-af12-c03282c5d6e2,45,Male,65,47,Yes,-1
d5e55b59-fde3-4b91-9abb-908f5676005f,54,Male,46,14,No,-1
b4f8eb8e-c5e2-4428-b29d-f2afe2196040,18,Male,152,13,No,-1
5f3607ae-5c14-4450-b12c-b0cb53b66c1d,69,Female,134,53,No,-1
a137574a-252d-4144-a08e-2747bc3efe1b,23,Male,87,69,No,-1
23f0d88c-d7e3-4265-8789-682b260acaab,19,Male,110,64,No,-1
04229da6-07cd-4cef-9c31-ce61d4f7a639,71,Male,125,35,No,-1
b1c48e7f-0801-4c02-97e8-e59c90c61d42,50,Female,39,34,No,-1
1cc36477-bf07-4bb2-9532-e798f03d1a47,81,Female,53,32,No,-1
6305eee9-f9bb-4fa5-8100-73d6b9a36af4,25,Male,33,30,No,-1
c256afc6-ee70-46e1-97a8-f151c49e095b,48,Female,168,27,No,-1
b9cd1566-6f25-4ce5-b2a5-13b749874396,48,Female,112,61,No,-1
03efa63e-b563-47f3-a66a-92421d4699b2,46,Female,93,20,No,-1
2da725fc-cf64-4fa5-a736-d02b8ac0fede,59,Female,43,40,No,-1
9443f607-7cfb-4ad6-97f0-12688ee18c74,39,Female,169,82,No,-1
0d1b6bee-13b1-43a1-9976-90a7a6454032,69,Male,188,22,No,-1
36c845bd-ca59-4851-8389-288b97e1e409,48,Male,198,42,No,-1
411cd9e4-e3d7-4d4a-82d4-ad88191e8c1f,29,Female,99,64,No,-1
3b688520-352b-4b3a-b99e-34d226c73f9c,85,Female,137,20,No,-1
ea9e1395-318f-4939-b199-816abbbe657f,37,Female,160,93,No,-1
7088071d-a09a-437a-b349-dc1a47abb98d,89,Female,98,33,No,-1
7fe634ca-5a64-4e28-b330-0a12200648d2,44,Female,113,28,Yes,-1
03b6245d-4d7e-4430-ae74-ec83efe94a77,75,Male,187,42,No,-1
bf79d68b-b971-429a-812d-2c6e5391e3d2,52,Male,172,3,No,-1
231e29db-ad5b-4ef7-a6d5-02955e7ee409,70,Male,71,64,No,-1
734389c1-bc44-432d-b5fe-505feef0d865,73,Female,129,39,No,-1
8f33c916-9351-4030-a375-014358482252,22,Female,175,55,No,-1
5ed3e840-8a5e-41c4-ac84-671c5cc38d9b,23,Male,99,65,No,-1
dcd81028-c59d-44bf-92ca-f4a16cbd50ff,60,Male,142,93,No,-1
f0c55c77-e5a4-4f1a-b3f0-78c606247311,69,Male,67,96,No,-1
911a0096-38f4-448a-a02d-591c09cd8e54,28,Male,113,78,Yes,-1
632bd284-0802-4771-9a20-90996e7e5803,69,Female,96,38,No,-1
5dd082cc-9bb7-44f1-86b8-b953e7eadfc7,89,Female,98,12,No,-1
e9bef47b-4300-43d2-9675-7e5ca9873208,87,Female,199,3,No,-1
9f529f84-d82b-4874-a1ef-d408d1b741b8,45,Male,113,57,Yes,-1
002cce31-388d-4895-8d8a-bed3e83fb24d,74,Male,39,9,No,-1
4fe91c9b-9322-45ad-941a-998905f17eee,82,Male,66,28,No,-1
7c9db488-97e3-41a7-978e-669cf4fb9a91,39,Male,92,34,No,-1
7cd2e48d-d77e-41c5-a440-367e859aa49d,37,Female,145,26,No,-1
f546af4d-5823-4681-9c1e-08425c02adcc,56,Female,97,83,No,-1
fa3b095b-5691-460d-9ee8-b1ecba4f61e7,43,Female,140,77,No,-1
e42391c6-ba60-45de-9804-37d61802715d,18,Male,33,4,No,-1
d7a38726-1e11-41dd-b36d-b285b2646ed3,57,Female,155,73,No,-1
d358b8aa-7fb1-4461-a6f6-cda879723791,65,Male,94,63,No,-1
47c918db-18ec-4e36-9091-5660b17d0e57,58,Female,135,88,No,-1
ed4fa578-27a8-4015-b161-f1403c285893,60,Male,38,22,Yes,-1
b5e8399f-405e-499d-952a-38c1f465a9b2,78,Female,72,19,No,-1
a81b2cab-91de-437c-a310-fb6986e1ee03,29,Female,173,33,No,-1
58b5a790-0866-4bb3-b563-6e51421ad85c,82,Female,25,85,No,-1
5f5883ef-f978-4566-ae7e-0a22bf659ebd,44,Female,186,23,No,-1
50d6840d-aa8f-4c08-b6db-03a37eb94c66,90,Female,109,65,No,-1
4dcb635e-1f77-406f-834b-6dc74df97236,63,Male,75,30,No,-1
0224c2d0-4eec-400c-a19b-dee484349302,73,Male,192,100,No,-1
8e3cd5e5-3e00-4751-b4d6-bdc3462c00c4,25,Male,104,55,No,-1
fcbc1a44-9279-4162-a052-a7c486176fec,44,Female,58,14,No,-1
d9bae061-3cac-4b44-b035-8af2723f523b,21,Female,60,39,No,-1
4a3cad7f-a2b6-441a-8579-2db4978cee94,79,Female,29,51,No,-1
66ba7666-f4a6-41e1-b339-2eda69e98009,44,Female,180,88,No,-1
798b309c-162f-485d-90e9-9c321fbde6cb,30,Female,57,23,No,-1
a9fd1555-5dea-46c2-8bd2-26057467e50f,39,Male,54,31,No,-1
b9ceaa3e-babb-4797-bbc7-aa6021db3615,51,Male,200,64,No,-1
3da80cb3-0caf-477f-aef3-3ee5ee7a921a,43,Male,28,56,Yes,-1
6f0684e1-aa21-468d-9e5e-672d0cbd1144,55,Male,67,31,No,-1
8c8ff490-7de8-4cea-a217-0df1bc7c74ef,86,Male,197,5,No,-1
e1d1000c-1d96-4c7a-a8b5-bd53467e07c0,73,Female,29,44,No,-1
6a52a6ec-9596-4ecd-9347-37f6520fee08,19,Male,183,29,No,-1
7e04bbaa-9880-4c50-9f62-fd604e018b95,51,Female,171,94,No,-1
bafcaf75-6f96-47cb-9c93-b1a841ec292c,66,Male,25,39,No,-1
189cd6a7-8130-468a-8a59-ecacb3d47ffa,83,Male,183,44,No,-1
43caa5d7-acd4-42f8-9cbe-a87e423edd4e,71,Female,108,58,No,-1
1604105c-e55b-4e31-94c1-8585f24c89c5,81,Male,75,5,No,-1
37d3b666-0595-4330-a559-6a6a0bf4e4f3,50,Male,98,52,No,-1
cd6e335e-a00e-4d8a-81ed-4dd4231c0169,71,Male,38,21,Yes,-1
38386740-89b8-47d1-bdff-f074f562104a,25,Female,184,42,No,-1
444b1716-43e9-4a81-8db8-0f2def763f06,79,Female,177,2,No,-1
10ad9263-9836-44d1-aae5-e5ce08d5b132,36,Female,77,51,No,-1
ed1eb27f-78d5-409a-b4cd-2b555563ac95,39,Male,57,75,No,-1
b5c851f9-9dc1-4ca9-acf3-5e008f76025b,88,Male,60,78,No,-1
b511f61a-30aa-4d3b-9328-f411f5f23419,57,Female,179,70,No,-1
b7e720a0-ce5d-4e3a-b504-4e3b91283545,46,Male,174,24,No,-1
4f504804-de25-4f8b-b00a-c33f360dd3e9,78,Female,126,21,No,-1
6ab1e40f-9d9d-48ae-ac2c-a054b7dcbcca,19,Male,63,50,Yes,-1
14de6f03-20d5-4f6e-abac-0e373ecf1dd8,23,Female,195,96,No,-1
9fa858dd-2d5e-4702-b07e-9d4e0e47a8e4,25,Female,96,87,No,-1
8df7d002-7836-4ec9-aee2-cc03ccfb4b7b,72,Female,130,1,No,-1
1f336e6d-ec44-49cb-b625-7c309bac465a,37,Female,144,12,No,-1
fd9449ee-4ae7-4f28-bfc7-d3613773dfd4,40,Female,179,58,No,-1
dd6b15b8-2207-4c0e-b7fa-56004fdf5e2c,34,Female,82,53,No,-1
15658209-050f-4b56-92cb-3d69f4bb503e,43,Female,159,93,No,-1
a51dd080-1882-4356-b8c6-49db7378d199,59,Male,63,23,No,-1
d6ef6bec-4969-430e-9a3c-3a82269e01df,41,Female,141,75,No,-1
36c82a81-ae06-4973-aa81-2e9f1b8b1062,89,Female,109,86,No,-1
63d45862-d77b-4b6b-9c93-c6fbdbfdd31c,64,Male,171,32,No,-1
154d6532-8a03-447b-bdf8-5763c91260ec,21,Male,89,17,No,-1
26e5a6af-c5ce-4cec-a921-5701d6434304,38,Female,67,85,Yes,-1
742eca0d-1616-4478-89c2-019628ae43fa,58,Male,189,9,No,-1
4d1e4ed4-ea0d-4465-994c-5673f614ea6a,29,Male,111,29,No,-1
8c35841f-5019-4a9e-b5a3-8c133dad84d2,44,Female,113,58,Yes,-1
b24b2e5e-608a-4ba7-a4a3-e04c7db1f350,72,Male,146,49,No,-1
de0f3ef7-b7bd-427e-a23b-b7ad78fe5535,63,Male,175,68,No,-1
15dc3440-3d10-437f-974e-eb3f45709a24,58,Male,147,3,No,-1
918776d2-c2a5-4e75-9a7d-d7c8345dc657,90,Male,197,35,No,-1
aceb2cc0-f45c-41e7-a1d7-384ddfae6a2c,70,Female,98,30,No,-1
7a62bb53-6104-4372-b7ec-6d75fc7f0f6c,48,Female,170,52,No,-1
d793252f-728c-4231-936c-5314aa78b65f,44,Male,134,44,No,-1
155dc5a4-66c6-4ee6-a63b-48afca0c4a26,73,Male,168,44,No,-1
e111897f-0057-42aa-944f-0cce6539bd8e,77,Female,110,1,No,-1
2fee8469-4c40-4b01-a81e-eb46bf085a85,55,Male,89,38,No,-1
ca6a4312-6f8c-4418-b992-73a5ecb88178,26,Female,100,11,No,-1
b44f7dbc-a698-4770-997c-a973a5129133,77,Male,170,42,No,-1
116883a5-4624-4d09-a475-e66aa2e56348,45,Female,139,85,No,-1
1ca5e9d2-2ae3-4cdf-bb11-6f0f1133a12c,45,Male,177,9,No,-1
7088f7e8-01c3-42d5-8a73-ec9bb0b480fd,50,Female,44,26,No,-1
3aba6e35-84ac-4b07-b1e8-faf062b7a7c9,33,Male,196,56,No,-1
28add739-23fa-4ef3-b5ad-2223e628f65e,65,Female,78,74,Yes,-1
9e16c3b1-d653-40ea-8912-dde2b7a093ae,79,Male,53,17,No,-1
f5bdfbe3-e957-4917-b6aa-9902da101d0e,88,Male,67,26,No,-1
e55820a2-effe-4597-acdc-37c7197c2e9b,44,Female,189,77,No,-1
74323829-2916-446b-85f2-2bc1850125ae,34,Female,76,21,No,-1
18f067ec-11a8-4159-b660-47600da57c43,38,Female,190,40,No,-1
785888b3-ef2c-45ff-88b2-b8461eb8b402,75,Male,95,22,No,-1
ea19684a-18c2-46a8-85e3-e066dfa26915,60,Female,148,20,No,-1
3a0baa34-87be-410e-be79-0dc641b2d400,86,Male,20,41,No,-1
0a586b53-46a5-48e0-b8ed-87eeb510d6da,40,Female,132,91,No,-1
4d59e4ea-652e-4ce9-9f3d-5b393435c2ec,83,Female,53,80,No,-1
26f25ef4-9b9a-4485-8b40-44bc68cbd36c,19,Male,182,88,No,-1
3dd30764-97d6-4f96-8c15-3fda08f15ccc,24,Male,188,52,No,-1
56ed73ba-ffc7-4f39-8336-e39f3e372e36,41,Male,145,26,No,-1
c8525639-8bca-4340-85e5-53661d521a11,68,Female,178,23,No,-1
4fb30965-92bb-4d0c-9963-c447373711f2,59,Male,116,100,No,-1
ad57bca7-cf1a-42f6-8959-fe1a9dc9e800,75,Female,27,52,No,-1
fe366ec3-cc7e-4c78-9b20-02015f7fa9d7,42,Female,172,20,No,-1
3034e669-3dc8-48a7-9960-58373e2322f5,78,Female,49,71,No,-1
b4e54961-eb13-4c9c-8c84-dcf68964b52d,53,Female,106,43,No,-1
e70e521c-2274-4e02-b9d0-a8960369eb43,72,Female,83,29,No,-1
70d95f4b-e966-45f6-a83e-4aac23df3f79,63,Female,164,48,No,-1
67cef2c7-5270-4141-aa19-d40d517d3167,22,Male,173,95,No,-1
1d8ea9f4-ca04-4734-aadf-bba26c7b0370,56,Female,68,9,No,-1
f410c7b7-86a2-4327-9cae-6a4e638e9f71,68,Male,28,78,Yes,-1
ade1e8b7-50eb-40df-8751-7994d3055c59,53,Male,54,17,No,-1
2650433e-fe82-4cdf-9c5e-9e8d3cf5dc4c,53,Female,113,4,No,-1
a4eb431c-f21c-4c3e-b390-651d94d7f8ad,24,Female,29,87,Yes,-1
58d9a82d-2f72-42ee-8b19-3d552288cdfe,86,Female,160,25,No,-1
11322fd5-7bb8-4782-81a8-da8edca9cad0,82,Male,96,36,No,-1
c62681d1-6cd8-48aa-80f9-d90cc72c5954,30,Male,90,9,No,-1
c19a322a-e1fb-4b84-ad60-dd41eeaf97bc,64,Male,162,45,No,-1
c2015bfa-dfeb-469c-85bf-b627d62b7d88,75,Male,37,96,No,-1
353dfd52-75ea-4437-9846-a7e4d567eeba,84,Male,189,52,No,-1
099cc13b-71cc-4b15-9501-1b28e140f1b9,18,Male,96,76,No,-1
56b36490-90f8-42de-bdee-f45b3d004286,64,Female,165,93,No,-1
8fe3bcc1-0936-4de9-9703-44411634a13e,21,Male,180,8,No,-1
23ace256-bef2-4730-b4a4-ca388e9ccd2b,31,Female,93,82,No,-1
256b173d-59b2-4858-b01e-cf4893bbc4d6,31,Female,102,59,No,-1
b150ce31-4354-4fb1-b8ec-0ea1f3440005,80,Female,105,80,No,-1
74d9b5f6-3a39-4a5d-84cd-1d9a6252fe67,55,Female,165,92,No,-1
65a60cf2-7552-41c0-ab6b-32ee3f5d71bb,25,Female,189,44,No,-1
4cbf6962-b351-40e2-bf86-96f4be2935c7,63,Male,151,18,No,-1
375d7029-7bee-4bd3-b32b-da36f27a718a,19,Male,154,68,No,-1
87dc23e2-9031-4a45-b45e-8e9da62fc7d7,69,Female,84,74,No,-1
641d3e07-8f07-471b-8ed5-8ecbf3cd5344,90,Female,187,46,No,-1
f5468909-4e94-4c27-b1c9-a1bc0fc32d96,38,Male,176,88,No,-1
88ae672c-9bd8-4483-aca1-4ea5465b6aab,59,Male,179,57,No,-1
c1a6b14f-f4e1-4963-b837-8fb46d89723b,25,Male,178,44,No,-1
4edd3167-6235-4da6-982d-a2d33762d8c5,85,Female,45,4,No,-1
7342c622-c226-4341-8aa7-be2f30be17b8,31,Male,53,96,No,-1
2dee76ed-f261-4f75-bdad-f66209737d2b,60,Male,142,81,No,-1
886c64bf-c71a-4bc7-a56f-3c5050277d69,20,Male,188,43,No,-1
842f9527-7021-40e7-af0c-295a5d742bf1,78,Female,155,73,No,-1
9ca4115a-3d3f-4117-9181-364bbeea0b7f,24,Female,66,48,Yes,-1
535a4926-06da-4cf3-a95d-3a448c3691f0,60,Male,180,36,No,-1
e011f752-433f-45d2-84fe-89c3205c6d21,35,Female,78,65,No,-1
1808b824-2141-479f-afab-7e2c807f4188,87,Female,117,60,No,-1
4a4f8d2d-1376-4f35-982d-e7f06dd36df9,34,Female,186,24,No,-1
971f3bbb-5227-4d54-82a0-605c243ad01c,32,Male,133,84,No,-1
94935578-98af-4314-894b-424704937185,66,Male,134,25,No,-1
9610a723-3e8c-49ef-80b1-17d71618a898,89,Male,167,41,No,-1
6cc871cc-9b60-4331-bfe6-e395edbeb84b,29,Male,145,90,No,-1
80e43768-eb37-4ba4-a24a-cc71dce5d483,22,Female,148,26,No,-1
6efa0091-ef5b-423d-a752-ff3d7e1ce6c6,21,Female,153,55,No,-1
3352b41f-9f28-4cf7-8e53-76fdda42acf1,35,Male,114,100,No,-1
3e49bbb7-dae9-4c92-bef2-661b1228801d,33,Female,142,17,No,-1
03d6f551-73a6-441d-86a5-f885565e7c44,24,Male,53,9,No,-1
3e746904-19b2-45b1-8cf8-0d94d26d3796,67,Female,112,49,Yes,-1
b4d7f04f-83a1-47bb-b9a2-eef735801794,88,Female,183,81,No,-1
f74f4247-f6ed-424c-9def-8b162b0a41fe,43,Male,165,38,No,-1
e5fddd5d-fa4c-4f56-b7b4-d33ab81bd20f,57,Male,53,92,No,-1
3dec3d95-6d58-49f1-bf5e-1aa97370a169,75,Male,51,14,No,-1
2493c010-c81d-49fa-ab79-873d6f0b37eb,62,Female,49,91,No,-1
ac1209bd-9df6-4664-8ca1-7a83868cc833,62,Female,155,37,No,-1
81c0b310-8cd8-41a4-9158-0b8e00d94936,79,Female,192,66,No,-1
7d8a943b-a5c9-44ea-b302-416ae8569412,30,Male,89,6,No,-1
fc3d813a-b8cb-40d4-855e-19df42b11477,52,Female,75,65,No,-1
ecee4660-40d4-4a55-9569-a40b101176d7,41,Male,120,17,Yes,-1
f0f44657-91bc-45ba-8bb8-dafa3b7ff3af,60,Female,130,25,Yes,-1
e0d196d7-fef9-49ba-88fd-88445666106b,58,Female,144,41,No,-1
b948e7d2-6231-4504-9013-33acc8718d8e,79,Male,73,63,No,-1
8d0592bc-5fa5-494b-9f30-0f178de447ff,44,Male,155,71,No,-1
e3928ee9-8bb7-463f-acc6-11ae6bb45edb,84,Female,119,12,No,-1
59a97a87-5f2e-47e5-8151-23f1ff599bb4,31,Male,136,55,No,-1
48112544-6cd2-4078-83b1-c109d235e128,68,Female,184,46,No,-1
88defec0-bc4d-4112-ba12-a74cc43f836a,30,Female,22,26,No,-1
8d8745bc-39cf-4914-9d5e-78d9d809ed87,73,Male,131,81,No,-1
bc13f570-2768-42a5-9862-4b7b09cd7f79,71,Male,22,100,No,-1
cd7613f7-0381-4bcf-944d-f9080ce3e4af,49,Male,152,88,No,-1
dc2ff2a3-4a71-4796-b93f-11d2e4621ede,24,Female,139,52,No,-1
8adf307e-ec08-48e9-b540-cace57c119d8,79,Female,132,14,No,-1
f977c0b8-ce9d-469e-a258-68f251066fde,45,Female,89,70,No,-1
7baca1cd-c2b1-4686-9d56-1046ef0d7ffd,89,Female,198,77,No,-1
421d16f2-206e-477f-a26b-48330a77c3ae,42,Female,140,9,No,-1
15eca141-ef43-44d3-b83d-c14797d4f1bb,33,Male,57,32,No,-1
b26fc448-e33c-4888-a34b-6c9fb46c3763,42,Female,106,40,No,-1
100bbcc5-27e6-4c5e-83f4-fb4ea06e1fa8,61,Female,67,66,No,-1
bbbad962-5b1f-4b3f-a88e-7ae746b33428,21,Male,175,54,No,-1
db558ee8-04ed-448f-8a8c-f0968b04e436,50,Male,147,25,No,-1
4ef47c4c-bbbe-49d3-86dd-331b1774ce03,83,Female,87,67,No,-1
131e1e12-5262-40f2-be35-e0c34bb67172,51,Male,96,22,No,-1
589b7ab4-a428-4215-aff9-495d84b8f86c,20,Male,92,10,No,-1
690d6278-06e6-4691-99fa-4b7b511b7ed1,59,Female,42,26,No,-1
548f748b-dc12-44a0-b15a-39c36bfc6e7a,83,Male,128,74,No,-1
a6310576-5d92-46ca-960b-a7410931321b,44,Male,167,59,No,-1
774f9225-c564-401c-b1e5-08a66637aaaf,39,Male,144,90,No,-1
8006398a-eb77-4ba4-ba92-31088e2542a5,62,Male,154,74,No,-1
58df38cb-956d-409b-9cff-cabeae3e8502,52,Female,142,33,No,-1
38942878-8d52-4d62-a05d-9382d9b7bd55,24,Male,20,60,No,-1
d3d8710f-ebc0-4094-b92b-b3630b171bb5,32,Female,144,56,No,-1
edb3f833-9ecc-4ae3-96f6-fc77d9dcd19d,20,Female,161,79,No,-1
1034415c-8409-493f-af3c-da69a9d1f8d4,34,Female,77,27,No,-1
5752e371-95cb-4384-887c-866435852e71,54,Male,128,36,No,-1
3a909ee1-29a4-4899-b92e-4d790271ca44,67,Male,71,15,Yes,-1
447970ec-6cc5-4414-9884-c05c9dd6be35,77,Female,188,82,No,-1
fd271523-4711-4e76-9ebd-3468b78a914a,79,Female,129,17,No,-1
9d2d8d1d-94a8-4cce-9ddc-9ba92418ec9b,89,Female,104,38,No,-1
83c55369-8895-474e-abc9-5b61c3c051fc,77,Female,61,16,No,-1
eb16cf29-0d32-4865-b8ee-a0473df679af,26,Female,91,67,No,-1
8078d3d8-775f-42dc-967e-fa274619351a,51,Male,129,20,Yes,-1
d47ddf68-338c-4f10-ae03-ea926f8dd97e,22,Male,88,3,No,-1
f19718aa-764e-4a7f-a61c-89360e28bb0a,42,Male,150,69,No,-1
6cd1cf1f-5fa8-44ca-985e-70f37eea9085,18,Male,172,95,No,-1
e114a3a5-2c8d-4f4f-b2c4-0e942772481a,77,Female,185,98,No,-1
deb53f08-acd7-42d9-bb3e-3fe37b57c850,83,Female,72,20,No,-1
a91a0f2a-a82c-47f0-b9fb-83bcc671e63d,67,Male,151,69,No,-1
8c933777-7624-4bee-8508-b5d3ab5d8734,61,Female,155,82,No,-1
9ce63464-1e5b-4466-92cb-58a0e3c5db3c,78,Male,89,33,No,-1
1f2931b5-ab60-4060-8ed5-ceef87131b47,78,Female,38,21,No,-1
e20ddee7-1964-4a6b-95ac-235c052d4cf2,61,Male,175,36,No,-1
a09ffa41-8596-4a0c-b2dd-6ba3193a9f2d,47,Male,111,31,No,-1
9e06b96a-6133-47b2-8a96-19efd28448a8,49,Male,90,10,No,-1
87ec4866-5e93-4172-ac60-99562fccbe9b,85,Female,59,46,No,-1
674f0341-d993-41f0-b5aa-d276186b2758,46,Male,156,86,No,-1
9303e169-756e-41c6-996a-2aca122b9402,72,Male,183,80,No,-1
4db91a73-2f4f-4b27-aac7-d23598855d48,42,Male,40,33,No,-1
1de3d21f-95bc-439e-8331-eba3a52a1be2,19,Male,50,4,No,-1
3387e16c-c269-4bb3-8ebf-355601244074,60,Female,158,92,No,-1
60b06915-5959-43bf-8f2e-e92591180f96,30,Male,124,43,No,-1
6a0edab8-3011-4a47-b738-4355e0dea224,65,Male,67,65,No,-1
1ec176a2-c32e-46f9-ab3f-dc6d8cd81de5,83,Female,154,16,No,-1
26955e99-d515-4fdb-a891-747ddf783024,82,Male,66,21,No,-1
2421b03d-2a95-4273-bdd6-4e1692494bc1,19,Male,34,74,Yes,-1
53be2bad-0e58-4368-bbe3-8ec7d10b4d07,88,Male,134,24,No,-1
52d5a5e2-72f7-4488-822a-4f8b82b1bcab,62,Female,34,3,No,-1
40c215c5-92ae-49d1-bb1b-61a467d0edca,69,Female,123,35,No,-1
4f2442c5-b8bc-4f0a-b948-118d37262e3d,62,Female,163,22,No,-1
ebbcf844-5ba0-4bb2-a861-5aef2cc56afd,29,Female,88,1,No,-1
58b94da1-8977-4e1b-87bd-000870d22ffd,74,Male,170,40,No,-1
30df90dd-f191-4af4-9b70-db7eaff341b6,69,Female,167,24,No,-1
7f6c0706-4ddf-4eb5-8213-89256c50a397,24,Male,114,29,No,-1
b1c6fbb8-61ba-454f-aa9b-1fa5e6366d60,22,Male,165,57,No,-1
844abddd-53cb-4c25-b571-3a880276a648,25,Male,67,14,Yes,-1
9f72964d-6e97-4094-a312-ba5ba7c0b871,86,Female,185,67,No,-1
d341a80b-e2be-4732-afad-0c57a4323f92,68,Female,35,3,No,-1
cf3d8566-fa97-489e-9b5c-563b9d766f48,51,Female,47,34,No,-1
50f4735c-40c5-47ca-9bb2-8adbf5fcce46,40,Female,139,51,No,-1
581e33da-3bd1-4491-961e-4803cb80a563,28,Female,182,33,No,-1
ef5ffefb-48f1-491b-93f2-9ead7b7e3996,87,Male,150,28,No,-1
ec5e7631-d563-4510-8edc-56b33977e1ac,51,Male,190,53,No,-1
f5534be8-9a25-4c77-b5c2-fd29026ab4c2,45,Male,92,54,No,-1
5e8cc5ba-c5d6-4575-8774-18efbf97d43d,47,Female,157,39,No,-1
ffe9a7cb-be8e-49a8-97e1-2ac46561f538,65,Female,54,38,No,-1
33b68177-7f99-422c-8b17-b8d992713166,79,Female,140,21,No,-1
4a2d96d5-2511-4a0a-9ac0-76fd0a60596d,39,Female,35,53,Yes,-1
983cfc4a-8a10-4053-8a5f-74ca1aa35792,85,Male,186,25,No,-1
99439ec5-e0b0-4c16-9614-2393184439d7,79,Female,78,11,No,-1
1d9d4040-3573-4997-abf0-5884e0a37731,62,Female,36,49,Yes,-1
1d5ed42f-a586-44df-bb1e-2945fdc7cf87,70,Male,21,50,Yes,-1
ed4282a6-4689-4fbe-af69-71fe1363ade4,65,Male,109,1,No,-1
9e650e0c-9adb-4866-8e94-092b1ee8588a,40,Male,93,87,No,-1
f4aad71d-fa2e-48ca-b00d-4660a75c50fa,63,Male,78,67,No,-1
bd6baf1a-e004-4704-9693-5e8aca53a985,37,Female,179,43,No,-1
f771af08-58a6-4e9c-8721-519963d72d39,36,Male,109,3,No,-1
0be3f17d-15e0-44a5-9711-34d53dded3bb,78,Female,21,17,No,-1
e13ac5f6-f2ef-418e-932e-12bf7508d025,85,Male,93,22,No,-1
9f1683c0-9613-4dc0-a52e-20c3886ddcbb,42,Male,154,6,No,-1
4950ffc0-2bca-4dcf-beb5-62e67ab31cce,65,Female,89,29,No,-1
d796cea7-9ca1-4581-a819-8c1f96378f9c,43,Male,171,28,No,-1
0cd83ab3-43f8-4760-8ba3-00d04c0937c6,57,Male,30,3,No,-1
71d1801f-db6a-4eac-8cba-855b4c32e95e,32,Male,153,90,No,-1
84f49957-67e9-4d5d-a0e5-e3a14b4b5833,90,Female,66,87,No,-1
16852be3-0cde-47be-88a3-be2aea71e7ce,70,Female,61,15,Yes,-1
89da5ee6-b3ac-4a5e-880f-9e598db773a9,50,Female,65,24,Yes,-1
71844abf-c2fc-41fc-8df5-d32a2f8f1fe2,64,Male,129,19,Yes,-1
57e29607-9351-4499-aee0-c8e6466f912b,38,Male,102,77,No,-1
d736ef7d-84ad-4a03-9d89-f6c0343457d7,84,Female,118,65,No,-1
f8d78973-987a-4050-b635-fafe38884da4,72,Male,128,33,No,-1
bb6c39b8-d2ba-432b-84a0-cfc630c00fdc,36,Female,134,19,No,-1
65f49792-6bca-4e77-a886-35082db2d095,57,Female,39,63,No,-1
adfc2dc9-8732-456c-a835-87a80a31eaba,50,Female,127,33,No,-1
17ed1f7b-805a-4f27-9bec-defa74ffd846,82,Female,36,42,No,-1
30f63ab3-d327-44c1-bc74-768839c48854,24,Female,154,69,No,-1
3b9c2626-45c6-4925-9965-b434dd3c058b,36,Female,184,94,No,-1
c8a10a5b-7752-4a77-8f4a-ab766eb87d4a,29,Male,172,54,No,-1
3431d110-7921-4b7b-9b8f-3c12a509c405,23,Female,169,9,No,-1
80e5bafe-ac7b-4b3e-96a7-d5cd2539699f,77,Male,111,73,No,-1
a27ace65-83cd-471b-8422-c827fbbf4c0e,47,Female,64,54,Yes,-1
b6c4cfb4-e530-4431-9e63-73ab06ef23ba,45,Female,150,64,No,-1
48cc07e0-591d-418f-94ad-c67a279e0eb6,22,Female,76,4,No,-1
9e092640-bf47-42e6-bb7c-72e003b25471,70,Female,199,52,No,-1
ceb5f94e-b5bd-433f-8717-bb77de991e1c,87,Female,134,43,No,-1
c14e1fa9-60f2-4e1e-80cb-6366e840185a,50,Male,35,45,Yes,-1
d198ad07-f1f4-46e5-8d74-7f5739b6e2bb,37,Male,179,56,No,-1
363dac5a-049f-4166-93ef-5604ea443178,19,Female,134,91,No,-1
0d95f533-6de0-4525-ac46-a37c64aa26d9,54,Female,174,35,No,-1
d0206454-2d11-463f-bbd2-dbad1c0866e5,85,Female,116,71,No,-1
37bc81cd-c41d-4c7a-8f0d-9f65a0262f2f,19,Female,43,7,No,-1
9c13c9f9-4cea-451c-862b-adda3e4827ee,89,Male,185,59,No,-1
2d39dad0-7c4b-4d1c-8b3d-dc25be0e5e6b,86,Female,162,100,No,-1
a5a85f11-ee2c-4880-a90e-684154a4b6ac,58,Male,70,27,No,-1
9e57a72e-4893-4200-ac46-51437ea1991f,73,Female,149,22,No,-1
af164a66-b9dc-4d0c-b121-fef5ddff3bca,35,Female,50,71,No,-1
d5dc83f4-e850-4b40-bd26-a2a9aa2373ff,40,Male,72,25,Yes,-1
e49af1b0-af2b-4b68-8e86-88e787389055,80,Male,191,1,No,-1
76e4705a-0975-4410-9a0c-bf84ad01bbe0,64,Male,186,41,No,-1
e61d3090-ebfe-456e-bfc1-562502be5b93,78,Male,145,75,No,-1
d6df5ef6-bef3-430e-8c9a-06b338939a43,39,Male,118,56,Yes,-1
f442d8ab-6912-4e05-8088-bcb4a1aeb6ea,37,Female,38,2,No,-1
1e38c67c-b95a-4f99-8a14-e2fd0ce6f69f,48,Male,54,73,No,-1
ea47ae8d-02d5-428e-b610-9296e25b1fa3,71,Male,60,27,No,-1
6d914abf-af4f-4ad5-8669-f6418a7ea254,43,Male,124,42,Yes,-1
47a6aae0-cf1d-473d-b6ef-7680006846d6,84,Male,179,36,No,-1
99e196b6-03a1-4f89-a7c1-4889c03319ad,76,Female,53,24,No,-1
e946ec07-884a-4900-9851-106b5cfaee29,43,Female,158,82,No,-1
708628d0-9296-4195-8bcf-8bf3aaef2e09,50,Female,184,98,No,-1
32aaae35-9913-4486-ac80-e9555f1ce64d,21,Male,42,70,No,-1
3c2e2e8a-5374-4367-a773-3845a526420e,28,Male,107,51,Yes,-1
031be724-4caa-4c0f-a0b0-246ef2133d62,51,Male,45,20,No,-1
7106a871-a9aa-40bb-a808-d0be875d7330,64,Male,74,34,No,-1
4fc7f3d4-b8cd-471b-9354-a1033d82bcf2,41,Male,136,52,No,-1
d037a07b-d47c-4ccc-8b57-5344cf2c9965,21,Female,62,29,No,-1
b5d5a5a8-0cb6-46ef-9584-03a457bbd04f,18,Male,48,17,No,-1
07f5a472-ba4f-4a0e-80d3-826f23f122d1,54,Female,181,21,No,-1
6ebff380-4467-4eb3-8620-58ae159385b8,87,Male,48,72,No,-1
4cd238c1-73de-4583-8e02-c9a0c7353169,47,Male,118,22,Yes,-1
bfc7b71a-037a-45be-b464-8725f041f482,45,Female,25,54,Yes,-1
46c3698e-8715-415d-a2d9-e85b35f5e768,48,Female,169,64,No,-1
41c0ee37-e9c7-41b1-a3da-902a68d63b82,49,Male,157,69,No,-1
ef34752e-f074-4770-b6be-b05df0d93b6a,58,Female,34,34,No,-1
23e7514a-c738-41f2-8eb1-0dc8e146c547,89,Female,26,26,No,-1
4e520cd3-b34d-4bba-84b7-07fa91c81ebe,51,Female,91,21,No,-1
73ac91e2-6b57-4fbb-89f2-ef50b757a980,19,Male,56,93,No,-1
11ed2655-a480-483c-beb9-1db6b02239ce,39,Male,136,24,No,-1
2056475a-438d-45d5-a87e-8ad346903f60,72,Female,74,33,No,-1
99fec98b-7f15-4739-b941-27c7077618ed,80,Female,73,60,No,-1
0eaae44e-9025-46af-9d65-c820461cc70f,69,Female,44,29,No,-1
f82085ae-21e3-49b1-8432-4b8a7186b5cf,24,Female,148,100,No,-1
ff421c05-eec0-4e06-bcea-5cefa27852fc,69,Female,182,65,No,-1
d36057b0-81b0-47d1-bc81-4e9fc4e3a3f0,82,Female,33,55,No,-1
4bda599d-7997-48d3-a7df-8de1de096f07,66,Male,189,61,No,-1
c1d910ff-e404-4f47-a3f7-e4641531802f,56,Female,26,25,No,-1
0b021855-3b08-48e7-bd6e-6fb0ce08fabc,68,Female,176,25,No,-1
429281e2-5239-44f7-acf9-c1ae66029b4c,53,Male,171,87,No,-1
8cc23003-05f4-46e1-b507-f3596d9b3775,61,Male,52,84,No,-1
05135f1c-39be-441e-a247-a88d550c92c9,82,Female,44,11,No,-1
40bce9c5-935b-4f83-b397-ccce580bac67,53,Female,132,58,No,-1
d8e938f7-944e-46f7-a3c8-c8178b01696d,62,Female,37,45,Yes,-1
32e0d708-63e1-4e41-98f2-c7a31ad53577,31,Male,147,51,No,-1
4db4cb10-c87a-4451-858f-28f70eb8d242,35,Female,113,72,No,-1
c4f83352-ec03-49ed-bfb8-a457d09f06ad,67,Male,28,100,No,-1
f32fa206-86fa-4d4b-bd62-acbafa3f7b2a,29,Male,65,22,Yes,-1
b170aecc-98e9-4ac1-894d-35053648b9e6,57,Female,25,57,No,-1
3d0a150f-5b0c-4529-bb21-625f2023ae59,21,Male,41,46,Yes,-1
a23cebf3-e924-4779-816b-bcb28f8be66d,63,Male,181,39,No,-1
df883776-bdb0-4bce-88e0-58014fc96449,70,Female,185,69,No,-1
2f58ad98-0890-4500-beb2-7fe91987c5ab,79,Male,114,11,No,-1
4bfc99df-d265-4651-be7a-9b9504449b66,41,Male,179,92,No,-1
577c7f54-1fd8-4d66-8300-8b674d3f10cd,52,Male,168,27,No,-1
81551ba3-d3c8-4d1f-b31a-14f047711de9,63,Female,180,14,No,-1
b22d6b45-e743-41ce-ba7e-c8a0ec842715,44,Female,54,79,No,-1
deb35368-ea21-40fd-ba33-6a0b99753293,56,Male,117,39,No,-1
3080cc96-8e21-4ce1-9200-99cc468f8096,40,Female,182,55,No,-1
3bc048bd-4255-41fd-9730-43d942fd832a,23,Male,71,21,Yes,-1
e40556b2-30d8-4618-b944-c7faebba2567,36,Female,145,34,No,-1
057f30e8-141a-4ae3-b3ea-8d0127b22275,47,Male,147,90,No,-1
63dd03de-384d-4380-b4d2-8e91a06c8eed,60,Female,21,29,No,-1
318d435a-615b-41a9-9b10-6e53766468ca,64,Female,81,8,No,-1
497f2d15-dbaa-4866-89a5-2d26a87e2b74,36,Female,86,79,No,-1
1af0db7e-304e-4e72-8a64-b392f0dbc367,54,Female,131,77,No,-1
4153434e-0b83-4e27-bf17-3470e6086551,40,Female,45,80,No,-1
da21d29f-e947-4af1-b176-117d4c6b72b3,56,Female,101,13,No,-1
e98c7157-edf4-4ada-a335-54c73d29ad9f,35,Female,169,83,No,-1
9677a417-140e-4dc2-b63d-61b43ae189d0,64,Female,166,40,No,-1
326712c1-300d-4ac9-99b1-b668165e53d7,52,Male,55,47,No,-1
269b232e-b00d-4174-8c4a-4c400b2ce195,64,Male,111,98,No,-1
2790b576-1e82-48f6-957d-c5113bb6c49f,81,Male,97,16,No,-1
43fb8ba4-6d1b-4b16-922c-36a8a5a20f30,21,Female,38,46,Yes,-1
86613b2c-a6f1-4a2d-8676-3df455681adb,44,Male,33,3,No,-1
2e26fb51-853a-42cb-9ce2-6c50fdca1b81,74,Male,84,12,No,-1
05e94e91-6b30-441f-99c3-b1c22f1e258f,28,Female,71,15,Yes,-1
fdb67bc1-7d13-4948-9c17-13df1547dbcd,90,Female,125,18,No,-1
0c973278-ad31-4183-acb4-e65533a14f15,81,Female,176,35,No,-1
6dd12ebe-4afb-4dcf-937e-d1150856fc6b,25,Male,169,6,No,-1
842a01d0-6194-4792-8e56-998508c14f5f,36,Male,101,66,No,-1
521714cb-8c0e-48cd-a134-e5256c1e2301,18,Female,63,90,No,-1
bd0740a4-aec1-4ea8-a700-5c5faf18abdb,64,Male,101,20,No,-1
16452979-2a33-4406-b7f5-335c63ee6a84,74,Male,149,100,No,-1
c46a656b-aeb2-4f13-9fce-33bbff6f9d9f,48,Female,58,32,No,-1
0de5a60d-5a42-4887-8b49-23094dbf7157,57,Male,195,59,No,-1
99656987-5967-4e15-9881-dc0f50c9d2b2,86,Male,42,77,No,-1
50670600-c2a3-4fae-828b-2d4a72fa0a0d,60,Male,85,16,No,-1
155e5a51-8da9-4831-bfe9-9c5e1d821c8f,70,Female,192,100,No,-1
ee6da619-f0a5-456a-a9bf-6248498de83c,74,Male,189,61,No,-1
a5af3c61-3c4c-49a2-92e0-fb7c78d8de3e,73,Male,36,24,No,-1
cc563259-c62c-4932-ab60-9d1cac5ad248,26,Male,175,11,No,-1
4e2617c5-d686-458e-bad8-3506c15f3f8b,85,Female,47,5,No,-1
4564dfab-43b3-4eb0-baf7-4aa848b58026,23,Male,51,23,No,-1
9f62104c-f064-42f5-8d5b-994d6e1efb99,85,Male,190,31,No,-1
5c6b84f5-32fd-4cc3-a9e8-180788d54aa4,67,Female,126,41,No,-1
d15a2bf0-66dc-47c5-b402-377771c78d4c,39,Male,22,30,No,-1
93a09b9b-2cb1-47ff-83f2-410d8011bb46,53,Female,36,96,No,-1
13c416c9-30be-4b82-84fe-d9cb8db9f9c2,23,Female,159,50,No,-1
bb632f53-16b0-43d6-9a79-7c7c98936557,64,Female,21,26,Yes,-1
f7d3b8f9-81e1-47fd-bd48-90ee829d5fec,69,Female,79,75,Yes,-1
872c74c1-7e60-425a-adbb-a54e53f520d6,25,Female,28,81,Yes,-1
019dff96-caf2-4841-b159-ff6105fbc637,85,Female,186,51,No,-1
753ab1eb-268a-42f1-9f7f-e6695c62708f,64,Male,100,32,No,-1
102cecbf-1ab9-4636-87a1-a5e009848672,22,Female,98,57,No,-1
16cb82a0-a158-4fc4-a7ea-755ae23614e8,78,Male,26,56,No,-1
2c9321b3-e02a-4441-8614-fda44fdb7fd1,20,Male,118,43,Yes,-1
f3f86bec-e355-4232-a628-33f57123be5e,43,Female,164,71,No,-1
344f052b-d379-4fb1-bd93-0e4539bccbc6,52,Male,82,71,No,-1
a6e504ba-1640-4ced-90fe-22e6d5bcca19,38,Male,188,51,No,-1
08b64fc1-b8d3-4dc5-943b-91a5a11367a1,86,Male,33,17,No,-1
05e3913d-9e2c-4ba2-ad5a-092d4cb151e2,26,Female,160,52,No,-1
2614f2f8-5eb6-4245-b2ab-f99c0da19e0e,73,Female,36,22,Yes,-1
abd8efcb-c06f-444e-bfca-c986079cd052,36,Female,156,6,No,-1
4afdfa8f-d568-4fec-bf98-a597cabdedbe,40,Female,161,47,No,-1
ff716af2-34ad-416f-8772-b1d3e6e205cb,49,Male,191,58,No,-1
51c8d860-da86-4414-9b6f-9c1a398c25bd,82,Male,131,23,No,-1
e2bad84c-27cd-4159-b31f-b75e31198891,60,Male,187,91,No,-1
03cf56d8-9e1a-4b76-8dd4-7c224a2fb9c2,34,Female,171,4,No,-1
114f329f-5480-488a-a416-9f7dfd4cd3b0,33,Female,200,67,No,-1
40df2979-5819-4efd-90b7-777e51ea6ec3,72,Male,114,48,Yes,-1
01b30056-c23c-4466-ad59-dabc80bf7608,70,Male,160,52,No,-1
11ff73e8-b861-43a9-a7e9-7fdd1c555dce,46,Female,46,44,No,-1
0113127a-f99e-4217-810f-fbfece4d0ae1,37,Male,100,5,No,-1
b27a6418-3257-450e-98f7-92ee6f9d5792,52,Female,181,74,No,-1
680a2a82-b953-4a20-be36-f100f7217d88,23,Male,190,24,No,-1
18ba310a-c41c-44cb-ad1e-9001377a437e,87,Male,32,19,No,-1
4c570507-a2b4-4ad1-91f3-b3c993e8c872,44,Female,150,15,No,-1
b3074ada-7fe2-4609-a425-069d704a864e,58,Male,69,17,No,-1
94114790-bfd6-48e6-aa82-95623cf22f59,64,Female,72,16,Yes,-1
e8eb92d8-3f27-4b38-bc68-6fa1c342eab9,67,Male,179,39,No,-1
a1035c53-8c57-4a80-b331-88290699ff17,57,Male,83,12,No,-1
8e31d442-3889-46b7-85e7-63386b57870a,87,Male,81,69,No,-1
911f1579-924a-469e-8731-3d2910b78909,69,Female,106,30,No,-1
a21660b4-5514-4d8d-9299-94fe8e139784,22,Female,49,8,No,-1
a09efcf0-d542-4de7-b4be-222f77404dcd,82,Female,86,16,No,-1
aa75dfd5-80c0-4bef-bd48-f58d559c53ce,31,Female,104,54,No,-1
b8cf1052-6891-4ad8-9f01-9ac018ada6a0,26,Female,38,43,Yes,-1
13e1035c-3d9f-43be-a148-8914b57bd7c9,22,Male,188,78,No,-1
8eedea05-262c-4309-9047-a7926ced7b81,86,Male,53,84,No,-1
2b87c6e3-9514-4788-b882-652e2f5a38f0,33,Male,154,37,No,-1
4b1dc47c-5b6c-42d6-8ace-b62a9450a1a6,28,Female,147,95,No,-1
0c3f1f06-76a5-4d8f-a616-affd7d22cee3,54,Male,135,52,No,-1
4332caf6-332d-4c98-aa73-d4e91863683a,66,Female,159,91,No,-1
659fd819-9c9f-4c7a-a4fd-9a1f5ceac22a,35,Male,48,38,No,-1
51de7156-3420-42e8-881b-a4a1d09b3cfb,26,Male,144,52,No,-1
e32e1916-5ad8-4256-be4c-8a04c879dc8f,41,Male,69,57,Yes,-1
2c8fc283-88a5-4c53-86fa-2c3a9575b4f6,52,Male,75,56,No,-1
c3737be9-6dee-46bb-83ef-ea13f9c473c2,46,Male,100,30,No,-1
4778940e-6595-4d45-98f2-d59f0038d367,43,Male,106,42,No,-1
f6d09236-068f-4c69-a131-1b462aa25675,20,Female,44,11,No,-1
d90290fe-9851-414b-94f5-c4314f882b75,38,Male,135,2,No,-1
545004c5-db92-4d9a-ba82-5673868a85b8,60,Male,102,33,No,-1
e2f138ae-ff2e-446d-905d-639ab463174e,60,Female,57,48,No,-1
594cd3e1-3777-4d6d-bee4-4ce851b14e81,33,Male,107,72,No,-1
7357bfe2-fa87-43b1-9ada-32237e764527,65,Male,114,63,No,-1
b3ad3b0d-0b60-4193-b59a-19a7428fd9cc,41,Female,187,57,No,-1
c3276a54-03e1-43c9-95bb-b3e433aee34f,74,Male,176,62,No,-1
1ac8af03-b7bc-4839-a279-85a55aaf3c11,29,Female,197,9,No,-1
19e80bc2-ea44-47b6-a45b-52f014cc5ba5,70,Male,94,17,No,-1
383797cf-99f3-466a-96fd-72fc06bbd8fc,31,Female,145,85,No,-1
9a5e96db-bce1-4878-8a11-1f5eb53dd003,61,Male,27,29,No,-1
177f7669-ee66-4763-8a81-8c1a8f1880ef,49,Male,148,22,No,-1
78d4a320-4a8c-4e41-8040-3e29e51e8a04,47,Male,126,15,Yes,-1
e77ce475-6b16-41c0-9110-fdd398550843,73,Male,189,54,No,-1
c164ea7f-e4f2-4d78-ab26-a8e563a75757,77,Female,52,40,No,-1
3b38c096-b59d-4707-ab74-b505f1176cfe,89,Female,180,98,No,-1
db4685fd-35c2-48f2-95ca-decb435eed0d,83,Female,105,24,No,-1
4be91476-bd05-4e5d-a315-b4252e486f52,24,Male,96,65,No,-1
3aa5b9a9-6e21-4dcc-b08c-53262c1704a4,58,Female,141,8,No,-1
5dd29504-4483-4e42-b63d-ed16b2525da2,36,Male,183,71,No,-1
04a42645-5a10-4d66-8b2b-d49d5e8b8ffb,47,Male,113,35,No,-1
5b27d79e-5cbc-491c-ba9f-93900e93c76f,51,Female,41,9,No,-1
a3d070c5-ba2a-4ef4-89a9-c8901161cafc,66,Male,105,22,No,-1
f8595492-8279-4d5f-99c3-b418d83fbd2c,62,Male,92,1,No,-1
080e4848-a79b-41fc-8a26-9f7965caebf9,49,Female,54,85,No,-1
8774a2fc-720b-4130-8f5e-cd1dc20f6ff6,24,Female,106,71,No,-1
216a8817-2d28-4cb3-8de7-ba718e7f379e,90,Male,134,88,No,-1
12724861-dd38-4b7c-a692-21b3d1024994,59,Male,190,21,No,-1
73bfe821-f101-4a6b-bb4b-17d47061629d,72,Male,78,14,No,-1
2a42f759-172d-49a2-9079-3eec73fd7889,52,Male,80,61,No,-1
933d20d4-8773-4d0b-90a6-c1fe84503ad3,55,Female,94,16,No,-1
5f99583f-79e6-4033-89ff-b035803c2cfa,81,Male,188,37,No,-1
df3a9af8-e62f-4947-9483-b5e7bf0d48ec,76,Female,58,92,No,-1
323aedd1-429e-408a-9b8f-804a2d0c072d,39,Female,87,4,No,-1
1aedb09c-e5ea-4457-8055-dc06f133e77f,59,Female,42,20,No,-1
d07eb8bf-7344-4d63-835e-b25266def6c3,20,Female,92,8,No,-1
d66ebb5f-feef-4113-a692-3e0f0f3ac747,41,Female,61,38,No,-1
13b1571f-0c07-4499-8842-b8b6fe09b50c,71,Female,176,91,No,-1
33f2b5a2-1839-4bff-a72a-34450716c99a,62,Male,180,53,No,-1
c29bbce5-0487-4e61-944a-10faf4b82c4e,82,Female,159,46,No,-1
3e97f271-111a-487f-9072-7a3649c170c8,55,Male,98,76,No,-1
3f9a6534-4461-46fb-8ce7-1f779c21f1b5,42,Male,191,23,No,-1
0aa209dc-281d-4696-8507-c4aa5c45950e,33,Male,108,75,No,-1
04e93070-60d5-48f9-abdc-c378d40e936a,68,Female,125,21,Yes,-1
5fa1fe5b-d6d2-4e17-ac08-d01dbe8dbc46,89,Male,182,82,No,-1
25872380-a44e-4f67-8c99-093915a1dd82,66,Female,64,28,Yes,-1
aa29d057-a7d8-4a30-9789-3078daad3e6a,81,Male,153,93,No,-1
fa714433-1a8b-4f16-9196-e62af137079b,51,Male,60,30,No,-1
8cac6abd-ea8f-47f3-bc3d-89d8113049f1,35,Female,101,11,No,-1
b22f28c4-b058-45f1-b60a-01ed873bfbdb,61,Male,178,3,No,-1
61b8dd69-d086-4ebf-8ec7-4bb75b3ea547,48,Female,28,37,No,-1
90be5382-dc78-4ed0-bf4c-bb33ce49fe23,75,Male,149,75,No,-1
21f16386-6fc0-4794-a70c-1376256221e1,35,Male,91,54,No,-1
fee49100-1682-4d76-b90c-263ccd40f625,74,Female,163,5,No,-1
eacc7ae3-4e98-46fc-bbfb-0455b604249a,34,Male,148,43,No,-1
d577e1e0-e4d0-46cf-b731-d127f9e168ee,21,Female,178,9,No,-1
a3e3df2a-683c-4136-bd6f-1f7b9fa4805b,57,Female,60,31,No,-1
eae0e35c-5fb3-4b52-bf05-d5f2464ce41e,29,Male,102,27,No,-1
b2943001-b2f6-4d08-bc24-c8b7a7fc23b4,54,Male,82,14,No,-1
0c3a4a79-6a9c-47b0-846f-b00756f15d60,72,Female,62,13,No,-1
67f38c60-166d-4752-8775-f7b682e4a886,28,Male,69,9,No,-1
7bfe0d9a-9ccb-4327-8286-8d691f0c4333,70,Male,179,4,No,-1
19bac79a-de64-4102-9532-672b363d62a4,79,Female,89,16,No,-1
dcea9b1d-1568-4792-8ba9-d4d659b28fc1,64,Male,145,77,No,-1
fde5345c-51ae-4eab-82bf-2ffc593abe4c,51,Female,103,59,No,-1
b6e1f4c4-5a03-4bc3-b1f0-701881591944,59,Female,177,44,No,-1
b4d8ece8-2429-4955-9417-bd95b6f0a551,48,Male,153,41,No,-1
d38286e5-35e1-4bf1-b5e3-87003a553a28,50,Female,174,85,No,-1
7a1315a3-96e1-40a1-a091-1a505914e7dc,69,Male,45,47,No,-1
2d068860-3b10-4818-973a-6d77659abdc1,74,Female,171,69,No,-1
76d78734-ac37-46aa-955e-19f003c437d0,71,Female,148,48,No,-1
53564b73-d581-4012-8c3d-998977aa8b8c,48,Female,39,29,No,-1
eea565e7-ef2e-46a1-a33c-95bf282997f5,42,Female,171,63,No,-1
37c7137f-83e7-4252-b5df-3b55b08b572d,38,Male,70,63,No,-1
6ccc4fe9-7277-4d9b-ab81-e3754742c873,81,Male,129,54,No,-1
e44756a0-f9b6-42ce-8cdd-f21b3c479826,28,Male,31,74,Yes,-1
4b85e090-712c-47d7-9fba-74f1f5565096,81,Female,182,70,No,-1
7178e958-c73f-4556-9e2a-2b3441f49d39,67,Female,172,40,No,-1
288e25bc-b3c6-4ae3-9137-4e6621abf394,55,Female,166,23,No,-1
caeadaff-981d-42ab-9f5f-de75d31ca0cc,78,Male,100,20,No,-1
df4c14b7-2e8f-4fa2-9a6b-99719ebcf081,55,Female,59,86,No,-1
c0d855b2-f827-4584-9b37-1f5f0f61e184,83,Female,149,97,No,-1
4ae99568-731e-4242-9c0b-0820dd00f325,44,Male,154,95,No,-1
ab1f4619-988c-4cb1-b5a0-2c48608dd81a,80,Female,171,80,No,-1
2e364f07-609e-490d-9eda-74225dc8ff54,54,Male,176,23,No,-1
2f822ce0-f2a0-455e-863b-e5416013e29a,70,Male,168,62,No,-1
1f7fe7f3-66c1-4599-82cd-38a905138c17,24,Male,39,8,No,-1
df6bbe52-369a-4412-a33b-ed28e8654720,76,Female,128,55,No,-1
37afc04d-e1cc-4be1-9d85-20171e30dd49,81,Female,26,51,No,-1
5e98af57-e56c-4fe3-a742-e69a57cde300,32,Female,119,59,No,-1
98503845-f957-4967-8f83-cc3a68f8b94f,55,Male,118,72,No,-1
53df6508-bc11-44c1-905a-5a87f70b8e41,86,Male,83,23,No,-1
e07783a2-cb24-4520-96eb-7a3dc7947658,70,Female,27,99,No,-1
c516359f-9dec-4ad4-a106-b11bec65933d,78,Female,105,98,No,-1
035eb050-c0d2-4b29-a3a0-a3450dccdf6f,73,Male,172,29,No,-1
24b13632-4f48-4d87-8b10-83ece1075cef,59,Male,26,56,No,-1
b1645ca2-d2b9-4730-ae34-1837996c779e,58,Male,54,96,No,-1
24742e29-aab1-43e8-81b9-a57a777e4d0e,54,Male,200,20,No,-1
d6ad83ba-e1e0-4487-aed9-bbac356be3a1,68,Male,154,81,No,-1
e0cecb0b-8b37-45ad-a4a3-de34c6558c6e,59,Female,98,84,No,-1
de0ba253-9055-43ef-b130-3e28be4705de,23,Female,28,18,Yes,-1
f824fccf-a3b8-4926-85d3-0b0f52eb1be0,70,Male,70,99,No,-1
8d2e215d-f966-4f0f-9d33-9bbb080e7ee7,53,Female,78,28,No,-1
4a94b5a3-1b38-4035-a287-dfe105ba3dac,83,Male,174,4,No,-1
2e76bfa0-62e7-49b4-8cd3-f8429e7c791f,75,Male,147,67,No,-1
2781731b-c94f-44e3-99a9-712f23c86062,27,Male,182,60,No,-1
cc0179e3-a10c-43be-8bcb-a03419237713,87,Male,82,29,No,-1
781549a5-22a4-411b-8b5f-ed41e076c3e6,53,Male,50,79,No,-1
d8e6dea8-0e6c-4946-a359-53d7700ee965,44,Male,141,10,No,-1
0afcdd2d-cf9f-4ee3-8c42-4606651439bf,83,Male,182,69,No,-1
a45f8eaa-d635-41bc-9497-a3a44e90b44a,28,Male,179,45,No,-1
f9a604b4-d3ec-43be-8500-5794f0ccdd63,28,Female,161,58,No,-1
3c9d3491-4072-4864-8825-6d09858c6b08,78,Male,181,58,No,-1
75119e89-4b8b-4f44-8428-5de21dc8f517,36,Female,120,20,Yes,-1
15f795d8-ca03-4cfc-a52b-ef7fc5aaa303,78,Female,151,35,No,-1
4b367e6c-5da5-467e-84cc-9e41641d7e04,53,Male,94,4,No,-1
70094b30-59d1-4aca-b3c6-aa5e0fc0cb2e,76,Male,24,47,No,-1
8a946454-b74b-47a8-9452-bec244b251ff,46,Male,66,60,No,-1
08137f6a-7a68-4f0f-92c6-aa441fa554e7,79,Male,161,2,No,-1
b3f7a9a2-d040-4612-990f-85fee7322aa3,52,Female,107,11,No,-1
e9a3b1bb-7ad9-4b26-9591-150a2850578a,54,Female,156,14,No,-1
3a3026de-be91-4844-97d9-10b42d363ba6,62,Male,105,83,No,-1
31d41909-5d23-4df5-a4bd-f0a8240a4b10,69,Male,25,28,Yes,-1
573e9c97-06b7-407e-aa67-d7e439701ec2,43,Male,51,95,No,-1
79337a8b-1761-48b3-8197-f0009a8440cf,66,Male,169,5,No,-1
a6dd7eab-ecc8-47ac-bdc8-0f31da51b001,84,Male,32,32,No,-1
8222e392-d407-41a3-8780-ded30395ec68,38,Female,28,38,No,-1
ee5b870b-e975-4f2f-8d7b-01b2e2dc85b3,53,Male,154,90,No,-1
49e02689-ad3a-44e3-ab00-952a04d28606,50,Male,29,50,Yes,-1
b4d76321-d559-4702-b803-5f82f37bb0f3,53,Male,39,13,No,-1
1d613499-b283-48a7-9f9e-f5eb9ba90289,64,Male,70,10,No,-1
808022d5-6e57-4845-9ee3-7e3b8095608a,76,Female,55,34,No,-1
6b6d61f8-ddfb-4e49-8861-4d85e9dd2a95,30,Female,181,70,No,-1
e150a58f-4b33-42f4-99ce-6c12c6212b86,26,Male,200,84,No,-1
7422862e-c374-473d-bb4d-7f30ce24ea56,65,Female,181,38,No,-1
a90f9557-1009-4c95-b39b-bf42b9a6d631,75,Male,182,62,No,-1
9209c9c9-3fbb-40d0-b875-4d13d5300718,80,Male,195,86,No,-1
957bfed9-e20f-4bac-915f-9be7d06bb1c6,47,Male,155,18,No,-1
0787f9c3-a7d5-40a4-9094-ac4e2e66c5e8,59,Male,187,7,No,-1
8259f501-f6ff-4f25-9831-6e8267d823ff,27,Male,181,24,No,-1
7c620215-9f8e-4441-b065-eede4ae96b77,72,Male,70,100,No,-1
07dc7fa7-b364-40ef-b1f4-e7dfd493124b,80,Female,198,65,No,-1
17d91b8a-4099-421d-b794-e2ef24ef6542,24,Female,143,30,No,-1
9423eaa7-a63b-40e9-a517-53ccfc8b50bb,34,Male,155,72,No,-1
a1086321-0b20-4988-b96e-fdf4e11e0338,26,Female,34,22,Yes,-1
91b6c49e-28bc-4a68-9981-6323073e6b22,38,Male,185,33,No,-1
ca98e81b-9a7b-4fbe-a292-f0f298931b54,52,Male,116,65,No,-1
a37787a7-4f33-4c3d-85c5-5620fb313dc8,80,Male,183,86,No,-1
b39c8474-794a-49ef-8b3b-ba32751d93ca,81,Male,93,88,No,-1
6827d411-36e4-4bea-8fc1-79634cd1200e,58,Female,81,55,No,-1
c29acd06-a92e-484c-b378-9c974766e275,90,Male,186,80,No,-1
b2575e82-4513-44a0-a76e-d00650eb665e,29,Female,73,44,Yes,-1
246045a9-b0e6-4cf4-b752-0f30eea471f7,45,Female,155,1,No,-1
ca06c91f-4105-4fa3-bebd-81cd9e1f5cb6,67,Female,65,61,No,-1
eafd3ebf-d4a3-4711-8aad-dd890afb79e1,63,Female,148,30,No,-1
d26da234-0c9d-4b79-99fe-83717bb021a7,58,Male,25,6,No,-1
4b62fd66-6bcd-41d2-a001-9ada4f401d5a,89,Male,106,73,No,-1
82c7b27c-e2f7-485c-b568-e87e351ef5bf,76,Female,109,87,No,-1
93bfd597-a9e7-435a-9aaa-216877f05045,65,Male,26,39,No,-1
2af4a221-e51e-4e7a-b0bc-9304c198aeff,33,Female,178,44,No,-1
ec1fe9d8-3a91-41f7-b275-8352e215c462,41,Male,65,83,Yes,-1
8f7413bc-9d51-4dfb-abb4-f7231454de82,53,Female,165,39,No,-1
ae4a46b5-ca63-4e4b-a7e4-33ce433688c4,31,Male,144,95,No,-1
3c11f477-de6b-4311-b71c-ae74025129bc,55,Male,61,49,No,-1
c1fb5417-4ecf-4f6a-a1c2-e3306b0307ff,30,Male,21,28,No,-1
a6d40558-58f8-4977-aa6b-20f43bcd6dfa,47,Male,99,41,No,-1
e28981c3-a239-4334-9059-ed145cb7ffb8,41,Female,25,98,No,-1
0a93bb17-0693-4fe7-bfdd-d4948702b07c,88,Male,62,52,No,-1
cf81cc1d-86b2-4ad8-963a-f67de6a9f32c,55,Female,108,10,No,-1
ea954c75-c936-4159-910e-144d1e476980,50,Female,55,55,No,-1
8dbe7d2c-bab6-4e76-a617-7bbb0ddb2db9,58,Male,171,23,No,-1
14ed5943-e856-48a8-9ae6-f66d0fcbeaba,64,Male,97,17,No,-1
35d5421d-206a-48c7-a12d-613e9318f11d,26,Female,121,37,No,-1
874b3797-be1a-4934-9c33-73665c05c8eb,18,Male,46,12,No,-1
68e0298b-7a03-4d26-83fe-e38b5e350840,36,Female,196,34,No,-1
9d827cb0-8d1e-4fcc-8ac7-dcb05b918fb2,38,Male,59,46,No,-1
e798e035-4680-4f2a-9c1a-c3dc98ebff79,69,Female,178,87,No,-1
a6c0890e-e006-46f6-b1fe-a886306d867e,37,Female,166,62,No,-1
a232ca8d-6884-4630-b038-53a9ad73c037,72,Female,59,11,No,-1
3afbf70c-b06f-4987-a785-54fe820e6345,63,Female,99,50,No,-1
968d6480-2b55-409e-b50e-8421673456df,38,Male,55,94,No,-1
2dbc0e17-0b9e-4179-9b05-24d87144d64e,86,Male,161,46,No,-1
553b977e-e3e4-4b52-9f0c-54fc70035897,49,Female,73,64,No,-1
02995e58-17a4-4322-9543-55e70c79a29f,62,Male,87,5,No,-1
9c96d8f4-ca6e-4ef6-993c-cee7b272b65c,56,Male,87,16,No,-1
19199b7f-6397-4d15-8094-d2a1160b13ce,90,Male,114,58,No,-1
e4c9aa31-9af0-4fee-967b-2d775a4aa654,49,Female,90,13,No,-1
8092ab8c-6ab7-4ccc-8beb-113af3dbacb3,63,Male,74,26,Yes,-1
8f810406-9d28-4e3e-8552-beb130e0d7d0,59,Male,183,66,No,-1
da938cb0-68fa-4157-9c76-8612929a7110,80,Male,165,4,No,-1
3aa2e244-b176-4a74-a0f6-8fc804af346a,32,Male,174,10,No,-1
973305c2-92a9-4338-8658-72f0fa94f651,51,Male,38,6,No,-1
e8ec5d9d-ef30-4f96-8aa9-f1d3db9a31fc,55,Male,159,26,No,-1
200c2505-0bc1-4060-8d36-71d0705da59e,21,Female,66,61,No,-1
d956e701-905a-476b-a18b-77026b1560d7,19,Male,38,28,No,-1
78fdb875-6b1c-4f2e-be18-46d27c4621fe,59,Female,50,8,No,-1
c8bf523b-f1e8-4aa3-9701-4475c66dbf9d,84,Male,181,1,No,-1
9d0702ab-5496-4a84-ba57-f600bc8f6bfa,81,Male,50,12,No,-1
d38d4874-042f-4062-937a-b328509a2466,56,Female,104,68,No,-1
ca8800d0-573f-4bf1-a7e3-4ff834020256,63,Male,32,80,Yes,-1
22ca4e34-daad-4fc3-8fa0-45d36f4524ee,48,Female,191,100,No,-1
46602d03-79c9-4ae9-b1ca-6df6b6a3ee40,58,Male,187,80,No,-1
bc092990-39a5-4b2b-a113-b9ed40d06228,65,Female,169,40,No,-1
c0038869-8826-471c-9c90-59de1544e463,87,Male,61,15,No,-1
cd0408f9-3355-4e90-a8be-da1b18fa0462,83,Female,98,84,No,-1
d02d8b56-a446-46be-b725-2a018b10c8c1,57,Male,119,67,No,-1
07221147-86b0-4a1c-885b-e3e8b326540a,55,Male,83,73,No,-1
6c12b014-820f-4820-9b40-bc6255ac4ea3,88,Female,98,8,No,-1
4e11246f-81bc-424b-b01d-684b1b4c2976,76,Female,29,7,No,-1
669c826e-1e53-412f-aba0-57c4ad2ba997,58,Male,52,11,No,-1
8c26eb7c-9a34-4ab3-a037-7d797a7c033e,67,Female,199,59,No,-1
4f713fb3-0218-41da-b3d7-d2ee0de880b7,88,Male,151,87,No,-1
07136fae-6b6e-4411-b840-8a4972c38767,24,Male,50,19,No,-1
711f7a2f-6f14-4248-8e95-fb04513f1c36,36,Male,106,37,No,-1
192c4b0a-9bbf-46e8-83b7-5f77ff0c1ac2,64,Female,69,12,Yes,-1
c76ff56d-b8a1-4a14-9148-cfc5de7cca49,58,Male,122,17,No,-1
5a6d9f99-45a9-48e2-b237-5a3bd68de3b0,60,Male,52,97,No,-1
4dc34ed3-e301-4b85-86ef-bcdeecfd6c66,46,Male,101,83,No,-1
fe8170f6-0806-4446-8774-f71c983fd23d,35,Male,96,19,No,-1
18275df8-57d7-43af-ada5-000fe49f5593,82,Male,51,26,No,-1
cb91495f-b2a3-4203-a26f-0391ac38e1cf,29,Male,56,11,No,-1
0cc72129-dafb-48a5-a43e-12f9206f5c5b,62,Female,98,63,No,-1
50dcf59e-63f9-4ff8-b828-bd5712e16c9b,83,Male,31,18,No,-1
f29ea683-be48-48dc-9f9b-d2dc9a5b716b,23,Male,155,68,No,-1
43c0d8ea-9ad0-4cea-bbb0-82e1cb0eafe0,50,Female,106,34,No,-1
710aa98e-c000-46e3-970f-4a28354012d1,87,Male,113,58,No,-1
2fdf220f-1ce2-4e67-a216-f3b38f797854,75,Male,79,11,No,-1
aff3daa3-886d-4c95-ae51-7c981cf5e566,47,Female,110,9,No,-1
43795b2a-73e1-48bd-8a4d-00db26af8275,57,Male,74,59,No,-1
c728773f-2185-4dde-a42f-074f344c94e0,46,Female,128,19,Yes,-1
251a2f10-d57f-448c-b666-b8769ccab6dc,47,Male,152,98,No,-1
80e667f8-9913-47b8-8ffc-41ee93006b16,55,Male,175,8,No,-1
595b4e0b-94a2-45e0-bfa4-4f9ef1c342f7,58,Female,162,58,No,-1
0e7757cb-4157-4d11-987d-e8867d1cfe65,35,Male,44,10,No,-1
7a7a77dc-d4f4-4658-a769-5cdc32d36a74,88,Female,179,71,No,-1
15e1899f-a5e7-4c37-b3ee-f678df2d3423,53,Male,76,22,Yes,-1
1a5aae8f-8953-4121-9292-92b3a1321762,84,Female,147,84,No,-1
c3194028-aff1-4ad1-a09e-c70fdcf27055,28,Male,196,79,No,-1
8d3d5056-feaf-4517-9402-f1801123a672,84,Female,191,85,No,-1
17420ef1-230b-4441-9054-649ce9cd9179,43,Female,83,36,No,-1
b002b27a-3edf-4154-be89-895de9932932,82,Male,159,86,No,-1
c5a92c65-2451-4c4c-b10c-2bee4d3174f9,86,Male,149,86,No,-1
3d3e96e4-343f-4355-96ab-2c9418ac8403,79,Male,145,98,No,-1
f1510e0c-024c-4e89-88f7-f6ec71ed4655,40,Male,174,9,No,-1
0bb3f67f-b542-4200-9634-545872d45c33,76,Female,153,24,No,-1
74a6c8d0-a282-4078-acf5-28b71cd39fde,23,Male,160,68,No,-1
bc4245c0-640f-40f6-9f1c-76f6c460a98d,62,Male,99,26,No,-1
e04af67c-6f7a-4a55-a3d0-938201d3e09f,35,Female,150,76,No,-1
c05e6a67-ebf1-4c0a-b891-e13fd206a49e,53,Female,53,95,No,-1
144df049-ef22-4fe4-b7f0-cb0552863baf,64,Female,86,80,No,-1
ae41f799-4398-4d5a-920a-1f146c77c945,85,Male,99,38,No,-1
d9adf289-68ec-421e-a39f-aa1435aecf65,61,Female,185,46,No,-1
e567c26b-d0f8-486a-a6d9-efe828674c0c,32,Male,96,10,No,-1
f55fd157-58d1-4d2d-a529-a02eb46438e6,70,Female,105,71,No,-1
e2c73c18-5fbc-4e64-b66f-1dceb0a95106,59,Female,126,26,No,-1
2b6e69b1-c5a1-4d3d-a90e-cf5b881ee853,84,Female,78,5,No,-1
599a114c-ae77-46fc-8c99-27a2d3645ac1,71,Female,71,32,No,-1
c1ae04db-0926-4fa2-a80b-b84ee809c09e,35,Female,137,19,No,-1
6af3f0be-1edc-43dc-ac8e-73950292118d,75,Female,186,68,No,-1
274979f7-31ca-42f6-a6f5-5471dee2a6b7,20,Male,169,81,No,-1
0b8bc877-1e29-452a-8ce3-0b51e3f761fa,56,Female,144,85,No,-1
c9d34a81-90e1-4a66-af17-3344f5d9e7e3,57,Female,92,3,No,-1
5b759407-9a13-41fd-9010-8e883cace412,32,Male,199,94,No,-1
58c58fc4-447e-4c81-8082-3bc4b52b1387,21,Female,28,52,Yes,-1
1ce8c675-047f-49bc-9c7c-6c85bd159675,76,Female,66,11,No,-1
17133882-764c-4822-ba4c-44f6db78d90d,19,Female,115,43,No,-1
54a06936-d94b-48fd-8493-d8445d4c3161,85,Female,146,16,No,-1
ca398376-3bab-49b1-91c7-035dd834ba62,37,Male,34,86,No,-1
bee3d212-1182-42e5-a366-89f19ebe368c,78,Male,64,95,No,-1
4c58aeb3-a163-4414-b180-571a235460a8,40,Male,129,8,No,-1
682a8948-35fa-4691-aed8-4205d3b379b5,44,Male,179,97,No,-1
e347fdb0-6142-460b-8b42-6424e2f008ee,64,Female,42,78,Yes,-1
760cbc5a-9c01-47a6-bc05-d3187b2b5452,45,Female,170,10,No,-1
a7c8289a-211a-47a8-8302-2646fd53bc7a,50,Male,52,59,No,-1
9e9bb707-09e8-48b5-acc7-8e9686d8cf19,66,Male,26,40,No,-1
360a8445-00f4-4cf1-8681-3a71a363b3d2,30,Male,135,56,No,-1
697ba732-ddbd-4e94-9b60-1d98a876d2d0,45,Male,81,66,No,-1
dd104e73-53de-4dfb-a3ee-b390a49a101e,80,Male,52,30,No,-1
6ddc12d9-12a1-43d4-bb24-b12906e21e1a,23,Female,180,14,No,-1
0bdb355e-29b6-439e-9860-e68d636aeaab,86,Female,81,12,No,-1
6641a841-793e-45dd-91de-85017a629d36,83,Female,147,11,No,-1
8aa4e200-d534-4edd-abe1-f4790fa0c700,73,Female,169,91,No,-1
ed96a932-4f6c-4d02-9653-5e2974ecf750,68,Female,189,64,No,-1
867734a8-b341-4644-9c69-cb2560310793,78,Female,142,77,No,-1
2d2d4c95-50d4-4c77-9f6d-1b5bb3020341,33,Male,84,6,No,-1
becc2c6f-719c-459d-9dd9-c30fc8cb09d7,55,Male,168,53,No,-1
df0af79d-2c44-42dc-9552-e2a56e12b508,89,Male,112,3,No,-1
b2e8a363-942d-43ec-b65a-31884dc0c933,51,Female,48,35,No,-1
5b8c991c-59ed-48a7-a031-00a476f531d2,73,Male,156,20,No,-1
eac2e001-1d6e-48b9-a01b-b3fa98809b42,39,Female,55,30,No,-1
72388bf4-297a-4075-a18f-4c1f6a99438a,49,Female,26,26,Yes,-1
e34740ee-af41-412e-aa0b-69da29d4c711,26,Female,107,45,No,-1
9cdc4c93-6867-4506-aece-29c46bdf7989,26,Female,82,26,No,-1
49c63ae0-0389-4a12-94c6-e13884a6353a,47,Male,178,39,No,-1
2c89ee1e-177d-4449-b2c3-c1f38e6f639e,21,Female,190,64,No,-1
0de1b13b-d209-4301-9eea-a2b04676faef,21,Female,109,35,No,-1
7d2a668a-d925-4514-9b8c-8b9a0bf20d0a,60,Female,41,65,No,-1
5a72e21d-0095-4364-be2b-5bd106dc7927,86,Female,153,66,No,-1
ade8aaaf-78f7-4c05-957f-7d1f0dee4367,85,Female,135,32,No,-1
4264ac59-8005-44ab-b9e1-e1a13dbefcd7,22,Female,161,2,No,-1
08492599-2adc-4137-954f-58f2c0f3331e,24,Male,22,98,No,-1
11d8b566-2cad-4bea-83be-fd53d109edd4,48,Male,72,14,Yes,-1
73ebeee3-01c6-4ffc-8a7f-bf81391443a4,44,Female,168,82,No,-1
1615a4d5-9753-4588-a266-32cdec085c17,18,Female,163,2,No,-1
167ac54c-6ae5-415e-a3d2-7c5156fb5a33,28,Male,90,30,No,-1
30be8d15-a439-4a0a-9239-aaf350bf2570,43,Female,155,5,No,-1
3364562d-cc91-4412-aae3-8bd4a2f672f3,87,Male,144,52,No,-1
630afd01-fef3-4b01-afd9-ddcfc2a00346,27,Male,45,84,No,-1
d4643eaf-78cd-47ca-8dc1-6d7352e5ce6b,71,Male,34,20,Yes,-1
abcd9a95-6322-4360-8931-e9d1224cc87a,51,Female,190,33,No,-1
eee05579-d22e-425f-a144-14e3b917bcb4,76,Female,56,37,No,-1
f9b91895-95b8-4b61-92b0-9081180aeba4,25,Female,145,90,No,-1
5d6db90b-7266-4480-a2ee-4397e3f69bd9,72,Male,50,100,No,-1
96a6d8d1-f6b5-4442-82b2-8a36f1bf362d,70,Male,102,21,No,-1
0f7f436e-e2fa-4b4f-84b5-f41af99b3d6a,68,Male,150,36,No,-1
4e938d15-056c-4703-b39b-bdd26ea721b0,90,Female,131,97,No,-1
9d6eae80-d087-4788-b550-e06370019f07,31,Male,110,8,No,-1
1e4335e1-a9d9-45c1-9ba5-d36473a20979,34,Female,173,60,No,-1
880c5332-f42c-4ac0-ac79-4f24cddc739f,37,Male,146,83,No,-1
9b8d9ade-cb58-4c53-993b-c9ccecb2fa26,58,Male,42,48,No,-1
42d418c0-65bb-4136-a1b9-95915d933279,62,Female,75,64,No,-1
7968ff56-e80e-417c-b448-2eceeb8a09ea,84,Female,200,42,No,-1
c97c79fc-a08f-4070-aa0a-763e5468cc4e,24,Male,111,40,No,-1
b8fa21a6-b6d4-4d1d-bd4e-77371b06868a,78,Male,29,46,No,-1
1ffd9ccc-5eff-491b-9d0f-f6f196089b37,55,Male,153,93,No,-1
e2b0d521-0954-4869-8269-3fd7d7f8f144,64,Female,57,50,Yes,-1
d31b226a-d719-47c1-a105-d393b7c8d699,85,Female,185,37,No,-1
6495cc4d-01bb-49bb-870a-d0581b6d60db,35,Male,200,55,No,-1
80dae463-6989-4fe8-a570-978491608a52,50,Male,144,49,No,-1
ee76edb0-0b13-44ca-9c12-c67e8c92f7ca,27,Male,180,85,No,-1
c557e244-b61b-415b-bd3d-eeffeabce1d9,27,Female,139,84,No,-1
b2c6289b-78d8-4821-8dae-9f162d7f6545,24,Male,32,78,Yes,-1
8b4cfd5e-fa7e-41b6-9a8e-3d499d76af6c,69,Female,178,21,No,-1
e5c6ff62-f499-4d6a-b0d6-1950d7f9aee7,72,Female,46,31,No,-1
dc72e55c-c2cf-4815-a1e3-0e140e2bbf63,25,Female,126,46,Yes,-1
7e48d43b-2a6b-47f0-861d-b89aa27d1bed,87,Female,22,57,No,-1
4932920e-f615-4ba7-8235-1b858ac93667,27,Male,161,91,No,-1
3bd1c04b-146b-4bb9-a618-5729a89b921b,44,Female,185,79,No,-1
4b6a1f70-8e67-4677-bb9a-976c5304fc48,29,Male,69,56,Yes,-1
160fce68-d077-4c4a-941d-1ebef7c4de5d,47,Male,65,52,Yes,-1
303f5480-98ce-41fd-bb94-1250da30564e,18,Male,50,12,No,-1
ac5b8fc2-096a-4ae8-8e01-e741c380d554,63,Female,177,51,No,-1
3ee322cc-35eb-48c9-970a-11116444caeb,43,Male,170,68,No,-1
024f431e-a51c-4dee-9e07-670e9f8332f0,37,Male,41,34,No,-1
790d893a-6559-4458-a511-44f0f605a067,22,Male,194,9,No,-1
7ee6c4a8-b031-41aa-ac93-9414eaa9dff2,50,Female,67,20,Yes,-1
6be74d72-8540-493d-9934-9680089cfa10,87,Male,50,78,No,-1
4beaefef-41c6-4c55-a8d4-6d52ae2290c4,85,Female,177,53,No,-1
a615476d-0259-4f6f-ab83-b2cf2d6abca5,57,Female,45,74,No,-1
0217dedd-eb7c-4740-a3a0-55f1c0c30668,30,Female,103,9,No,-1
62019488-026c-4173-a094-382786ed9f2e,88,Male,128,18,No,-1
ea48c56c-4ee3-4fd9-9df6-b5b8a63ca0f3,86,Male,118,28,No,-1
e06f8074-439b-45d4-9a73-777411e68f85,52,Female,182,35,No,-1
bd0345b9-3e86-4710-ab85-003c7ebbe661,64,Male,29,50,Yes,-1
723e91b2-6858-44cb-979f-d37ce9ed7297,79,Male,170,5,No,-1
922e02ef-1d79-47de-bc7e-49e415b2358c,61,Male,157,5,No,-1
f461886d-569e-4000-b348-34111163cfe3,66,Male,29,7,No,-1
c9a1ffb7-3766-49df-af5a-e0f149f289df,41,Male,101,12,No,-1
5792e091-d9b7-470d-ac3f-2fc4ac090ea9,20,Male,41,47,Yes,-1
3ceb33fb-e4f0-4a0d-855a-e462fe4ed01c,86,Female,99,41,No,-1
6a9ed1ef-bb0d-4e75-9971-6b2545ba4640,21,Male,114,59,No,-1
b7748859-e4bb-471b-b34e-5ba47c759602,38,Female,98,21,No,-1
59225f13-e4c2-4aa0-bef8-6ba58ccd58a5,30,Female,147,93,No,-1
6a58e0ee-76e9-47f2-8b47-860f36d7aced,65,Male,110,49,Yes,-1
cd82be43-c588-456d-8946-9f152ccd76ad,76,Male,89,73,No,-1
c3ef2ec5-160f-4bbc-950c-d318e0ca67d1,55,Male,144,5,No,-1
4a1e036a-08c0-44b3-8c87-0150d77dcaa3,41,Male,107,20,Yes,-1
a4dd2b4d-9c51-428b-bc6e-1328ab538176,49,Male,175,68,No,-1
8d7dc8ea-35e0-49c4-980a-66b9a2ed1931,35,Male,40,13,No,-1
f9d6d4e7-eb90-431a-9a33-acc9a5ab6e25,42,Female,29,40,No,-1
f7faa867-e443-4849-b683-666e5f19b0a1,54,Male,105,67,No,-1
fd369fa4-7c95-4b38-b604-2627acb8d4a0,86,Female,130,2,No,-1
20835be2-0cc7-4c71-8dc8-e4caf5f52f45,83,Male,193,7,No,-1
6109cbfd-52a7-4913-8cf0-f275f8afc9fb,54,Male,79,13,No,-1
5f884401-c2bd-4513-8e0d-a3e632862834,64,Female,85,13,No,-1
b9772f5c-fa62-410e-b00e-acc0bd00055e,88,Female,160,37,No,-1
f35a638f-8165-48a8-9324-91429e530e74,78,Male,152,82,No,-1
137170db-321a-4e50-b792-5e7e14db0fe0,36,Male,64,17,No,-1
b65135a7-1465-4eb8-a9ea-c4e26a243b14,21,Male,51,5,No,-1
30ff52ee-57e4-46f6-9e4c-3c8b891baa86,74,Male,56,23,No,-1
324b1b0e-ecc7-46e1-89c3-623f6f60a9ca,84,Female,99,76,No,-1
bedb58bc-eb2b-4a25-ac51-dbb80f31bf96,67,Male,160,37,No,-1
2fa9281a-a8a5-45b6-9dcc-2ed6b5de6aba,32,Male,56,34,No,-1
9e7f930e-4998-41a9-96ee-3df2eba4725a,78,Female,71,54,No,-1
c5e18644-8273-4de2-8764-18e75eb311bc,64,Male,148,92,No,-1
c9aecd51-1552-4db2-81dc-d9e2a554c72b,19,Female,30,13,Yes,-1
c2f333e8-e6b7-46f5-adf2-12bb51547c61,79,Female,157,84,No,-1
6c0d9872-d11d-4f84-92c4-333057917f83,40,Male,151,49,No,-1
8edde699-10c9-4817-a89a-2ec377057ba4,53,Female,117,44,No,-1
3723a9d9-a019-4a4e-bc5e-a22c7d1ab8bb,55,Female,196,49,No,-1
5163706f-895a-4b1f-9e26-6e3961cb0ef9,72,Male,62,15,No,-1
698fed87-7ba5-4479-8c1f-5f28a4223b63,64,Female,181,75,No,-1
e4e61de6-65ed-48cf-b19a-6460da381e56,86,Male,102,100,No,-1
013b5ec5-2863-4f38-b194-4455475823ae,71,Female,23,98,No,-1
36809766-401c-4480-9b22-e2f70379e0cf,82,Female,170,1,No,-1
80099b01-b712-48a3-bafb-18de796bd50d,19,Female,163,92,No,-1
1ef9babe-849d-4355-9017-d8095016e3b2,88,Female,66,87,No,-1
66320b12-3f8b-43d6-bd22-3d89d15a7e18,28,Female,29,81,Yes,-1
20e2de5f-1d01-4d50-ad62-4f6ab33d2ead,80,Female,92,75,No,-1
145cd977-bfdb-4f99-a8e8-d8b395960b2e,54,Female,44,24,No,-1
42f013eb-6bc9-4064-bcbc-91773ab0f8dd,30,Female,152,69,No,-1
cabb2b54-33db-44c2-adda-93c78c951340,51,Female,149,50,No,-1
0b713f89-19e7-437d-99f9-c4ce7b48daf8,69,Female,141,55,No,-1
1ca7bf3d-7973-4ca5-a2c2-109c12fcb64a,21,Male,22,52,Yes,-1
7c4d123e-dd81-452d-8548-3283fe377803,43,Female,67,28,Yes,-1
b4bd1637-7077-429b-a9fd-b8d8aa452ed5,48,Male,41,36,No,-1
b1af3e32-7e27-4588-968e-e36a443372d6,37,Male,132,52,No,-1
e52c982f-26b4-48e7-9f78-638cd9f6ae4d,19,Male,51,94,No,-1
57957435-d775-4c5d-89ff-2ba38b0367a1,70,Female,150,73,No,-1
837b5f12-7842-4da4-867f-10ef7c4a6a75,79,Female,116,54,No,-1
1d6e2dac-52c7-4a0d-aefd-22ee64f807e2,20,Male,183,38,No,-1
2a0cd52f-ade9-4c55-b010-83d72d761c51,26,Female,136,84,No,-1
abbabe06-feaa-404a-a2bd-d0ec40961c89,32,Female,118,38,No,-1
b88edc30-ec3c-496e-b0eb-1080d83b4c7f,52,Female,78,65,No,-1
ffd41418-0305-4a03-b45f-c6b8964c0100,46,Female,134,53,No,-1
fd1188be-42c1-46a4-acbf-7b2232a5f6db,37,Male,102,15,No,-1
e87df5d4-923f-4aca-b206-93309250160d,35,Male,186,85,No,-1
0fb52b55-ff47-4055-864e-d707ac144583,84,Male,147,7,No,-1
82a22e33-ad01-4ca1-8b4c-8ee8812a1700,90,Male,91,67,No,-1
c12bf1fe-6808-4679-83e7-e2457393e10c,85,Female,33,93,No,-1
b1116d4a-fd51-49f1-bbe4-8852aa804e9f,19,Female,151,9,No,-1
5794e2fc-3a43-40c7-af99-ba37cd178d3b,22,Female,83,25,No,-1
68a56489-916b-4eb9-bde6-792992f9e277,66,Female,151,98,No,-1
258f95b9-6944-4ffe-89a5-25015a69d4e2,29,Male,60,94,No,-1
63eb45fa-8a11-42c8-a85e-d871ea846bd1,89,Male,103,84,No,-1
76d25977-a3db-4804-ab9c-6dd720df0b20,48,Male,96,32,No,-1
238ed3c4-9a96-4394-88b9-f1d69f81a7d0,68,Female,172,56,No,-1
21c0b5a4-0f37-455a-94cd-f66196c2aa1e,27,Female,91,40,No,-1
d1a94658-f688-4003-aeef-2a58ea90d665,59,Male,117,63,No,-1
24bf5e13-878e-4bb3-aba2-41402cd4a5c7,52,Male,54,43,No,-1
1587409c-3d20-4703-9c3b-0eef59abb477,63,Female,44,83,No,-1
7ea3c354-86d4-4547-8415-6bfc5343eb10,23,Male,159,53,No,-1
cd6dbe46-95e4-4d42-abb9-ab9e05a04dd7,64,Male,185,54,No,-1
a22b39b3-aafd-40f8-a85d-65caac50c2e5,62,Male,148,88,No,-1
1ec9446c-9e43-4732-b8d9-43e0d29480ab,27,Male,159,72,No,-1
27b05c9b-a539-4774-8131-6c4de87039b6,30,Female,133,82,No,-1
7aabc30e-0df0-4a19-85ec-0190a9583f89,35,Male,132,97,No,-1
baff35ac-8f45-497e-b2b8-67e0ab7feabb,18,Female,99,24,No,-1
83428bb2-5467-4c55-a459-dc8a49b3001a,25,Female,63,46,Yes,-1
3767a151-4675-4701-ad84-a81e2aee0d5c,72,Male,173,34,No,-1
67a18d6b-a8f6-4622-9d79-00921020b015,67,Male,192,22,No,-1
90086825-7b44-4a43-9006-d1b2a52372d5,78,Female,138,1,No,-1
a007e507-5d39-4c1b-818b-93fd84e00cef,51,Female,61,86,No,-1
c630f1d7-a1b1-448d-88c7-9deaeb129d96,76,Male,59,76,No,-1
7289a581-d04e-47cd-acc6-0fe87f5862fe,21,Female,158,74,No,-1
e19b03bf-3716-41ee-858f-c9841ee3b175,74,Female,178,55,No,-1
38fc197f-4110-4d6e-a612-172dac5539dd,90,Female,144,91,No,-1
c2f6b982-3654-4921-857d-3d00d9100455,60,Male,102,85,No,-1
3720f3c4-049e-4099-98e8-5ef3a3c3cd02,68,Female,138,14,No,-1
4cc74728-61b2-4b16-adc2-a88dd08f73c2,30,Male,200,51,No,-1
12e4ca57-d05d-49f1-be35-71e50fa12601,52,Female,190,3,No,-1
49c1c51c-654f-435a-bede-936f08f3434e,18,Female,114,72,No,-1
9ea411e4-2435-487e-8ac0-49d73c8bd00e,33,Male,169,3,No,-1
cc6c5659-37b8-4249-8a5f-f852883a79da,72,Male,53,20,No,-1
391e647e-94bb-447b-8d76-c9afe8680578,18,Female,143,77,No,-1
d380ac44-f022-4357-b66b-8db1cdecaa72,74,Female,158,86,No,-1
fe62d567-a0c1-4a2b-874b-c050a41425e4,47,Female,136,7,No,-1
1215aa54-d838-4d63-8007-bce5e9e036be,30,Male,53,87,No,-1
8ed8ad57-9a18-40d2-98a9-b68f4990a3a4,68,Male,185,23,No,-1
98735baf-b5ac-4bfd-9e69-57cbe702a4bc,59,Male,149,39,No,-1
8802a51e-96c7-481a-ac40-b33593442b6b,88,Male,150,74,No,-1
3ab08a86-072e-47da-9492-6f5fa3671fec,22,Female,70,26,Yes,-1
07af291d-5d0c-475d-9456-660a9e0af33d,44,Male,105,23,No,-1
bcefd787-c74f-4860-94ea-72e4d92550dd,73,Female,119,60,No,-1
96a8f4c5-010c-4bd4-b10d-f548e32c1969,30,Male,93,13,No,-1
c9c00284-aeb3-4948-b2e7-13077d0c62de,32,Male,179,100,No,-1
97ac50ed-15f0-4ec3-978b-4c070dd1ccea,31,Female,80,73,No,-1
115d8804-e4d9-4a8e-9178-345d506bbf6f,42,Male,178,94,No,-1
75e3629d-21da-428c-9992-2d8146efde62,47,Male,101,37,No,-1
87e28ef0-5469-4772-96f3-63b59a3c9104,22,Female,169,42,No,-1
cdef49e5-b583-4c59-8a23-77f05d31f37e,42,Male,34,76,Yes,-1
324fed2c-8661-4806-b188-d256eae922b1,61,Male,196,55,No,-1
f742c42a-7862-4894-8e4b-4ab0b5cc7414,74,Female,37,40,No,-1
69d82e5a-6bbf-4b2c-a503-14ce6245d763,44,Female,43,4,No,-1
f0d231a6-c61a-499f-b465-5d30b8d47618,27,Female,101,13,No,-1
ee99553e-87ef-49ff-b581-3ee92dbb6c82,34,Male,65,22,No,-1
08fedeaa-d5ae-4a93-8d7b-a140caaa54f8,66,Male,23,49,Yes,-1
fcc7f2dc-df59-4e03-9417-21ad4cfa7ba3,72,Male,154,38,No,-1
8f5a4cc7-53ea-4c3a-ac1c-463cbbd44f0f,33,Male,38,36,No,-1
ea61dd3f-383e-4dd2-a9e1-e27fd8680aa5,59,Female,125,14,No,-1
48f7fbcb-8799-4791-b0de-db5eba6f6aaa,87,Female,103,33,No,-1
38e3dcbd-6282-4e44-b2d4-69aceec87f35,25,Male,35,80,Yes,-1
be5c11c7-4095-4ea4-b744-50f01d1dc52d,73,Female,167,62,No,-1
9d770b84-f037-4029-afad-5039eab82409,19,Male,116,59,No,-1
4796e479-c3aa-46a2-b5e4-2b9b59451cd1,78,Female,190,67,No,-1
e5d8c1b8-d1e3-4f28-ad58-c37921f3c02d,79,Male,133,80,No,-1
f9a8d028-87f4-4f38-a04f-943120f9d9e9,62,Male,63,48,Yes,-1
ea4455e2-202c-4024-8ed0-bed85c85cf22,40,Female,125,46,Yes,-1
82f59e51-e58e-41a9-bb9a-7bf221840943,50,Male,60,81,Yes,-1
68548eba-e54f-47c7-aced-e4a2eca444ce,27,Female,192,10,No,-1
6fa3a8f2-7e38-40f3-8059-85fcbbb93414,19,Female,196,95,No,-1
ff7c1f6c-1c2d-4779-8fc5-ce57daff7703,59,Female,124,46,No,-1
e054028b-32bb-4e0c-9dba-094fff4b9261,44,Male,57,50,Yes,-1
44923756-42ad-4022-ba41-2104dc990701,85,Male,127,33,No,-1
15139dd4-a628-4a20-811c-e766c46c454c,40,Male,192,50,No,-1
97a1fa0e-8cf0-42ae-9115-a255e4ec53f3,83,Male,28,38,No,-1
2096d9d9-cf74-4b6c-889d-a8c022eef7d1,86,Male,166,36,No,-1
64578db2-3efb-4d2f-b17e-28dbf6df1fcb,48,Male,187,72,No,-1
884c39d1-9418-4442-b426-55322921aab7,71,Male,109,33,No,-1
ce06a409-96ab-47dd-9d5e-bde0274c9255,70,Female,89,37,No,-1
e1876a17-c88a-47bf-9783-ddf330eefcc5,28,Male,142,27,No,-1
68641bc3-ceac-4795-86d2-848c53992f01,83,Female,36,22,No,-1
ad01fd2e-0579-41a7-a740-369892e293a0,84,Female,157,91,No,-1
cb0d127a-773e-46dd-be3d-02838f4bfbaa,34,Male,72,21,No,-1
a95a2082-9ff4-4a40-8793-e54cc6746dd9,58,Male,30,75,No,-1
33ab889a-83ee-49c8-8c5f-2bbaae43ee15,55,Female,157,36,No,-1
32a0819b-a690-4e84-a2f0-25235b1c10c5,40,Male,149,70,No,-1
f9b7120a-e9e9-4029-9a56-dd54412a2cd0,52,Female,130,98,No,-1
97ef76a5-9935-4948-a3b3-8056d9fb55a3,83,Male,34,45,No,-1
295d9a3a-0769-4300-938a-fab95f81d005,66,Female,172,53,No,-1
ae657646-06b0-41d7-9dcb-2b61ce7c3bba,76,Female,86,34,No,-1
98da71a3-8b0a-441f-a9b0-3fb257d1643c,74,Female,108,55,No,-1
84d746f5-93d2-4582-a1a1-106833c3b2be,69,Male,136,80,No,-1
40200024-8f8c-4c3a-908b-66b4025e4030,89,Female,187,89,No,-1
c54798ee-c72f-48b6-b56c-bea73e10ee9a,18,Male,101,45,No,-1
c5e3d517-0036-4839-8c76-3dbfbd0e84a9,33,Male,76,35,No,-1
a0067af3-ab97-4466-ad23-9f6fa29cb9e2,70,Female,62,16,Yes,-1
e836b2fd-9213-452e-ba2e-8b77a07c813c,27,Male,146,15,No,-1
79ddd963-98e8-41ec-98b3-881b0e898206,41,Female,115,2,No,-1
6c486a32-d94d-409b-9df7-0b3b99c44057,60,Female,51,36,No,-1
c096d19a-39e9-4647-83f7-ad86e1807409,87,Male,109,6,No,-1
4cd44877-d5d5-45a8-a2b5-ec4fc5ee9b60,68,Female,77,67,No,-1
0f203138-4683-4b1b-ac9a-3b870cb3ae38,27,Female,110,58,No,-1
60835f02-5104-4ffb-bc05-2a05f7023205,23,Male,50,50,No,-1
c64cfec4-f316-4ceb-afec-7a5450d34233,44,Male,78,12,Yes,-1
aa172ecc-1482-4dab-8e93-f64d0561d471,24,Female,96,58,No,-1
f3dc163e-42fc-4c22-959b-3da77697a53f,22,Male,160,71,No,-1
92484ff8-72c8-4c53-95a2-252615c2c932,90,Female,29,8,No,-1
4496fdd8-dac4-4c5b-88e5-31cf68d08220,57,Female,180,27,No,-1
cfc7c56c-7f77-48d9-bfb9-196b919cd587,21,Female,71,46,Yes,-1
9f056792-ca2a-499b-bdad-cd1a07cdff93,71,Male,100,47,No,-1
96f3be16-3576-4144-9aaf-9144f2e94d06,84,Male,184,69,No,-1
03c731be-9b0d-4fc6-8faa-81eae80d1f8c,26,Male,22,96,No,-1
7781b5fa-e846-4772-9d87-7befb6331921,52,Female,94,40,No,-1
6453ae4d-5554-4051-8f78-6b04b795c394,78,Male,86,17,No,-1
49581d6b-09cc-4964-ac73-0993dd4334bf,84,Male,35,8,No,-1
f2e7433d-bc45-45a8-950b-1293167f28e6,26,Female,43,43,No,-1
9f7f5d79-8d39-4235-bdbd-2cbcb5ab344f,69,Female,121,70,No,-1
163ac452-8899-4ec9-b84a-886d24c5cc9f,62,Female,154,71,No,-1
0ecd6230-5f74-4978-b064-f31e432433ba,84,Female,117,58,No,-1
3926cce5-462d-43d7-a6eb-9a8caee0b507,82,Male,182,47,No,-1
93fe563f-3540-4884-a2b3-6ae625f2aafc,80,Female,72,26,No,-1
f2b4b3de-aa1e-4617-805d-36113baa6da2,72,Male,197,54,No,-1
e9c211ee-d95e-4d22-895c-077d4391ff01,70,Male,104,28,No,-1
1077e439-064a-4a3e-8711-5fdc2ebf226c,19,Male,122,36,No,-1
13f32015-847e-40d6-9e87-00801cbd7d9a,25,Male,198,3,No,-1
5cd8ca04-adcf-44bc-a7ba-dd55223d3037,36,Male,43,36,No,-1
7d8a634c-ea52-45f7-a357-78d58d083178,31,Male,130,17,No,-1
14646cce-15e7-42aa-818d-3244f5585c4a,69,Male,151,76,No,-1
4e7a3798-c379-47a7-9f5f-cc58c8a4e910,75,Female,137,83,No,-1
5eb236bb-4224-40f5-94d0-69b8cd075154,87,Female,130,22,No,-1
34dd3847-eb41-42ac-9702-0bab13158c33,90,Female,49,83,No,-1
b3f3b9b7-c818-4410-b585-c2d4c4a61ba5,58,Female,86,9,No,-1
29a15dda-210d-4f9d-afde-973cb96f7c52,81,Female,87,27,No,-1
ef025023-02b2-44de-9edc-e94096e01848,86,Female,196,66,No,-1
919c0d56-c85e-4c4c-9851-13e3976b74f2,79,Male,181,81,No,-1
b36c770c-49fb-4038-b20b-c21cfb1f5b35,25,Male,146,79,No,-1
3fe43561-5496-47ef-838a-4f25fe66f4ff,37,Male,149,69,No,-1
aea9ecb7-91be-4169-a617-eee0e4036eb9,38,Female,147,96,No,-1
b3c6fe42-46b9-4de6-83bb-fa6e9d3eab48,85,Male,197,3,No,-1
4be90558-ce3c-4978-b454-c54223ca5c68,66,Male,27,10,No,-1
0f8b7765-853e-47dd-99c1-651008326cf6,18,Male,179,86,No,-1
19c7d90a-95df-4a87-9a0b-fba429d2c7b5,46,Female,178,21,No,-1
f5219765-9c25-41ce-bfbf-2683d4338da0,21,Male,47,1,No,-1
0b4d4b91-2eec-4bf7-a5a6-180c08ebf1e7,31,Female,168,27,No,-1
406eb05a-108d-45f5-9b19-27f539700067,47,Female,188,49,No,-1
babdfd5f-f529-4c4c-9143-4975c10aafdf,35,Female,120,71,No,-1
048d3f79-4450-4e94-9007-60e65e471db4,49,Male,64,24,Yes,-1
76e56e43-fe44-4905-a292-faca30076af6,44,Male,173,81,No,-1
b6ad2971-2958-48c6-9bed-97167ba25913,49,Male,163,28,No,-1
90228bb9-4864-40a6-ba91-951234ea44d8,43,Female,66,15,Yes,-1
41ce09d2-f8d6-432f-96be-ce5900cfcc18,19,Male,28,23,Yes,-1
e2b4c06d-c7bc-49f7-93db-f494e7ba2bb3,75,Female,76,53,No,-1
578fdc40-85b7-41ed-9a22-e1a7f6734f8c,78,Female,120,68,No,-1
22e96ae6-21c6-4520-b5e7-a1c1ce147804,84,Male,106,47,No,-1
129ac877-2b7a-47e4-a6e0-3d509bad4efd,54,Female,138,82,No,-1
473f9db0-a312-4e87-8e87-07457dc2d438,40,Male,184,99,No,-1
7db797ae-e78c-4041-9311-52368fe15a15,22,Female,173,29,No,-1
7a9df5c5-dfe1-46e8-aefd-74a742ae0bea,18,Male,174,4,No,-1
627a9dcd-11cd-4b6d-bdd0-7ae0b40a38d0,70,Male,132,82,Yes,-1
ff20c781-6569-47f2-96fe-a7fce115a5b1,86,Male,103,21,No,-1
21d74cb5-305d-45dd-a795-acae99dcf0eb,72,Male,90,12,No,-1
f62793d4-f9ae-44e8-8889-a76008c80583,54,Female,174,91,No,-1
2fa479a1-0470-4243-9b40-55044b44b140,61,Female,109,37,No,-1
b1396fb2-5658-4dda-a5ca-1b6abc1ed31b,74,Male,146,77,No,-1
9812955f-4eb9-4db3-b084-4ffcdfafce4e,57,Male,149,53,No,-1
096a3341-1b4b-403c-9e98-aefd159a0878,33,Male,90,71,No,-1
1fbaff98-4a23-44c7-887c-468630526df5,59,Male,84,8,No,-1
7c561f73-a826-455d-a7a7-abc918de2bb1,22,Male,151,71,No,-1
468bb64b-23ec-4699-a677-3afaa8e0dce9,69,Female,167,90,No,-1
1120e41b-e8c0-4c55-b5a0-15825d9bd6c1,47,Female,66,60,No,-1
b9f729d4-893a-4ff8-afc7-cbf16ec7b14e,46,Male,180,62,No,-1
0ce3ef6b-2738-450f-93cc-d220405fa77e,66,Female,103,63,No,-1
65de8371-2f75-428c-b92e-4ff58942d3f2,53,Male,175,54,No,-1
abb9a3f8-7c6a-402f-b9bb-0aca85c2cec8,36,Female,110,87,No,-1
2d05b018-616e-4ca3-ae4c-c8d7f95439d5,40,Male,156,48,No,-1
a8025580-60f7-4b24-87ec-7c82a67b0900,49,Male,28,23,Yes,-1
d9a766ac-563e-4843-bec8-a9373fa9ad68,67,Female,101,19,No,-1
b1d40ef4-ccdc-4c53-87f8-236e7abba543,66,Female,89,26,No,-1
fafd8592-b72f-4339-be0a-a749acea2e02,80,Male,88,39,No,-1
ef34f9f7-538a-4630-b5aa-696feb90de32,65,Male,106,13,No,-1
fa06f740-50f0-4418-884d-7c9d64a1e090,83,Male,180,32,No,-1
00db2519-a117-4a83-a1f5-9e59f1e016de,50,Female,196,92,No,-1
5dfb45be-3022-4e8e-a7d1-ad1fce602550,87,Male,99,11,No,-1
c28ff262-806f-4de1-8cdb-42bff7e34123,30,Female,27,25,No,-1
7f05b791-00ca-45ab-9e78-a6306935ec8c,39,Male,157,42,No,-1
7b511e66-0526-4153-b1f7-229b25df8a50,44,Male,160,19,No,-1
23c5e945-45a3-4526-a305-70aa179872c2,75,Female,135,54,No,-1
33663d87-0dff-4950-9744-7b62e117336f,79,Female,71,11,No,-1
95398daf-a4df-4180-b289-bf5de481b354,65,Female,48,38,No,-1
43d627ef-bb0a-4f19-93c1-316c213f2dd7,30,Male,110,68,No,-1
66819e6c-c5ad-40f4-9bf7-45c7fc497971,38,Female,138,83,No,-1
4b1148b0-f548-44c6-aafe-5bd88012c18c,67,Male,148,92,No,-1
8961d0d4-6e41-4c9d-ae24-7a08b3785804,63,Female,184,37,No,-1
e0830150-2eec-43f7-ad91-686db34a0672,32,Male,39,9,No,-1
b90dc9cc-f967-49ff-9fbe-487ed572a84b,84,Female,64,42,No,-1
1f867929-5e7a-42f4-a322-b2002e58c41c,66,Male,43,28,No,-1
f9323f24-d235-405c-b864-bf99291b92ea,46,Male,179,73,No,-1
52816f1f-62d6-4eca-b0d0-e9279d7c0deb,36,Female,154,93,No,-1
f15d1a6b-a414-452b-9298-47313f88bf1e,50,Male,182,91,No,-1
212a1985-e57e-42ff-97b4-24985f4512cd,66,Female,74,57,Yes,-1
c904f357-cd69-4a8e-b3b3-642b1cda6cd9,55,Male,61,50,No,-1
590adcf4-3e16-49c4-9d53-f4d087cefcdc,38,Female,65,90,No,-1
5441098e-1607-4447-b0b5-92b176c28fa1,45,Female,113,2,No,-1
e8b11923-faeb-4843-ae15-743038992e2b,23,Female,199,59,No,-1
236a038b-d7b7-4218-9e7e-06f873e9a5aa,29,Female,29,39,No,-1
68d61c19-12f1-4a9e-9f5d-a32f5d33b843,84,Male,162,39,No,-1
6243518e-5f61-42d8-9fc3-66e75a0a7397,20,Male,79,51,Yes,-1
028b0a5c-ec24-4df3-8f6e-a22554f6c43d,87,Male,155,8,No,-1
00e203e5-c1a0-400a-b286-43939b10f6be,23,Female,155,85,No,-1
0123d2a6-a38a-4922-a8e5-178ff37e5f40,90,Female,33,32,No,-1
6844bb76-99fd-4e50-8190-caab691eadfd,76,Male,95,53,No,-1
af03919c-efd1-4ba0-b296-701f95fac27f,59,Female,155,72,No,-1
c78c5932-9490-45c7-aa19-bf5a80d331c3,27,Male,110,51,Yes,-1
8b153b4d-a4ee-47a0-b13b-a757ecd0f99a,81,Male,66,41,No,-1
a45fefa4-f641-402c-9e4f-cf84969f7ab7,90,Male,43,24,No,-1
a9ff1904-9e53-46d8-85c4-2f498d37bbc6,84,Male,151,98,No,-1
105076ad-f04b-4eb9-b02a-4a3723f67086,37,Female,149,9,No,-1
2e5af209-3d4c-4c39-b1cf-e20547a124ca,78,Male,129,15,No,-1
4eebaedf-125c-425e-bc79-ede25c487f15,81,Male,186,23,No,-1
f7c3c74c-a7c3-4432-8b54-9d5976461b46,60,Male,199,78,No,-1
7fd01894-b327-43bd-abf2-847927d87563,86,Male,131,93,No,-1
030d7273-599a-41a8-b6aa-090bdd2bae7f,52,Female,184,93,No,-1
fff2ea32-17fc-4331-8186-f05728bf6b84,45,Female,187,91,No,-1
3c0e60d8-ed10-4b55-8519-8e592abc041b,74,Male,187,80,No,-1
bce2e935-787d-459f-97bb-84b2661b3382,43,Female,173,1,No,-1
2f7da83b-a55b-4018-9f42-38df2476b1d5,88,Female,124,19,No,-1
68aa0060-e8a8-414a-a6b8-dac4bbb41341,49,Male,68,46,Yes,-1
6b23d5fb-f7f0-4704-be85-8470da38e2fa,81,Male,154,39,No,-1
01d302f6-8054-467b-a717-331ec7d3eeb9,59,Male,72,18,No,-1
1e440e5e-d6a5-492b-bb8d-d7070f2be967,62,Female,53,52,No,-1
c5a95440-39a4-4ed0-84ef-ae139b89a607,53,Male,42,19,No,-1
49e791e5-8c94-4533-bb20-1c3ed42c01e7,58,Male,30,82,No,-1
0cbc15a8-9efb-4efd-929e-659c2da67826,86,Female,96,74,No,-1
e729c7cc-9582-447f-b097-ece893e3f8cd,27,Male,152,72,No,-1
41c7c393-8a4f-4e7a-83ee-5bc55b6965cc,52,Female,172,23,No,-1
323d9563-5a8e-4f44-afe0-984b99817946,86,Female,177,32,No,-1
15e213d5-1b7d-41c2-a5eb-a23c20d28a51,75,Male,100,41,No,-1
d72b5cd4-ccda-4892-bb36-92505d0ebe35,79,Male,171,70,No,-1
83ed2c36-a344-493b-90ad-293920d1e6d7,29,Male,109,63,No,-1
d5a0565b-7105-4ff9-a883-bf3345ef4a26,41,Male,127,23,Yes,-1
798543ad-7497-45c1-b84f-380bd959a89a,54,Male,79,75,No,-1
da10db40-6033-4469-80c5-a325968803f9,85,Male,38,43,No,-1
977d392d-0ee3-4843-afc7-20e11e7a1ad5,71,Male,20,26,No,-1
76f59a4b-c9bf-4f50-bcb1-ce439a1ef32b,60,Male,132,21,Yes,-1
786310df-39a9-4aca-a288-6077b5fcdc8d,53,Male,160,72,No,-1
21696f7d-084e-485c-aee9-d443b8d3ad51,60,Male,79,15,Yes,-1
53306419-6429-4dbf-b3a1-8c31e9bfd6f8,59,Female,164,42,No,-1
0828ef6d-11bd-4cf6-b9f6-4e2d0308ca58,32,Female,113,27,No,-1
4b35bd8a-dbb3-4671-8d98-27399485be5f,59,Female,46,86,No,-1
960489a7-ce23-4fb7-a572-814a2cfaaed3,66,Male,188,48,No,-1
dcc83e44-ee01-4e77-8840-a0320200fa34,30,Male,177,70,No,-1
72abb80f-41a2-4e2e-a536-ca9f5aa283bf,39,Male,102,77,No,-1
a48d58b1-a7f7-42d8-83a7-f8c4f8f28153,35,Male,182,99,No,-1
49e96bcc-b6f4-4f0e-af0e-7109c6247763,77,Male,40,42,No,-1
48925f9e-275a-49ec-aab3-53cdb0ea5d5f,68,Male,155,75,No,-1
3a83f9aa-6b0e-4a02-9f19-adf25bd05bf5,65,Female,199,78,No,-1
e55483f3-e77d-4ba8-8120-a07bf95ee375,52,Female,192,3,No,-1
fd90ec3f-da54-4d96-a508-09cf75a4d8dd,73,Male,183,55,No,-1
70b4e66f-6803-4c27-b888-7c095249692d,31,Male,183,1,No,-1
071c5034-4583-4981-9cd1-e2e9c9d614c8,61,Female,154,43,No,-1
299b8ce0-2b39-4dad-84d3-a1d3cf8ad5df,70,Male,68,46,Yes,-1
62db8827-513a-434e-bb19-a5e7a5264998,72,Male,129,37,No,-1
4a95c162-0ca2-45d9-a1bf-975a206e87fa,21,Male,29,28,Yes,-1
640185ea-5bfe-4b0c-8581-d562b952b5ed,69,Male,116,71,No,-1
38b9d27c-5a9b-4da5-97f8-69a66006fbe6,58,Male,83,17,No,-1
2a218545-9f4f-46ef-85ab-300aef1308b7,53,Female,33,6,No,-1
2d78b857-639f-4210-a44e-957087c059bc,70,Female,180,47,No,-1
2f07e618-cf48-4d41-99a9-06e0702fa32f,21,Male,119,25,Yes,-1
60751fce-ef3e-43a5-81fa-f924a5776bf9,24,Female,78,32,No,-1
69d0daa6-456d-4aac-86ce-3a51ca23b0e9,26,Female,170,65,No,-1
18db1480-e6e6-4d77-9e67-54f4061093f7,79,Female,99,33,No,-1
f8b260c0-13a6-4974-9f97-8e34393f5a01,34,Male,31,17,No,-1
0a71bd69-1d0d-41de-915c-6dc51f19e20e,71,Male,154,97,No,-1
4341fa39-4a6a-408a-a90a-501ba8001b8d,73,Female,189,55,No,-1
859e7e18-4d96-4549-9049-a83911873867,69,Male,176,47,No,-1
3f6f0ebc-8023-4427-9feb-081230639bd1,72,Male,199,52,No,-1
2c47f398-a9d9-4638-a98f-08be1de7707a,51,Female,148,45,No,-1
8b3a29b1-787e-4348-8687-b4b73cf696e8,68,Female,24,85,Yes,-1
dc46cd7d-d260-4ff7-bee7-768db6f23fd1,26,Male,149,89,No,-1
3c957495-9d9b-4784-9b6d-1f1a0b1cb1e9,36,Female,21,65,No,-1
063f0496-d00c-4593-a469-a46094337cc3,46,Male,33,15,Yes,-1
c707d322-815f-4c04-a3e6-a3e4ad1f94b3,45,Female,38,84,Yes,-1
17688a33-0175-4de3-8d1d-121834325173,78,Male,172,39,No,-1
d0db8c37-81df-45e7-8a6c-5391b7c44a7f,43,Female,186,39,No,-1
02b04696-933c-4a88-b239-934ba6dee1b2,39,Male,57,71,No,-1
8405ae7c-7def-4e8e-bd77-64dc96eba8ae,42,Male,101,8,No,-1
2558e0ba-f1f4-4dc3-9bc2-c2e437613e32,44,Female,37,17,Yes,-1
b56c369d-23d2-4a69-a6bb-c294415890fc,39,Female,176,57,No,-1
e302ea4f-e21f-42eb-bd8f-89b1d88b6066,61,Male,97,66,No,-1
70d2857a-b99f-4ca6-949b-dd70632e74d6,71,Male,98,27,No,-1
47f8e639-90e7-4c27-9ce9-0c428883656a,31,Female,76,33,No,-1
6405170d-79c1-4e7f-bc81-5b4c82413e8d,38,Male,104,52,No,-1
96390c78-a8d8-4384-8cf9-8ba4671e0be2,76,Male,59,39,No,-1
61b405fb-b970-487c-8843-753e27a7b21d,41,Female,173,20,No,-1
f8ca4775-a304-49ba-8510-f3cfae813002,77,Male,108,61,No,-1
028eea37-3bf4-4e16-9c4f-1ab711b94e4a,48,Female,112,55,Yes,-1
7659b0bb-785c-4402-b7e9-d0cff9035f75,48,Female,110,47,Yes,-1
4becaeb1-2554-4680-8059-2ee2779ecca7,74,Male,41,77,No,-1
38c4e928-5f43-4afd-bac0-7b2da9d7a318,27,Male,47,23,No,-1
3067ddf7-0b14-4884-96bd-98aa897b194e,28,Female,152,85,No,-1
d2bf2905-246c-4a32-9bcc-3f0568adde02,56,Female,174,40,No,-1
713bd49c-0263-48dd-bb49-92a6617eccb5,43,Female,94,13,No,-1
5ae91415-7fd9-4de1-a8e9-4c32c37e04ad,32,Male,75,29,No,-1
c9d6fb4d-e5f2-409e-8973-0243cbd8cf75,54,Female,180,16,No,-1
560e98b2-d6a9-4d3a-b56c-4974ea86f99f,43,Male,56,73,No,-1
473ee0ef-bc00-45e0-ba19-3e54ba7649fe,79,Female,110,84,No,-1
95857a25-15c5-4004-ae31-5816ada0e783,78,Male,99,25,No,-1
5ef230da-b9de-44b1-b863-1387c9164bcf,33,Male,47,31,No,-1
a26fa0bc-fdb0-42e3-bbe2-1025250b7f6f,56,Male,188,47,No,-1
e880b991-a6d1-4b77-9e99-e955bd47b4e2,36,Female,156,50,No,-1
57af1afa-7772-4f5a-8142-9152f613eb72,28,Female,137,27,No,-1
036a07cd-83b2-41c7-a4c1-f39541d0bfe2,36,Female,197,64,No,-1
a9073ab1-6344-42a3-af26-778bbaeb68a8,55,Female,143,92,No,-1
b5bcc859-cf25-4070-95d1-9e73994bb874,19,Male,121,40,No,-1
6c4d0312-928a-4d67-81dc-a11884006420,75,Male,65,43,No,-1
98d1159e-d5c3-427a-81f4-dc541e366b60,32,Female,84,45,No,-1
dff4f317-fa4e-4a56-b5e7-2c3d05ec6b2c,78,Male,192,94,No,-1
b10e506d-f0e6-4576-988a-30c534e8245d,67,Female,144,20,No,-1
1f7eab30-6e60-4315-b63c-502ef1370579,67,Male,168,44,No,-1
cb13317a-599a-43e2-80bb-7800382c0372,48,Female,72,52,Yes,-1
7ea38630-fd0c-462d-8161-2ca7768db12e,36,Female,188,50,No,-1
bdd87e4c-2f81-4432-818a-c6a4367d72b9,63,Male,197,86,No,-1
a69434c0-eebe-442b-960d-29b3714b9592,76,Female,137,88,No,-1
af17deac-7967-4750-9a07-bc710187bd7e,31,Female,28,48,No,-1
44411742-9f27-47d8-b28b-0d7cebf34300,29,Male,97,39,No,-1
d5ad86be-b408-47fc-9ebd-e26546120f8d,83,Female,86,3,No,-1
9bcbc0ac-8435-46b9-a8bc-054ae0306b7d,48,Female,143,30,No,-1
877bb710-189e-44ee-bbab-900b9eab1e2b,28,Female,96,55,No,-1
923b46dc-0d5b-4362-9b8e-3ae21abe7403,26,Female,128,40,No,-1
a49cc37c-4ba4-46a7-958a-219b3cc9fea5,38,Female,47,71,No,-1
ad87c11b-3f5b-4183-a266-5cea6176fc1b,84,Male,199,79,No,-1
996a5774-e333-449c-b590-8737733e1dcb,48,Male,198,72,No,-1
b629ed65-fdf1-4b11-a267-7f812a35592b,35,Female,191,9,No,-1
f48a94e5-406c-4d27-99ff-9b44161cfaa2,83,Male,106,25,No,-1
f4f7c627-ee78-4856-a7c6-de0ae2add43c,51,Female,27,8,No,-1
e245baac-a714-4c9a-a1c8-1dd6b6b8c59d,80,Male,56,72,No,-1
859da58d-90bf-4169-8ba5-393919e026bb,47,Female,132,55,Yes,-1
f2ef2196-f52a-4459-a0bf-e79429bbf2fe,34,Female,135,87,No,-1
963843ff-cfb0-4e1a-a8f5-b5549209dd2f,38,Male,198,22,No,-1
b2293e9e-cc0f-4442-a3e2-4043d96a0497,81,Male,179,67,No,-1
8036fb80-0d59-461f-a3ca-9a68d1b6a572,27,Female,90,23,No,-1
7be70de6-631e-40f9-ba4e-097289aaf520,28,Female,175,51,No,-1
5d61cda0-6fd7-4e7a-a11c-09e7c72e1830,41,Female,84,41,No,-1
df4b3427-c7d9-47e1-b553-29a67e435a10,28,Male,61,47,Yes,-1
438b152f-d3a8-4b92-8833-794d56fc8f41,90,Male,153,95,No,-1
8925e399-fc68-4f1d-bf1f-b610d5ab23bd,79,Female,102,62,No,-1
7529240d-df98-4ac3-b3f1-0ca104a2a82b,86,Female,176,81,No,-1
eb17a258-9d7a-4f69-8680-3353b9c59033,20,Male,104,45,No,-1
6db4385f-aebb-4f93-a5c8-7b098122c298,79,Female,27,24,No,-1
5c2040f1-ba81-41f7-8e77-220b03327985,79,Female,101,40,No,-1
f79bd0d8-cb61-422d-a800-f459a911a122,30,Male,178,18,No,-1
efba7ab7-2393-43a9-8605-51672077d724,20,Male,104,73,No,-1
78e6ca26-999f-48c5-b0e1-cae4eb386fc2,70,Male,171,42,No,-1
a135530d-f651-4454-806f-73c4ff3bcaa6,49,Male,42,8,No,-1
34fd75c6-74be-4ab4-b229-60113cac5c3f,58,Male,174,51,No,-1
679651ea-2a09-491e-8327-a5017dc4abb1,86,Male,44,81,No,-1
e0d5d01e-4afa-4763-bffe-1f7517bda767,23,Female,173,63,No,-1
7b1ebf1e-00c7-4f89-aedf-ad3c2dbbea16,46,Male,195,90,No,-1
6f6ef3ae-c626-4a69-8e47-4f9c2adc95fa,63,Male,68,34,No,-1
6ec1e2f1-57e4-45e0-ac93-e6dc6c4e47b7,35,Male,145,25,No,-1
43566a2b-ec9e-4c01-a6d7-b541ddb7c6b9,32,Male,127,9,No,-1
d262473b-2129-4c2f-a551-df4b8a75cbfb,86,Male,58,80,No,-1
c2b8c649-9330-4609-908c-dcb68e610033,56,Female,168,65,No,-1
69daaa0f-bf30-4fea-8c52-5a0f4391a822,26,Male,25,54,Yes,-1
017089be-cdac-49e2-8e69-115a76a24f7c,28,Female,68,63,No,-1
e3d5da36-4cd9-43a8-b6a0-7730bc43ba69,21,Female,137,19,No,-1
8beda348-6534-4239-a4b9-d893ebd9b025,59,Male,96,39,No,-1
0da3ca90-1e7a-4358-9b6b-4544373ab636,72,Female,104,68,No,-1
ad9de79e-f721-47d8-bed6-aa1117860740,77,Male,169,80,No,-1
d412673e-d379-4dd3-b9e6-1d116bf00a75,58,Female,67,16,No,-1
41c6c767-5c73-4106-b2c8-62e67ed7b22c,43,Male,108,16,Yes,-1
0d6fdffc-8d37-456a-8ed3-5bc9521dab90,78,Male,136,14,No,-1
f743f8c5-6832-42e4-b703-239460e9a798,83,Female,73,53,No,-1
d52b001c-89c9-498b-b6ab-d507318a927e,72,Female,63,30,No,-1
9bb5edac-1fa2-470a-8d09-b3c8dc5d0c9a,45,Female,49,19,No,-1
3a6f6ddf-67cc-46a6-9d36-29525fed636b,63,Male,124,31,No,-1
3ae78159-6cf0-49d0-8116-dbec6862fe93,56,Male,178,18,No,-1
4de47f94-8ca6-4c7f-b8fb-3090a67063f0,83,Female,35,25,No,-1
553d6b19-8f15-46ac-bfe5-4100579c6fe7,27,Male,66,43,Yes,-1
482573a6-bb5e-4695-bb7c-c55e4543adf0,81,Female,168,54,No,-1
d16a285c-77a6-4d60-9b44-5463c2d4cab7,79,Male,194,4,No,-1
b090e1b2-a1ed-44c5-b8ef-37dd73eb4506,47,Male,184,65,No,-1
325ebc3e-449c-4cf3-a6df-ae1737753024,19,Female,120,40,No,-1
7b2590fd-da6b-47a2-adcf-f07491579b03,79,Female,46,67,No,-1
9d4f7674-1dd0-459e-9221-6d0de6548f4e,80,Female,175,27,No,-1
59365083-9425-4783-8803-4ce37e44d9ee,51,Male,148,76,No,-1
2c401119-9df1-4434-a547-5a2fe188f709,46,Female,72,28,Yes,-1
41c5ffef-73ae-41fd-a6f4-39d7851072d4,70,Male,141,17,No,-1
49e5e9f5-ce00-423e-9dbc-a65c2a6eacc4,51,Female,108,29,No,-1
87047474-864a-484f-8090-6bb3be539b30,49,Female,171,25,No,-1
3649c7cf-7bae-4e5b-a29e-c6647ee42832,72,Male,77,15,No,-1
ead84f37-ac87-4a20-a821-769206c2556e,88,Female,31,39,No,-1
45a3e35e-cca3-4762-8dd2-c707d6a7f21b,47,Female,58,98,No,-1
574d79bb-3d9c-4399-9db0-41f463f2ba95,84,Female,24,100,No,-1
07e6225a-0654-468a-95ba-2f013e358a3c,29,Male,91,65,No,-1
2f394252-7f35-4c48-b323-befe7862af68,49,Female,70,95,No,-1
2e5869d2-96c7-4d59-8d3e-b973ba36ffcc,88,Female,198,66,No,-1
e93160bc-b980-471e-877a-39912a06cadd,67,Male,93,22,No,-1
bd0a9f17-0b70-4471-a425-ae308287eaaf,35,Male,105,69,No,-1
00b94cd4-0d08-4ecd-975d-a58e56a507de,71,Female,54,24,No,-1
a36d12b0-696b-436f-bf76-1738575f14e1,35,Male,105,9,No,-1
6e1849f4-7d78-4bc8-a8df-db7d4ba6f443,46,Male,87,70,No,-1
886a8872-a128-4567-afcb-4b7887fd236c,31,Female,140,49,No,-1
a0b7a2e3-ccfe-425b-b9ce-038d2e07f5d0,21,Male,88,28,No,-1
ce017afa-dd5b-4dce-84ab-727a916b9852,53,Female,79,23,No,-1
ae4e1705-34e0-49e7-bc49-8079d29d291c,74,Male,103,40,No,-1
8424c7e1-5dab-4f88-af33-3a89c91102fb,82,Male,27,48,No,-1
340819e9-5de1-40fe-8171-7b36432f073f,54,Male,114,94,No,-1
c0fa4b30-c329-4786-bee8-066764384177,81,Male,142,34,No,-1
4211c987-c248-4e05-a499-c1add833a23f,50,Male,53,33,No,-1
621e5f2e-8280-497e-b546-cda9d86a7b7c,82,Female,191,71,No,-1
8a368e69-bf53-4699-b5c3-f38a9e40850b,37,Female,100,83,No,-1
f0c2fba1-b85a-4df9-a2bb-9f14dfdb06b8,59,Female,27,79,No,-1
bb8a5199-28fc-4ca0-8336-5b1bef326151,62,Female,53,73,No,-1
dd4234d9-f6a1-486a-b5aa-33a1168713dd,30,Female,108,69,No,-1
a38c3873-6c4f-48e5-8528-db801df748d9,78,Male,60,48,No,-1
f77c7b00-8d9e-4438-8f44-e6530f7a5450,26,Female,178,66,No,-1
fefa101e-6935-4ab7-9ee8-59b4663b4912,42,Female,109,37,No,-1
84e8ac9e-a4d8-4fc5-a187-f68368a17471,78,Male,72,19,No,-1
de2b586a-79ac-49e1-85d6-579ad27b107b,40,Female,25,21,Yes,-1
84e30238-d1ae-4fcf-a5e0-385efdd14649,30,Female,81,22,No,-1
29af35dd-da73-421c-872e-33fe72f66d85,27,Male,125,15,Yes,-1
e3012024-3991-4601-b7de-805d8808261d,20,Female,195,3,No,-1
d004cecb-e4ca-4404-a15c-365563cd7d01,78,Female,184,98,No,-1
977858ee-d69e-4acc-8ad8-98f7f27b1485,79,Female,51,43,No,-1
d841edcc-008a-4151-a19b-e3617996a9fe,55,Male,188,29,No,-1
7d34459a-2ab3-4245-a141-d219bb606d80,19,Male,45,59,No,-1
63e873db-4296-4613-a8db-26fcbcddd92e,67,Female,152,18,No,-1
b5a39763-69ea-410d-8cc6-16c615dfffb6,26,Female,117,3,No,-1
b1a51c3e-583a-4c46-9b24-2d3ea258c8a0,89,Female,37,20,No,-1
a1d2ecbe-358b-4b31-8bda-30b8d6dd08d2,29,Female,160,82,No,-1
afce295e-a0b4-474b-b668-5dbf1ce979d9,81,Female,171,15,No,-1
75e82e21-546d-489e-8c3f-ec568cd95b92,72,Female,59,92,No,-1
7f3f5deb-7a4c-41c4-aac1-3a8c474d1d45,29,Male,61,96,No,-1
e3900e3a-73e0-4dd8-b020-e15575b3dfb3,70,Male,194,70,No,-1
933b2594-ef47-4233-b281-317bef1d863b,35,Female,45,6,No,-1
113b30fb-9a82-477d-9f53-e6ac66003bb1,90,Female,192,70,No,-1
e7ce6301-d935-45f8-bc56-431d5ad49d71,49,Male,187,94,No,-1
f9a90d28-dc5a-4c04-80d4-0ef4ffb3e38c,50,Female,183,80,No,-1
e3ea7777-4a19-4f48-8cd6-9c80b3330c6e,61,Male,151,38,No,-1
02dce46b-8888-46a8-8afb-d7a8b024096e,61,Female,156,83,No,-1
e6240833-dda8-4b09-8335-4cff0d6f3750,41,Male,181,53,No,-1
f78fa36d-5190-4c0a-9051-778e192c2231,77,Male,34,54,No,-1
46e870dd-0738-4131-8e49-a98d2e1174c7,60,Male,55,75,No,-1
2424ecb4-9510-4034-ae7b-87af45a44aa4,89,Male,149,7,No,-1
f4343697-7351-498d-9f44-89ea6a70e83a,85,Male,129,53,No,-1
e9c1b0f0-0902-48e7-8744-dde50f23b474,56,Female,164,30,No,-1
a88a10f2-c1ea-4310-9bba-4a655c1760a1,75,Male,108,37,No,-1
02b71b98-c72b-4345-ad83-8d9f3b85a147,66,Female,104,80,No,-1
19435965-b3bc-424a-8b87-95c689da7f6a,36,Male,182,76,No,-1
285ad9db-a49a-4386-8125-ab709e46a3c6,81,Female,57,92,No,-1
496333dc-11f9-45f9-b98c-f8fc992e55df,36,Male,50,27,No,-1
dc212171-eb54-405d-8615-887d17139f83,68,Female,155,75,No,-1
95bece5b-3ea6-476e-94c3-19c4c5f887e3,56,Female,177,26,No,-1
c3195607-c737-405d-b24b-2cec84d67c59,87,Female,153,22,No,-1
08a5b1b6-33fe-4547-9c85-86f95c40738c,80,Female,184,88,No,-1
d4fd2c0e-afa9-4f09-a556-c722078eec57,26,Female,44,35,No,-1
cbf70ef5-1342-45e5-830d-afd393d4a285,40,Male,109,72,No,-1
8154df0a-0fe2-4ae8-918b-dcece2312360,89,Female,53,87,No,-1
a084e4cc-e8fc-4695-a6a6-44a6f02aed1f,67,Female,130,46,Yes,-1
002b1357-9563-4a84-af07-ab464c231a23,51,Female,153,81,No,-1
1da7525c-66eb-4f7d-8728-ebe9c47c4f94,47,Female,179,51,No,-1
59c7e836-a838-4c24-a41c-3f60b2291e7a,19,Female,180,40,No,-1
0acf6fbf-a10a-4194-a6ab-8d17178ca2e0,19,Female,61,91,No,-1
79d6a99c-ff8f-4595-a07b-4e7d683e37c2,83,Male,184,76,No,-1
9d299400-86b1-4ef1-9167-937cb0a3bde6,36,Male,44,19,No,-1
669307cc-deea-4825-af02-596f31c495c4,64,Male,196,44,No,-1
0f9e403a-9bad-4bc6-a73c-6a3905222749,49,Female,177,92,No,-1
e043975a-d08f-4ddc-85ef-d63d421749e5,68,Female,145,87,No,-1
fcbe7504-bd6a-4811-ba66-28db2dfdf131,45,Female,139,21,No,-1
5eb8f48d-4cdd-40fb-a6dc-39f746829224,83,Male,130,14,No,-1
2e374298-0dcf-4d51-a81c-20c42e700a8e,37,Female,70,12,No,-1
9683914b-8662-421c-8aee-d956f4ebe812,73,Male,50,24,No,-1
7ff0308c-b1b6-46e4-81c2-8e51d3fcfe1d,79,Male,99,6,No,-1
a179b024-a8b2-4034-a22d-1badeafa354f,26,Male,124,37,No,-1
27400c0e-cf29-4646-870a-250fa82a4367,39,Male,103,66,No,-1
7a290a09-6f9d-44f3-8ac6-713d94effab3,61,Female,187,89,No,-1
44111cab-2b9e-4f3e-b9df-bc7eb50f6914,46,Male,190,65,No,-1
bbee7841-bd39-42e6-a68d-49f0c6d73276,80,Female,57,79,No,-1
c0f99772-7e14-483b-8f72-aed7b67c0e76,54,Male,89,73,No,-1
ca6ada17-7cff-4b24-a6f3-d82b693e04d1,45,Male,195,67,No,-1
6df6a14f-13dc-40ad-b836-e7d6407e49a1,57,Male,113,3,No,-1
f967e6d6-b3be-478a-b2ee-bb7695156410,31,Male,45,9,No,-1
1ec84221-4f96-483b-ba59-161f37c75f33,69,Female,190,61,No,-1
03fcf515-2b9f-4f85-9a07-039b2f8864ea,24,Female,192,72,No,-1
f70737e4-58bf-4b1f-af54-07aa0dc8ff3a,18,Female,171,41,No,-1
4dc41734-2992-4bb2-824d-153c84bacc33,57,Female,111,11,No,-1
e18bb882-d64a-446e-be43-372597a21bf4,60,Female,52,92,No,-1
014a1535-0a49-4c45-a1c7-5023b11f83d2,73,Female,96,25,No,-1
dae2361b-1bf9-4a7b-8aae-29f26a758888,70,Male,51,2,No,-1
b5149c8d-084c-4cdb-ac29-3cf39ebbe0f8,86,Male,53,60,No,-1
ab0f10a0-3274-4250-94fd-ae2e42eb57e1,49,Female,85,70,No,-1
8f20d109-1640-41a1-8d33-26782de9c05a,55,Female,174,91,No,-1
7e0a9cef-18ed-4c1f-9aa3-d46b019e0936,62,Female,37,62,No,-1
09dc3d4c-6066-4040-b25d-cbc5e026157b,55,Male,27,40,No,-1
021899ed-541c-4a1b-b340-a4b7ffb510a6,47,Female,174,72,No,-1
1f93fd9d-5e56-4675-a025-45524b50ec9e,83,Female,200,94,No,-1
6ff1eb3b-e49c-4de0-acf1-ad4e54a708ec,22,Female,187,99,No,-1
eca51636-b43b-4d1c-b437-aadb6a2a5241,61,Male,197,93,No,-1
eabf531c-ea04-4b0f-b16c-1ff89e6a9330,54,Male,166,58,No,-1
0628a2df-6473-4a24-ae93-518dddc841ca,81,Male,99,80,No,-1
2e938dbd-af52-4065-88f8-660726756309,22,Male,107,12,No,-1
70b634d5-118c-4502-b691-7a407cce826f,89,Male,63,74,No,-1
6f39aae9-e681-4d46-a4ae-3f6c1a04806a,87,Female,20,91,No,-1
73a84b2e-9611-4bf8-912c-ee4b4c09b3eb,19,Female,27,36,No,-1
cd8f1c20-28e9-49e3-aa1f-8dbc69a31036,19,Male,108,32,No,-1
efa90f5e-bb29-489b-8bc0-9c1768ba1b90,89,Male,115,78,No,-1
0015128e-5ee8-496e-b14f-d75fd6127a19,22,Male,59,99,No,-1
a830a323-abc6-4b50-bd4a-51a190d04b00,47,Male,165,69,No,-1
1393d318-ac6c-4127-ad5a-dae7b14f10b0,65,Male,148,90,No,-1
b9856f65-d89e-4d67-8344-44fae4bbbb7e,81,Female,151,19,No,-1
15de8101-32a7-41f5-84fe-ee692bab00e9,57,Male,81,87,No,-1
7d8d5264-072c-46b4-9242-7ca40a642cf0,55,Male,186,8,No,-1
5654d7e9-2ea7-4f40-9095-7375f7bbd41e,49,Female,65,92,No,-1
4c473f53-4175-4110-9c81-6958a855b09f,62,Female,129,98,No,-1
6430a43f-241d-43c8-ba03-46db46cff7a0,25,Male,114,41,No,-1
3a8e4a8f-ded1-4fb2-95fa-7cfefc2c08e2,45,Female,147,54,No,-1
a9a793bf-e843-42d2-8bd6-6f6a0a4f68d3,22,Female,45,20,No,-1
07317d3c-f5b9-45c2-ac0a-3c747d4e6441,67,Male,104,50,No,-1
098d0093-71c5-441e-9674-50a5f74e25f8,29,Male,145,82,No,-1
d0d3e35f-c4fd-4870-b970-09c0d54284e0,79,Male,150,54,No,-1
7d9796ba-88f1-4e7e-9e39-ebc3ec4e4e32,28,Male,89,3,No,-1
b192fa5a-6e98-4bc0-b867-5235ba596233,70,Female,152,77,No,-1
19d4233a-3e05-4975-8e3f-d35857943a3b,84,Male,96,20,No,-1
07efa5b4-1aa8-40a6-bf1a-49828ee50ce2,63,Male,102,4,No,-1
17b9b688-e5ac-4319-a77b-d67dee80bf3f,82,Male,61,43,No,-1
b9d214ff-877b-4a6b-8f9b-dc3c4cc0f961,74,Female,171,15,No,-1
4ddcea3c-502d-4076-a4e4-23ff0d21466d,50,Female,82,11,No,-1
91377dc9-6393-42f7-b09b-cfe56dd06a01,67,Male,152,56,No,-1
962b52c0-5644-4a19-826f-0c5e29591f27,88,Female,54,85,No,-1
f0bb570a-f677-4eb9-a4dd-e5063018d8fa,64,Female,174,92,No,-1
d99714ba-b932-4bb4-b176-7b2dd2a96107,64,Male,44,44,No,-1
2de6df54-c9a5-4a92-a8d9-8b8e58341d35,86,Female,93,37,No,-1
058c7687-e198-4700-804e-c512ea15abf2,55,Male,48,94,No,-1
95dcf36a-04af-48be-8924-b208f8ebee19,59,Female,113,67,No,-1
374522af-c2e6-458a-bcbf-afd2671d9a25,69,Male,33,75,Yes,-1
86941773-62d0-4a96-9002-3267604a7b8e,83,Male,185,76,No,-1
706fe591-c76e-4537-aaaa-805eca511865,60,Male,182,38,No,-1
3f3b13d8-0f80-4dd8-a46e-1da1f722cc0d,72,Male,156,9,No,-1
4dc27a83-c095-4e2e-92bc-b03cf40a096c,70,Female,58,82,Yes,-1
26278e20-6a9c-49f9-bcfb-d38650ae7021,62,Female,174,35,No,-1
0956182f-c285-4edf-b7b8-e544f88fb4c5,84,Female,48,38,No,-1
ab32836c-d226-49c7-a820-67eacd7222da,22,Female,52,38,No,-1
2d39e2e1-add6-401b-9b37-9c2c5baeb6b4,87,Male,69,34,No,-1
424b27f4-7f91-4c4a-9ddd-54889f42d0c2,26,Male,35,19,Yes,-1
6b3e9450-711e-4723-bffa-a6d6492754b9,65,Male,62,94,No,-1
adb334f6-3dae-42f4-b471-68276afb6249,89,Male,25,5,No,-1
616f2431-f26a-4f67-8a74-770946a24d06,62,Female,152,91,No,-1
140b91ae-4cf3-4224-b7f1-1e11b14b537d,30,Female,154,24,No,-1
63d95b62-c3c9-444f-a366-25b8810b7007,69,Male,106,12,No,-1
c0cd702c-7c2f-43ec-ad5e-931a155a7209,39,Male,193,54,No,-1
1956ff57-6c53-46f6-981b-7c5788815261,26,Female,74,25,Yes,-1
c1190034-962f-436b-9cef-d552caa8935c,75,Female,131,42,No,-1
43bf3e57-b97d-431b-a163-bc226842805c,32,Male,27,36,No,-1
ac352ac3-a759-4514-9ef6-2f13ef2ce4ab,21,Female,195,9,No,-1
2998069f-b81e-4042-9101-3fd95d7b2ddb,28,Female,31,74,Yes,-1
ec6f3927-f9ae-42ab-9152-8a7e74f8bdfe,55,Female,103,67,No,-1
389f7147-4f58-4851-aba9-b2ce51c553cc,42,Male,100,39,No,-1
31d75c4a-1e23-4d77-ba79-135d6e46af2a,77,Female,102,7,No,-1
b9c58bde-5565-46f6-ad04-9196d0b4c7b3,26,Male,165,1,No,-1
c3ceeb5e-a3ad-43a0-8519-a2685500b356,21,Male,55,84,No,-1
b654ffee-d8bd-4d46-aad7-4c31191c85c4,82,Male,132,55,No,-1
28714508-0ae4-42f8-90e4-3f19a67e025c,67,Female,53,40,No,-1
5929a520-2cc5-481d-89da-ae64c1d13e2d,32,Male,58,33,No,-1
957f62b0-594b-44b3-8b79-a536292cff37,69,Female,188,50,No,-1
f7f1aa81-1327-454b-b2f1-2259f6830880,65,Male,107,55,No,-1
14728282-fbc3-40f2-8ae1-79c05e43034d,21,Female,169,56,No,-1
add1621d-b329-4f0d-9f63-1d8da937c241,34,Male,133,2,No,-1
ecd9afc9-b4ae-4560-a3b0-2e7f2fd46dbd,20,Female,133,26,No,-1
8cf0409a-1f5b-43f9-9553-9c8909ffc69d,75,Male,175,82,No,-1
0e9e109e-9662-4e64-82e4-50141c35ee1d,67,Female,133,16,No,-1
27959509-43a7-44d7-8d10-49661e6f3de7,31,Female,57,17,No,-1
3ae39d34-2e52-4424-822c-44d945c956c5,89,Female,105,27,No,-1
9d45e6b4-98d6-4a5b-a4fa-4f771434f4e4,18,Male,123,44,Yes,-1
4f4de699-6061-4df3-84c2-dfdda645706b,60,Male,47,39,No,-1
d887011c-9b5e-4d23-b492-a3b0551e2e88,60,Male,75,61,No,-1
c659a8a8-5b12-4c82-a093-cf0ce0cba3c5,41,Female,96,29,No,-1
c57dcab8-a1c4-4a69-bff0-7aff4de4e482,77,Male,111,66,No,-1
dca4e75c-21e3-416a-9fa6-70c2cf60512a,37,Female,29,57,No,-1
cc452f6c-bbde-4466-b7a8-bd97e9ad9759,71,Female,98,70,No,-1
172e3f9e-0242-448e-8a50-e633ea38c360,36,Female,63,31,No,-1
9506c7b8-074f-4417-96ed-6688f82ea274,44,Male,145,12,No,-1
1b38f4b3-ccad-48ae-99b2-3687c7a09770,44,Female,137,9,No,-1
16235068-d19d-4f65-8e7e-944ff93c0a6e,34,Female,65,90,No,-1
3c5694e7-afad-4a41-a850-a5c162c2731f,80,Male,84,7,No,-1
ca1b6260-c567-4c4e-ad69-54adb7e89910,74,Female,192,32,No,-1
1151eaea-4cb9-4d3d-bead-07e4e007ca8f,85,Male,198,73,No,-1
374d123c-014a-430d-a013-948c9a583adf,81,Female,84,1,No,-1
500ecc67-2dea-4479-8766-2143bd8f0cd9,70,Female,37,21,Yes,-1
6c55acba-b4c1-4697-8fb2-968ac8bc3a3e,34,Male,169,68,No,-1
0c76cccf-d896-40b3-a515-a73f4f47ad4b,53,Male,28,52,Yes,-1
48aae04f-3c09-4322-b479-ec2fe08d24fc,25,Female,57,70,No,-1
51d6d8db-f91e-4582-86d7-0298c17e4412,38,Female,49,43,No,-1
a4badcec-d7ce-475f-b3fa-b01ec32e2e3b,55,Male,51,77,No,-1
0bc523de-6c7a-4e26-8af9-6a62434c9bfd,19,Male,117,95,No,-1
2b9da4ba-8001-4323-89b5-43e7ae900eb6,62,Female,108,18,Yes,-1
3caad6ea-a991-48dc-83a7-546cc768d812,61,Female,187,76,No,-1
a2ff4b69-91bb-4b54-a38f-907638eaf823,46,Female,35,24,Yes,-1
4e1bad31-6682-4c6e-8612-4d5d90a6456b,76,Female,34,40,No,-1
3d50a243-5691-4bfb-a7ba-d735efcace19,70,Female,46,39,No,-1
fd59e9a8-96c6-4fe5-97ef-2e830c1d351e,37,Male,70,52,Yes,-1
ebbe3e5d-916c-4323-b4fd-cb5eba366d74,76,Female,73,13,No,-1
b580ac73-c617-4e05-9ff2-3f73d351aa36,61,Female,146,92,No,-1
edc9bcdb-279b-4fbd-8d46-af9d53bfac0e,29,Male,192,73,No,-1
fba7fe69-3441-47af-b4b7-43c2243812be,49,Female,130,84,Yes,-1
e98339e1-3bef-4634-8dae-b8737a10aa5b,38,Male,106,85,No,-1
68ffe99d-ba60-4b9e-8cd0-e31bd2a3c88e,76,Female,184,79,No,-1
c768f240-0bab-420f-b718-5b376ca9da13,75,Male,47,72,No,-1
c2c9abc0-23a1-42c8-8a75-0051f54b26a8,58,Male,145,29,No,-1
cdaf4d36-bef3-438c-b0b8-1f785b87b148,58,Male,97,21,No,-1
dba475bc-81e9-4c14-b45c-6d6667be76af,47,Female,191,58,No,-1
42787f3f-73dd-413d-9ec3-99b959406f0c,23,Female,162,3,No,-1
0a7af577-d645-451f-8543-4ab2524aa5ee,20,Male,143,29,No,-1
264c36c8-9338-46c0-9020-d3512fc65d76,29,Female,109,70,No,-1
b88b25f6-170b-4fd9-85de-2ce62d437cf5,65,Male,145,49,No,-1
22dd1a94-50dd-48c0-a007-b6e56f4353b9,21,Male,136,1,No,-1
4d45a066-dea0-4605-a0b2-fc36e26a0979,77,Male,100,9,No,-1
d4c5fb27-010f-4e09-8ebd-d26f63c461cd,34,Male,59,41,No,-1
a40be675-8a5e-4957-b469-17617211df9d,66,Female,145,53,No,-1
21e3bd43-f79c-40a1-b74f-562dfd311c3a,47,Female,154,35,No,-1
457aecd9-1af2-46e0-bcd7-17908b987d9b,65,Male,119,63,No,-1
e78064a2-d1b0-44ed-b7b0-bd7e24251c01,87,Female,22,59,No,-1
73d59cc7-a6a6-492e-8231-28491b286da4,59,Male,148,94,No,-1
b6b56e1c-aaca-406a-8193-38d6e39af7cf,51,Male,54,83,No,-1
21733b9e-7d57-48e6-bd3b-4e30763626b7,73,Male,141,28,No,-1
1cff8dee-786b-4287-b719-5af3e2b89c92,72,Male,120,18,Yes,-1
f5f27848-32b9-44e9-a3e4-92cfdaf90133,83,Female,196,59,No,-1
8d4ab6e7-2980-4429-bb94-f571d048bcbe,51,Female,187,2,No,-1
b68f382c-24c0-4f6f-8ebf-76ea96439211,60,Male,99,31,No,-1
6325e55e-98d1-414d-8201-540fee3f11eb,52,Female,176,52,No,-1
b688db6a-e220-4224-bba9-d3cf263dcd94,27,Female,73,65,No,-1
4ab313b5-ced8-4dd5-8541-99c0ce0bd6f2,63,Male,129,45,Yes,-1
ded1fd98-0553-4fd9-91f3-dd5d5e2f04d4,80,Male,105,14,No,-1
c036a285-1a23-4c6c-8819-42773f6af01d,86,Female,125,20,No,-1
bffa193d-c4cd-48bf-9567-1c901c750988,48,Male,176,17,No,-1
6b67e548-e9dd-4e82-a4ad-c143c41ac10c,59,Female,196,44,No,-1
3fcd82a6-580d-4424-8f21-84db028e3287,71,Female,148,41,No,-1
bdcaf795-016b-44c9-bb42-1b45750b79a7,85,Male,28,34,No,-1
0a5bc4e2-6457-4df9-b26a-37168bb76ab9,64,Female,110,58,No,-1
1d1e70a8-c3a5-4d10-b4f6-12d4a4825351,69,Female,62,24,Yes,-1
0a7fe76c-dc45-433b-bfdb-81d97160c35c,67,Female,94,28,No,-1
3d520cfe-bd79-47be-afef-436b96a3a2ba,68,Male,110,63,No,-1
73246614-5c22-4d0b-ad96-de39c5170036,80,Male,157,92,No,-1
2241c63b-5521-4856-bba9-173836cb7655,43,Female,180,85,No,-1
a0ea64c7-2f9e-4f32-9dba-e5a189a302c3,68,Female,144,16,No,-1
eb9d04a1-9c35-432d-b146-eff410ad5779,56,Male,153,47,No,-1
43eb6ee1-a6df-4ca0-8224-e9483209ca50,39,Female,82,32,No,-1
9a98770e-de77-4f4e-8cda-1ca37b396c31,74,Male,133,20,No,-1
e1da482c-fe0e-4b82-ae4d-e60b32e7d406,61,Female,176,3,No,-1
cec4ad79-b98c-445c-b449-0f706da83c96,45,Female,52,9,No,-1
ccf5ee1d-7df6-43ee-b074-f867fa6a0261,45,Male,71,10,No,-1
ab460ea5-8234-49f2-bbf9-8f4a782da34b,22,Female,111,28,No,-1
65f48eb3-0c31-40c5-af56-716266b0616d,87,Male,52,24,No,-1
25e60a59-e293-47c5-815c-c3cb6bb541eb,55,Male,146,88,No,-1
810682b5-c683-4682-a3ea-2f9f034b71c1,66,Female,190,3,No,-1
44052024-411a-4e43-88c5-152c4d252c29,72,Male,177,85,No,-1
918d0a69-915b-4451-9607-f166ab8af617,61,Female,162,85,No,-1
c7b0f6b1-a66b-4852-93a6-f425de200840,57,Male,52,39,No,-1
f73b40cf-bef4-49f2-9552-1413cd00d8ed,61,Male,155,52,No,-1
3815786a-e851-4ed0-aab7-1f4ccce2a5a2,54,Female,99,39,No,-1
a4025579-3c9c-4c25-9394-526fc9b7b977,33,Female,102,59,No,-1
5890b93c-e17a-4844-8c36-062d508ee764,61,Female,67,21,Yes,-1
c3925058-7bd6-4cd7-8a26-181eb8604b0b,84,Female,181,63,No,-1
569e7896-6999-4a36-b11c-0c58fd3cd6f0,47,Male,150,64,No,-1
2d58b438-bf9d-4633-a93a-464655ac403c,44,Female,155,12,No,-1
cf231bff-6971-4c3c-9e7d-fb9e2bda723b,69,Male,197,44,No,-1
6f8aaf88-40c4-444d-8788-96d291adfb43,58,Female,56,41,No,-1
ae6219aa-36f4-47f8-8333-5a2f69941b6d,90,Male,200,8,No,-1
59e2bc32-48a5-4dc0-b7a0-ad2cb41bc2fe,83,Male,140,28,No,-1
6b98c871-919e-462c-a66a-0c9197cbbf22,23,Male,141,76,No,-1
da72497b-52d7-4310-b091-482b394c75b3,52,Female,146,96,No,-1
6a4eb421-0078-4888-a122-eac9426df617,37,Male,100,1,No,-1
cf9dfd07-c180-4fe1-8684-19e1b48b2d69,78,Female,130,24,No,-1
222831dd-910e-44cb-b4dd-184689217484,71,Female,157,53,No,-1
2c2a33e3-ee86-4c41-81a5-d681b427ea01,61,Male,148,79,No,-1
ec82c127-8624-4bb1-826a-c2bcbd8ce386,72,Female,180,75,No,-1
e8620c9d-27f9-48a4-a99f-79a6ef57dbca,57,Male,192,100,No,-1
d9486b71-e3b7-48f8-8d32-ebd7a3e6a0b4,21,Female,56,48,No,-1
a6c07c28-0a39-4aa7-bba9-fae6b1439bd4,38,Female,168,72,No,-1
a885703a-95a9-41c5-8adb-0d97f653a7c2,63,Female,172,36,No,-1
123bd39f-aa4b-4c0d-99df-dbf4805f0b77,90,Female,58,29,No,-1
d05a3685-7029-46f4-917a-98ef016a5499,79,Female,176,93,No,-1
6901f4ab-b31e-4aaa-a5d7-07267cecf39f,37,Male,155,42,No,-1
d097e42d-d71b-4d8e-b9c5-535bb07b1eb8,39,Male,76,11,No,-1
909dbbf3-f064-4c72-a7ff-e022cf3ab250,32,Female,108,89,No,-1
3ac463c0-b31c-4207-8f16-73cdd54bc999,67,Female,57,28,No,-1
2ced4734-2f2c-4577-8a40-8c64f41d9544,29,Male,104,8,No,-1
c41e95b2-ede8-427e-89df-6fedbff5c0c3,52,Male,25,22,Yes,-1
e8d37dd2-9ee2-48b9-95d7-a3f7e16ecde3,34,Male,176,95,No,-1
07a744c5-cfea-43ae-b5ba-3b1998b061c6,52,Male,175,54,No,-1
7cf59591-57b3-4a37-b35a-e76a5a972430,49,Female,177,61,No,-1
021f852d-4399-4355-bc66-4f9c148d8f78,25,Male,43,6,No,-1
90075cbe-27d6-4d42-a75f-4c92979c1788,25,Male,168,57,No,-1
ea036b52-5ff5-4988-a276-df0e5023e098,44,Female,177,39,No,-1
64da2a19-88aa-4ce1-bb5b-ba36b6f51e0f,20,Male,170,2,No,-1
165cec86-e1f4-44c5-94b4-699f6773bcf9,68,Female,172,58,No,-1
8e1ecb8d-0550-4b1e-a591-00ce306ea24f,38,Female,93,20,No,-1
4fa21c29-b108-4c31-be0f-1b91742d3db7,53,Male,136,46,No,-1
91e9d8e9-8455-4c69-9dba-529f310eaf79,84,Male,125,32,No,-1
71c74d62-e6fe-4b3f-8e1e-c7b85b09933b,30,Female,56,54,No,-1
5d889419-5b3f-4be1-bff4-6380914e56fa,41,Female,48,4,No,-1
2fdc8bc1-3d62-4e0e-9ab1-829cb3350df3,41,Female,105,73,No,-1
53d5f893-e973-4f1e-a84e-dd6156968106,30,Female,198,64,No,-1
3b34b7da-8d7e-4037-bb67-37b81fb20fc1,42,Male,151,49,No,-1
24bac456-4100-4612-9896-dd3094758391,74,Male,152,18,No,-1
ff071d02-5908-4f90-8fdd-024450a80390,20,Male,36,12,No,-1
ec97722c-0d14-43b5-ad34-3c27055b6050,70,Female,110,75,Yes,-1
30c44979-7388-4cae-bcb6-361c82a12d3c,28,Female,79,51,Yes,-1
978bbe22-86f1-4fe9-8127-98a86b717914,64,Female,42,15,Yes,-1
e8ff8f60-4c04-4336-8dda-cedf4bf3b184,32,Male,166,38,No,-1
86d9c475-a90f-42a0-8e34-74f9cd3e0e1c,42,Male,165,60,No,-1
e13b83c2-c1d1-4665-941e-4939b7ae9654,42,Male,72,63,No,-1
8d88850c-03a6-4408-9ac0-43bbed530d39,74,Female,183,83,No,-1
4da6f1ba-49d3-4365-a8e4-c165b1085f01,65,Female,174,7,No,-1
7e7e9765-65a8-48f9-9cd5-79e93f200994,30,Female,181,44,No,-1
b222d03e-0336-4c3b-8208-7c417dbcb48a,88,Male,69,25,No,-1
d76951a0-3047-4459-b6ee-2e4c9ca4437a,34,Female,166,1,No,-1
aa758c9e-647e-44bc-85fc-5d6dce06ad85,65,Male,58,97,No,-1
39156294-5441-4a6a-b1cb-20705b5d5cfb,62,Male,178,27,No,-1
c5da496c-62dc-4b72-8b61-8c8ea419dbc5,38,Male,107,4,No,-1
a1670423-7e0c-4de2-8992-14c242ccd219,36,Female,46,75,No,-1
e1757156-caca-4fbc-871f-45dca55291d4,79,Male,59,85,No,-1
3e32e1ca-ab44-4652-a5b2-2f7e01b95def,42,Female,116,56,Yes,-1
548df5a0-bbd4-452f-bc5b-0182a8bc33a3,18,Female,176,5,No,-1
80397e53-f7f2-4c87-b056-edbc260fcdf8,60,Male,108,34,No,-1
d9c53643-0e01-41a0-92ab-9eb6983c16a5,56,Male,65,83,No,-1
842cf544-71db-481c-ae21-f7672f249e6c,24,Male,73,65,No,-1
e46a3f73-6f89-4d26-8ead-3bc6933b8da7,26,Male,146,5,No,-1
d995d05a-a7b6-4097-9142-048e3013d040,22,Female,82,64,No,-1
f47eaf80-0193-4dbf-9ff5-01a9e715b098,54,Male,103,63,No,-1
999124aa-23d9-4d78-b449-950dd1b3d2ea,37,Male,129,47,No,-1
b9965dfc-57e7-47fe-b7a7-2ef337818eda,28,Female,77,74,Yes,-1
abb066d2-135a-4c51-a8f4-8571fdb8a5fc,63,Male,182,83,No,-1
c1512ad0-08b9-44fa-82f8-bb46270c5f08,49,Male,73,60,No,-1
024c086f-191c-49ba-a466-8d7378c8ff4d,22,Male,183,98,No,-1
dcf07d5b-99fc-454e-a479-6604594b7d43,62,Male,167,37,No,-1
9d12b08e-8d64-44c6-b310-90c82d33d28f,22,Female,152,79,No,-1
ea370122-04fb-4b8c-ba22-91528bdde7d5,29,Female,104,70,No,-1
44b1775c-5f2b-4067-861f-0bd1f2be31f9,72,Male,122,37,No,-1
10022562-b3c4-4842-8b4a-bae554326324,25,Male,92,6,No,-1
52659e50-d434-4710-85d9-0cef2f36fde3,69,Male,28,77,Yes,-1
2e773b81-887b-4867-80ef-3c8073ca9ea2,89,Female,196,84,No,-1
9116cdf7-472e-4830-8cae-c6c0098cbf9b,77,Male,142,11,No,-1
e380c97e-729a-4c55-9b46-22b049d84492,83,Female,136,21,No,-1
320340d3-c3d9-43fd-8ad6-6f0d438b3664,79,Male,82,16,No,-1
6b161eb4-01be-48df-bf4d-977e1a34b2e4,39,Male,139,26,No,-1
15167e52-7ed9-40f8-8180-64ba60c3af9b,56,Male,51,38,No,-1
bc45775d-52f2-4046-9a63-90e1c6414ee4,43,Female,147,39,No,-1
3148a4b7-b37b-490e-8dff-647f599715c1,60,Female,35,21,Yes,-1
3c88de4d-b7bf-4f52-8186-43e9c5183f09,56,Male,32,39,No,-1
dca17662-c51d-4472-b459-3e623b3ca138,90,Female,186,100,No,-1
493eea3b-eabd-4919-9879-d816bee0a825,60,Male,199,33,No,-1
d8cf51c5-25ac-4add-92a1-c3b1bb7d4aec,56,Male,153,39,No,-1
fd903b93-cdd7-46a7-b35e-8211923c22ce,87,Male,50,38,No,-1
212b6657-c94d-4d0b-a274-edaf4dac5503,70,Female,158,31,No,-1
e926c1da-a37c-4a9a-91f7-7a31974fe1f7,51,Female,149,65,No,-1
cc75dc05-4324-417a-b0f2-b9d3c789e21f,63,Male,105,40,No,-1
9724d429-83c1-43c2-81df-efde631d98b3,43,Female,55,38,No,-1
89fd3c79-c383-4697-839b-61eb14754414,22,Male,58,33,No,-1
e8edeaa0-0c24-4fa9-986b-af233394f5f4,46,Male,106,11,No,-1
e5ea74d4-c9bf-4f70-9f58-310b2dbc48ff,67,Male,126,51,Yes,-1
6e8a2409-95b8-4970-b5a5-cc2867159efd,21,Male,36,79,Yes,-1
6547e671-bcdd-4dbd-b025-31a743bab691,79,Male,111,65,No,-1
26bb3996-7ee4-46ac-95e5-738055377341,73,Female,193,62,No,-1
4c191079-771c-426d-a63c-3af03731b223,54,Male,117,57,No,-1
14e5ce99-d0b1-4084-be52-a3a5456dcc42,50,Male,146,34,No,-1
3c0294b8-1a83-47ca-a22b-ab85e40c1f94,48,Male,105,23,No,-1
324043f6-e4e0-4487-8846-10cb15a9d4d3,52,Female,60,89,No,-1
61c0f89d-04d2-48e2-9340-0a01e7d2847a,69,Male,158,39,No,-1
d3d7c117-64e3-46fa-ba13-ff485d27fc78,30,Female,66,65,No,-1
7f380c4a-45d7-4995-a4df-7a1852165fd3,50,Female,112,48,Yes,-1
6cef8ad2-3fc6-41e3-9899-905c38957f7b,36,Female,150,76,No,-1
3cf5bd0e-64ae-4a2e-8f10-a73c77970af3,52,Male,169,34,No,-1
7fc1a59f-882a-4869-8e6b-d6a1caea3ee8,84,Male,182,39,No,-1
5b7ab4c3-7f95-4731-a993-d94ad80b9e4c,60,Female,171,56,No,-1
e1c62ff2-83ee-4786-875a-0a313677877a,61,Female,101,20,No,-1
b096af0e-bcbc-4a5e-b785-f84ffbfd66ce,79,Female,168,32,No,-1
3e1a5670-a38f-4636-a695-18320839e7cf,41,Male,184,36,No,-1
647fe33c-1cd7-401c-8ecd-cc0643ac0d11,32,Male,164,44,No,-1
b8fa42fc-fde7-4448-bd3e-f543efa876ed,74,Male,74,67,No,-1
d06e4e00-2a1a-473a-8413-5a233d25ad7d,87,Male,174,26,No,-1
c57db8e0-aa1b-420a-a089-94279758d1b7,82,Male,102,79,No,-1
d3dc8a6b-7d05-4d58-9cfa-2dd15d5d3ef7,20,Female,174,83,No,-1
b0a85c8f-c27b-49f5-b23f-075fde3e8a12,26,Male,108,90,No,-1
e43c9c3e-9812-40ec-ae26-23129b008171,86,Male,155,43,No,-1
20b9b470-3585-4eb7-839a-c0a2b4cc12fd,61,Male,45,2,No,-1
aac503e5-0012-4be9-8800-c25012c8b570,80,Female,173,59,No,-1
459f41d3-22b8-4763-a943-885985149a9d,75,Male,195,49,No,-1
8ee869a2-aba3-4e86-8d11-de95254f1fa0,37,Male,105,20,No,-1
c7cd59d8-3865-4eac-bb4c-01730b11b7b7,61,Female,69,31,No,-1
0eb4fece-e9b7-4371-8c31-2157486b13a7,80,Male,38,85,No,-1
2e3e018e-90e2-433e-af33-ae333b9e6f90,31,Male,51,29,No,-1
511d372e-1ec2-45cb-9631-427a74bd12a9,49,Male,186,22,No,-1
c0943c8a-67c0-4fa5-ae41-8fb65059f1f5,81,Male,95,23,No,-1
c2a9aa78-5c3b-4ecd-a487-c19367a15329,63,Female,49,3,No,-1
efdd713c-9332-4ea5-9885-b09a1ba3c722,23,Male,194,91,No,-1
15a0529e-c6a5-47bf-b4f7-830f046e370e,90,Male,190,63,No,-1
c1f36d73-0232-4532-ad2a-236235e13f19,77,Male,158,36,No,-1
5d5e69d3-0428-4a2d-9474-34999e56dbba,33,Male,116,45,No,-1
c017c477-343b-4b83-af85-d3cce07e48eb,85,Male,197,9,No,-1
55322d8f-1bb7-44eb-a26c-c3be190273ed,52,Male,128,61,No,-1
55d8a58f-fc60-4c71-980a-35c8df5890ee,45,Female,141,99,No,-1
8025cc66-f8d1-4424-8398-34a5972cc43e,40,Male,105,45,No,-1
1bb15d5e-a111-4f13-b5b7-98922ec4871a,51,Female,116,64,No,-1
161d738e-40a0-44cd-ac55-8b1d7c67710b,79,Male,44,76,No,-1
48c44c22-c8ee-4b0e-bd04-643670aae1c5,87,Male,91,12,No,-1
2d460090-ec36-47b8-a34d-2e970c436110,26,Male,195,37,No,-1
578a361d-f59c-47f1-8b11-a7b1b49aa2a2,85,Male,70,21,No,-1
25ba6dab-fdbc-4b2c-ad21-14e3a006f09d,73,Male,141,6,No,-1
0a72cf2a-5764-45f6-a8a0-3359b9c4b82f,76,Female,95,87,No,-1
a77ab4b9-6e65-4b72-a52c-47ce11555108,68,Female,168,30,No,-1
d9b95e88-3db7-4c2c-b1fc-289a46b5427f,33,Female,161,29,No,-1
1813ecc4-9621-44ec-8697-dad2d20064c6,67,Male,171,28,No,-1
e9b08e76-5df5-4e16-bfa2-a0110673fb3e,63,Male,129,1,No,-1
a31a055c-9980-4a8a-a661-4d3c049f6baf,48,Female,33,15,Yes,-1
7ed4e5b5-93a3-4e8c-ab47-e9a61a684177,74,Female,145,32,No,-1
41013696-45ab-4402-bc84-691c70f7a7a0,69,Male,146,94,No,-1
14a90ead-0675-4ca2-bc0d-51c066930fd6,42,Male,166,63,No,-1
2079de00-62ce-4968-806a-3836dfdcd1d6,48,Female,175,90,No,-1
112d78b9-90fb-4448-b39e-dcf4ff3d37c3,62,Female,95,43,No,-1
e3e86815-d15d-4cd2-acb3-4b5a375a3e6c,84,Female,180,23,No,-1
bbaec149-44f4-40c6-af7d-8a7ae42113ef,48,Male,67,58,Yes,-1
254ca41a-3907-462a-83a0-4f0443d8af5f,83,Female,20,19,No,-1
3b13c578-2519-4f51-a2ed-968c8c7c9432,66,Male,160,48,No,-1
cc5ebccb-6581-4bc7-b7f5-269a39c7a902,61,Male,84,72,No,-1
6808a46a-f25f-4018-bb54-fe19d7b912b6,30,Male,30,10,No,-1
d2e1d37e-abba-43ef-9d55-9247d485ad81,43,Male,32,73,Yes,-1
b3fa46a1-1e62-4171-82d6-79b8bbac6261,71,Female,140,51,No,-1
4a552475-a526-4288-97ab-fc0bcab33362,72,Male,47,28,No,-1
dd8aa225-de5f-4322-a9e8-421c5b48fdf7,22,Female,54,78,No,-1
7a7f1133-9690-450c-9a60-4ef99b40b51b,49,Female,47,27,No,-1
e8d9ae1a-e77e-4e24-91b3-1cfcdf3b8909,70,Female,178,41,No,-1
5e18fdd9-ff19-470e-8061-c0a1facf89eb,41,Male,95,64,No,-1
77050144-313a-4807-8ea3-d2a1f808c40f,33,Male,173,58,No,-1
ab745753-b225-4fa4-9818-cbe4ec9f71a3,89,Male,79,22,No,-1
661f9f33-1512-4c67-9b78-3ef0b6538866,59,Female,172,42,No,-1
57b37a4d-bc57-44d9-b442-30deb71d3423,88,Female,51,24,No,-1
baaac55c-66bd-40e2-9044-e57949892db8,57,Female,103,20,No,-1
5de002f9-51c4-464b-a678-da48b58af5f2,77,Male,182,53,No,-1
2283e0e5-175d-4a71-9fc0-5e582b367dd5,62,Male,193,69,No,-1
ccacb8ad-7565-4ea9-b160-ae4223c71348,77,Female,149,22,No,-1
5fa304d8-f706-458f-97c0-49bdf6cc399d,35,Female,181,79,No,-1
dfccf143-3475-437e-a56c-6d3bca73bdde,42,Male,158,37,No,-1
03a7cb6d-d4fe-4978-a95c-c1c1fa8e2803,48,Male,107,45,No,-1
875bd181-3cf0-4c20-a169-b1a347c725f1,44,Male,60,86,Yes,-1
ba2c9b70-43d1-4d9d-ac20-287aa3cbed02,63,Female,175,75,No,-1
3c937da6-ff1c-489a-a490-8c0cb217a3ca,62,Male,193,93,No,-1
f6f2f945-b5e1-4e19-bb2a-a8a8b5318139,65,Male,36,25,Yes,-1
cd189bf8-8b6a-4a80-894a-035bb4c22cef,24,Male,65,45,Yes,-1
f42e32b7-03b9-4433-ab2c-ef785e482225,80,Male,116,21,No,-1
4e5c7530-4db4-41f2-8324-92a40de91d9a,29,Female,185,38,No,-1
cba4daee-110c-472c-8eb8-8e9685f9d8d7,43,Male,148,33,No,-1
e778b1ff-b606-4825-8581-675f02ab7de7,21,Male,176,47,No,-1
adbe743e-896e-4a6c-a148-ee66affb39e9,66,Male,162,67,No,-1
2ad8e3cc-38f2-477b-a22e-eeade6aad104,57,Male,47,92,No,-1
64e3ebe1-b28d-4237-bb8e-eea163c282f8,30,Female,37,32,No,-1
dcdd6644-3f5d-450e-a311-f96a66c9a109,20,Female,152,49,No,-1
cfcd2686-4ece-416f-bab9-f74f627a12a7,83,Male,118,23,No,-1
c6fd4599-d687-4e61-826b-66bed9ac5f79,32,Female,138,99,No,-1
5c8f9f88-cc39-49fe-94af-a8998a7a4890,20,Female,108,4,No,-1
60b0eebe-aa69-41d5-a19c-e6dde4bdc1f0,19,Male,182,76,No,-1
2d16e085-6914-4f1c-b8f6-36e29513b1e3,51,Female,79,21,Yes,-1
897550a0-133b-4e51-aa37-356e152def82,87,Female,64,10,No,-1
52d04ec3-59e3-4fdf-a188-a6a0291dc280,41,Male,59,14,No,-1
eb3480bb-3c70-40be-a804-8940af4934d6,29,Male,194,65,No,-1
f9e3f985-cd69-4e57-a755-ec8665a68cbf,47,Female,124,1,No,-1
036d1d82-f359-4bf0-92a6-b7d3542bd20b,85,Male,106,8,No,-1
283c1748-8374-4c05-88fe-c2165dd428aa,45,Male,37,96,No,-1
5660bb0f-1108-4211-8aa6-51317a7945df,29,Female,30,11,No,-1
738a4245-0c92-4c27-a154-fb78aa8f2c53,81,Female,52,21,No,-1
c0332eab-e2bb-44a7-80ad-d776e7f9a57f,67,Male,51,26,No,-1
ae92289a-0ce3-4d4b-80a8-b400602ff043,50,Male,181,34,No,-1
fc06a5e1-65e5-4a88-8c43-0a5f5ba1e9c4,18,Female,163,78,No,-1
cdc8e60c-3aed-49f9-977c-d27c735e51c8,27,Female,178,88,No,-1
475f24dc-6f49-4982-ab97-f7efd7fa7ceb,51,Male,27,7,No,-1
1cc68567-0651-4357-90b6-470e71dd8901,85,Female,167,45,No,-1
72433708-903c-4666-8d73-820c83fe1ae3,67,Female,176,45,No,-1
2641774e-a4ee-42fd-89c6-af50b103587d,26,Male,109,25,Yes,-1
e86f3ea1-1bfe-45d7-a939-dcec3aa4ffa9,53,Male,45,35,No,-1
c8de26cc-8bd7-4b58-9241-6588f6e2e422,82,Male,191,91,No,-1
16731f7a-4902-464d-b82b-637b0fe52ad6,38,Male,68,26,Yes,-1
b4e62b0e-dddf-4fa0-a5a9-a8f67251fa4c,80,Male,149,74,No,-1
d56454c2-3964-4e8f-ae57-65cd12ffce76,53,Female,155,67,No,-1
6039c064-35f2-4ec4-ac64-e7949c5bf33b,72,Male,174,66,No,-1
d14596aa-4ec9-47d6-b248-46f205557868,43,Female,118,28,Yes,-1
0ebc3780-fe99-4fb3-9a9b-748e6de7d443,51,Female,111,48,Yes,-1
325920cb-0be4-4f7d-a33d-381f53879543,63,Female,176,84,No,-1
2ea57d6c-7394-4086-ad71-05e04dd526d8,60,Female,197,63,No,-1
5afd7c8f-aa2d-4b12-9d68-a89de018f7b0,59,Male,145,98,No,-1
42588fe4-624b-4ae3-858d-7c770f2dbc2f,57,Male,30,38,No,-1
a9f4c5cd-171c-41a7-a309-c450d76f38cf,61,Male,131,20,Yes,-1
0ef1243f-09a2-426e-b07d-67326873579e,74,Male,35,70,No,-1
be97f622-07ce-4c60-b5b3-9f57096cbf32,67,Male,85,70,No,-1
7cd9d128-b516-4be3-aa50-bb566c3283f3,44,Male,177,25,No,-1
cdb1af93-ac7f-4568-97bd-9ac032b05855,37,Female,167,56,No,-1
95ad20fa-2ec6-4410-aaaf-e9af7ca9bcca,40,Female,30,78,Yes,-1
b6c6a41e-fc98-458b-9ac8-6536b6b689a4,70,Female,155,97,No,-1
788ac9f4-baa0-48a0-844a-00c26d048e5c,67,Male,144,53,No,-1
1273511b-8736-46e2-8d0b-06116f24c352,50,Male,187,41,No,-1
1bad13a4-3c3f-4daf-8293-662bc8df48c0,27,Male,60,46,Yes,-1
82c2adb3-ff1d-46ec-a1e7-d66bc2823dfd,62,Male,111,2,No,-1
46ba9c32-9334-42f0-b534-5a039ecc1890,89,Female,99,58,No,-1
9fb639dd-d082-4431-a5fc-acdf233c0514,78,Male,102,70,No,-1
82013d31-378a-440d-a892-2efe541b80ad,77,Female,109,33,No,-1
21bc8665-54d2-4e03-a72b-f30e2783b8f3,77,Male,192,78,No,-1
5afe1cba-6058-4703-96b3-375eb29e2427,42,Female,184,76,No,-1
0013ced9-6c2c-42dc-b882-3d7555c250c2,90,Male,111,89,No,-1
e9335c2f-727c-4fc5-8fd2-b0bcb0ad87ca,61,Male,64,34,No,-1
0ad851d7-bbcd-4daf-b580-f247425704a9,80,Female,189,46,No,-1
7b43477a-730b-46fe-93d5-d2b67f29f48b,42,Male,46,17,No,-1
f1959f0e-517d-4cf2-a16f-ad5f815ab24b,89,Male,144,14,No,-1
66a2cc39-266d-4a1a-b2ec-915e2a14a182,40,Female,181,86,No,-1
89467455-546e-47f7-8682-56cff49e00d6,51,Male,189,1,No,-1
45a238a8-7b40-46f3-81a5-35e0cb94ae75,29,Male,88,30,No,-1
3d09b73a-8082-44e7-9e79-1930f08aa954,39,Male,49,93,No,-1
e2a6c192-f927-4e8d-9f8f-997b9f2e2c7a,65,Male,197,80,No,-1
d606cd77-2c59-4342-baf2-c224b87df209,55,Male,96,30,No,-1
98414d8e-05b1-4e10-aefa-31f27f8fcc57,87,Female,55,27,No,-1
c4bb9de9-fcdf-436e-8b8f-f7e45d651e0f,73,Male,59,23,No,-1
500164d5-1cc4-4734-bd4a-a3fd7acdda10,90,Male,140,17,No,-1
7db7ee21-a76e-4c6c-b383-99993c0b0ea8,19,Female,105,47,No,-1
d68b2623-b0fe-4dd3-acb0-36f8861d7498,45,Female,132,53,Yes,-1
7b0583ac-ca18-4f4e-b108-d19d176ffa72,74,Female,185,35,No,-1
ea7d5e36-4c74-4385-a09e-88835d110e64,21,Female,184,40,No,-1
7353d52b-233e-4594-8c36-9e59fb54857e,88,Female,166,38,No,-1
fd910434-6d11-4acd-8497-8f4d82ecfa1c,34,Female,53,88,No,-1
1a0800af-4eb7-4618-a912-1ecebba151ad,19,Male,99,81,No,-1
5352675c-225e-4c8d-be10-3c4ea2c7a2c5,40,Male,146,89,No,-1
bae09cf6-d2ab-433d-9b82-f45f85210d94,76,Female,72,15,No,-1
1d27102e-1504-4170-b96f-21d89911c9e3,66,Female,160,59,No,-1
ed43da7f-d222-4228-868a-d198f122474c,37,Female,38,33,No,-1
99d0abec-4646-4559-b71b-a8d2fbc71e17,19,Female,173,89,No,-1
fcf39591-dc10-4bf7-a168-3f7ed5f99ada,36,Male,55,22,No,-1
71073bf4-5985-46a1-9b2d-838682082c54,22,Female,62,75,Yes,-1
0a992fcf-e287-4464-8de3-612113b500aa,58,Female,43,2,No,-1
0afdc260-6c8f-447d-9a01-7000e946ad2c,69,Male,34,4,No,-1
5fc952e7-a137-4579-ac5a-3c507416be77,30,Female,126,18,No,-1
73cb5c5d-f48d-4fe9-ab14-433a4096c25c,51,Male,87,13,No,-1
1171c81b-8258-4868-9446-50365261ca4b,27,Female,129,59,No,-1
565e4f54-cb54-4afc-b175-9d5c95e6f38c,77,Male,151,26,No,-1
6e458430-caa8-4ede-a547-57a936eb88f0,70,Male,199,72,No,-1
f651d93c-a143-424f-a63f-32f2ccfcfd68,63,Female,155,13,No,-1
fb1e0d43-278a-4cbe-9e88-8f4321d4b26b,48,Male,43,9,No,-1
431b38ac-d6d7-42c9-8cc3-8bf3ebb46a83,41,Male,63,18,Yes,-1
1e7ebe51-1bef-4197-9e62-11983ddc15eb,18,Male,67,27,No,-1
75579e89-cc16-4c92-b6ec-653cfab1cb5d,58,Male,157,88,No,-1
194dcf6d-383d-47ba-9594-6ae6f5a59e74,68,Male,181,29,No,-1
3284a765-d2fd-4981-8dc5-c0f51daeeb3b,47,Female,150,39,No,-1
46cb50ef-5427-44b0-b64e-b4b794066049,78,Female,136,52,No,-1
889fa704-58df-4162-b943-263f333a8a17,42,Female,102,32,No,-1
abdf980b-ef4f-4d20-94ff-2361e5dbdf78,26,Male,175,72,No,-1
32ded7de-b418-4d70-ad6e-a8b568fca320,40,Male,182,8,No,-1
a2fb7c3f-6895-4eab-bd9b-39616690ce03,44,Female,160,56,No,-1
4e0e55ba-4973-4aec-99b5-6422597dc251,42,Female,142,55,No,-1
b17823a9-40d1-46b7-bb6f-0dda4e0cee6c,84,Male,52,100,No,-1
6c02eb5f-f508-4fc6-87b0-ecc7a7c3235d,39,Female,153,5,No,-1
dc81fc0e-6282-4dd8-811d-b1364689e4f0,29,Female,105,66,No,-1
e9e45e1f-6725-483f-8423-273883224f19,65,Male,102,1,No,-1
fbe27008-5ec1-42aa-96dd-213fdcf69672,60,Female,61,46,Yes,-1
2a6804b5-8b76-4431-ac1b-2bf7fe958f2c,18,Female,149,13,No,-1
4cba5c06-dde3-431b-9839-6cc3c728f401,64,Male,127,31,No,-1
089e1677-7618-4adc-a97a-ca2d14741bef,47,Female,47,86,No,-1
f95bf11b-e6fb-4f62-9e7c-670f4d9e0984,36,Female,186,7,No,-1
143e6601-1d53-4ed8-ba6f-93ef3581e5ab,38,Female,172,52,No,-1
d20d2b46-8f8c-4bec-a997-334e1ec78a7f,88,Female,66,25,No,-1
37c93f4b-8e21-4f16-9c75-d055749bb3a8,24,Female,43,77,Yes,-1
ed3ce275-1b91-495e-97ca-d7d2f35ad570,73,Male,113,67,No,-1
de74d216-dc9e-4a0f-aac2-3c227bb6372c,82,Male,182,1,No,-1
b2b963ae-d178-4160-bdda-8516c04d2ddb,81,Male,136,89,No,-1
63d97680-a515-4dc6-905b-89f535683b1d,22,Male,77,29,No,-1
8d3c6c71-4190-4361-9160-a542f0e5191e,35,Male,30,3,No,-1
5b6ad677-ece9-46bf-8b79-9e311059debd,59,Male,75,57,No,-1
6da66a5a-bd58-4f33-9246-6954e8373d65,52,Female,184,54,No,-1
a8bfca32-e07f-462e-8ee1-7d2e7c379472,85,Female,192,21,No,-1
a5036b36-a3e8-42f8-b557-2a25a1a8a8ac,52,Female,80,28,No,-1
67801068-815c-4e14-a96f-eac7ce43d970,34,Female,55,86,No,-1
09d66a9b-9f6a-4e49-80f9-75ac0e1d98ca,72,Male,50,16,No,-1
cff58555-71d8-4ac1-9b17-7564e480977b,46,Female,47,47,No,-1
4722b9e9-e743-49f8-ac5e-c1164c4f4251,67,Female,173,42,No,-1
9f814391-84d9-40c3-bef2-841acf0d078a,80,Male,108,6,No,-1
793debb1-d2e3-435d-9235-5c9388c21d34,48,Male,58,23,Yes,-1
51dbcfdf-b113-4520-a9b5-05cd0e6f97b9,79,Male,99,36,No,-1
d4221a0e-be35-43d5-92d6-650b92c4c001,83,Male,56,40,No,-1
c7347012-d90c-4b54-b816-7192713bb3d3,83,Male,108,71,No,-1
28ebf241-d4b2-4c85-87ed-b6390078bc0a,87,Male,98,79,No,-1
c43df0f2-9c4f-4371-b091-02d42c229442,54,Female,180,55,No,-1
d8a089e8-8d03-4a18-9125-ad8b1562398b,86,Male,172,49,No,-1
58ec175d-419b-4dff-81a7-f06bb26424bd,44,Female,105,69,No,-1
424d0717-01cc-4aed-9418-2c84b9b42cdd,69,Male,178,53,No,-1
680f5a3e-586d-4eb3-89f5-48fdaf7fa359,47,Male,173,85,No,-1
0584ea55-4d5d-495e-b9dc-3e861d3abb31,43,Male,185,99,No,-1
6a481519-53a9-46b6-9f18-3883a3ee3c73,33,Female,129,34,No,-1
2ab01ef5-f860-4387-99c2-1d5b426a844b,57,Male,180,75,No,-1
37f91e96-6f5c-4751-a4a6-b2c03289eeb3,30,Female,65,50,No,-1
6b00258c-d6c8-468a-91ae-43d85b5676e6,56,Female,188,50,No,-1
0648689f-2338-48ec-89f6-e9251896ea3b,57,Male,71,24,No,-1
df52f5ae-f357-4090-a017-628c8a718985,53,Male,178,82,No,-1
e7e65656-0ca3-441c-b887-0fe314d5ce30,61,Female,79,14,Yes,-1
430a1f19-63f4-4da2-8d19-abcba7899646,76,Male,133,25,No,-1
f8a7f3cf-1eea-47cf-bb30-cf40e06b2b30,39,Male,134,42,No,-1
0110f019-a84f-4222-ba2d-feb230f08eac,33,Male,44,15,No,-1
4df217c6-ff4c-4ce2-94fb-c875a67307ce,84,Male,85,81,No,-1
8102839e-edd9-4225-ad8b-10f20a0c710a,75,Female,154,44,No,-1
ff2754ef-915e-49ce-a294-5b70f3182a52,52,Female,165,26,No,-1
15d61242-b25a-4084-8da0-be7e796a73b7,52,Female,127,19,Yes,-1
140f8506-9ca6-4a14-8166-422d3d488f1c,74,Male,119,40,No,-1
21d07501-1a94-457d-8b5c-43c9449153e8,77,Female,107,34,No,-1
6c5acfcf-b340-4ec7-bc16-7cd6a6245e8c,45,Male,154,35,No,-1
8113ce09-b2b1-4f80-a936-c1c389a24dbe,31,Female,56,46,No,-1
e50103cf-4c4e-42ad-80ec-943dd9bb0300,30,Male,51,3,No,-1
8ed90822-a03d-4b8b-9fc5-43b99108a1e5,86,Female,187,91,No,-1
c45dcedf-b649-4454-b8e2-6f16322942df,60,Male,60,23,Yes,-1
dee65923-0090-4a3b-8d99-12ddcf8f7d3f,67,Male,36,41,No,-1
231900f7-d3e3-492f-8e1c-f820be18f795,32,Male,49,33,No,-1
9910d8f2-ef58-4a09-be16-f64a99a57563,37,Female,28,54,Yes,-1
c11e284e-db7e-497e-a376-822ed8dcc50a,29,Female,180,76,No,-1
f16d9196-5785-43c8-922a-bf79b452ace5,42,Male,199,79,No,-1
aafad8f2-bf7a-48f8-b8b4-53c8fca434f0,72,Female,108,49,No,-1
691fa765-656c-4447-83df-d411adef27f6,62,Male,98,57,No,-1
2b753dd0-aa31-47ba-bd42-cec929287ea2,64,Male,20,76,Yes,-1
7ba8cef4-0351-4237-a273-ee4d0a5e939c,53,Female,105,47,No,-1
e5b26d79-5851-4a1a-a444-28092589f692,52,Male,147,68,No,-1
4c015f57-b278-47a1-bc2e-fe2ad635b390,80,Male,186,93,No,-1
0d1d4738-d2c3-4ec7-8ec1-653e6b75cd8b,70,Male,29,46,Yes,-1
b90419ff-52da-4b0e-b225-5860355eb3ee,63,Female,38,40,No,-1
889369c6-0c9e-4f95-bfbf-7478ed2119bf,54,Female,84,91,No,-1
9bb5fbc4-2398-4c0b-92f7-025f538e2880,87,Female,62,53,No,-1
1784e7fb-8e7d-42a4-81ff-556102c6590c,57,Male,110,47,No,-1
1fc2795b-16cf-4cad-be1e-035970a7e92d,46,Male,138,93,No,-1
aeb45b22-537f-4f21-b2ab-f47f1b8fdc99,23,Male,85,63,No,-1
3faaca47-7979-439c-afea-9d9b0ec689ba,59,Female,131,60,No,-1
c379d1f9-38c5-4b0f-afa1-6e69aefbccb8,55,Male,197,48,No,-1
8e0108ac-89a9-4cad-abb3-ec1df78d61d1,77,Female,46,48,No,-1
0e537782-5ca2-4a2d-a977-41df796574c8,54,Male,142,79,No,-1
114c45af-1a54-41b4-81f3-14da8b83b8d9,78,Male,112,54,No,-1
fe696bdc-c6e4-4b96-80ab-8923ddb74fdc,69,Female,180,96,No,-1
3de1afed-ab87-4097-860e-3f85e6a2b611,20,Female,98,83,No,-1
c135e318-59da-488d-96f5-0c2b3822bd5a,61,Male,143,21,No,-1
eb7094de-d534-427d-81aa-967b8a8e24b0,28,Male,53,11,No,-1
25b743e4-f1af-4be3-b2d2-0fb964d2d4b0,90,Female,82,5,No,-1
cf3bf994-1d87-4035-891d-439b1cd2780f,40,Female,193,99,No,-1
d1993113-8fd5-47c0-ba23-a0790c4eba72,60,Male,29,43,Yes,-1
ddb60042-41a4-4089-ba1b-14ba5ba5ca8e,20,Female,192,84,No,-1
4e8850aa-795e-4ab0-92af-12895885ec97,33,Female,178,87,No,-1
9a30342c-1a33-47d9-af43-3e167bd385c4,51,Female,130,19,Yes,-1
31c1874c-707b-42ef-9c82-046ec6c9ce52,20,Male,36,18,Yes,-1
a177bbdc-eec1-4607-afe0-dbda71a1ab3f,26,Male,76,68,No,-1
b946bfa8-c816-4927-9d64-b14c91fe8d48,61,Male,130,17,Yes,-1
f122c45e-2b7c-4756-a72f-91775995c152,63,Male,30,23,Yes,-1
6c68a042-3c79-49de-9a87-370abb21e8c3,43,Female,45,26,No,-1
c4da1b5b-d173-471c-a49f-713d48044ec5,67,Female,174,67,No,-1
4ce7cc25-3cd6-405d-9b9f-702cc41b063c,73,Female,167,60,No,-1
7f858532-406b-460a-ab6a-760e29acf5f1,66,Female,108,59,No,-1
c9e46f6d-848d-4972-a48d-f481f95ce1b6,19,Female,193,93,No,-1
046c8fe0-a3b2-49bb-8db3-4a71d25bd7d4,20,Female,180,61,No,-1
f36d1131-b233-49af-81f0-b462d4f511fe,34,Female,151,71,No,-1
cc6a9ff6-73d7-4fe6-89ff-a427ce897500,65,Male,153,43,No,-1
5c8aeff7-108d-48b0-bf0b-f0821fe37259,43,Male,156,93,No,-1
748d6a98-43f5-483b-a70f-99ba6506988b,40,Female,100,39,No,-1
8a2116e9-3463-432e-8f09-4e0c3c228520,76,Male,37,76,No,-1
e342d700-c809-478e-99b8-31712b2ef5d6,20,Male,111,72,No,-1
895bccb1-2f60-437f-9846-fe66b7548e38,59,Male,153,22,No,-1
7238ab7f-a552-43bc-b503-2d64ff32cf8c,84,Male,93,45,No,-1
d5c87d0c-66a7-463d-804e-d7a359d0acaf,73,Female,56,45,No,-1
f6131438-92cf-4b66-9dae-345877166f57,67,Female,151,53,No,-1
fe1458c9-7648-47f7-8ad2-6d84436a09f1,73,Female,94,12,No,-1
032cde62-d012-4ca8-bc78-b00b2e21fefd,59,Female,178,71,No,-1
5162e4c1-cb1b-4ea4-adb9-4026f9597fb8,53,Male,145,14,No,-1
779c7222-1c0f-4d37-80a5-29569f4c7137,74,Male,175,33,No,-1
59597348-0a7d-46cc-a7a4-d2fb2f77a97e,41,Male,189,86,No,-1
f0853eb2-394f-4922-87f7-57747785d9d9,23,Male,106,32,No,-1
576e7c45-1b10-4b83-8af2-c81cfa4b28c5,71,Male,104,28,No,-1
2c969ca5-46b9-4f3d-80b6-fe882da9970e,40,Male,159,87,No,-1
376e2705-fe13-4bd5-8dec-83a54634eac5,46,Female,25,99,No,-1
1eae9b6b-d08b-47df-a1dc-4a4d89a9a6ec,65,Male,144,34,No,-1
651688f3-5784-4414-b392-82d950c2e65f,52,Female,189,25,No,-1
1af769c3-48da-4189-9935-0e7cc2e9bb5d,29,Female,73,53,Yes,-1
ffe61482-d934-4f0f-8d8e-a871f3cda1d6,62,Male,108,70,No,-1
e7301875-c0ec-4183-bd61-882338efe42c,88,Male,105,31,No,-1
7aaf8edc-a0fb-4c5b-af07-1c44e5956606,21,Male,87,78,No,-1
ebca9a43-9694-4948-9f46-5a2ae2296259,44,Male,26,47,Yes,-1
2c891e69-9950-46da-a816-755f10e544b3,41,Female,145,27,No,-1
23ff64b1-ec7f-4a85-8557-1a13eff95e14,82,Female,100,86,No,-1
8c51428c-18cf-4449-86c0-ebed6cd01b27,49,Male,52,13,No,-1
9a691a3d-e5ab-4f28-85d1-6b7378397c60,27,Male,98,71,No,-1
bce3fae6-b681-4818-a6a8-fec9bed926cf,78,Female,187,1,No,-1
a81fee3c-6ccb-46e4-a892-a81a49fd3049,69,Female,77,7,No,-1
36856f51-b7c4-4a52-9092-250db954e6ac,86,Male,71,54,No,-1
e01742cf-1123-4a42-abdc-7b12dff4ad18,38,Female,142,31,No,-1
68753d4e-cf91-49d8-9372-9c4102fde212,71,Male,195,77,No,-1
7b8c779b-47af-47c5-a60c-4ae209f01531,31,Female,45,37,No,-1
47339eb6-5424-4d9a-88cd-4d88ef455a74,84,Male,146,68,No,-1
efe49a32-0bf0-4800-b948-f0f39f575425,28,Male,99,32,No,-1
4ed759e9-d0ae-4737-bd40-3c6f16fd0640,28,Female,143,94,No,-1
69720d86-e18d-4ca4-8893-08b563bbf816,90,Male,52,49,No,-1
9fc9313d-dd29-46d1-a2e9-fa7e6e0339a6,69,Female,146,25,No,-1
e49aa9bb-4659-4dc9-a85d-6ecffb0b5cc1,56,Male,152,8,No,-1
104102dd-2d5c-40a6-9b1e-80251ca82322,86,Female,41,45,No,-1
ab880be8-7cd4-4a85-9bcc-eebb756be486,38,Male,80,73,No,-1
deb38a10-3e5c-4454-8cef-82b039acb655,80,Female,51,47,No,-1
937075e9-7d4e-4ce6-826a-bacb2a8c85e2,66,Female,27,40,No,-1
8a0b6fd6-92c9-4a6e-b4fb-42ca29dd8461,22,Male,150,96,No,-1
1334bb7d-4c95-473b-9b97-4b9e519bd4e3,60,Male,109,31,No,-1
23f14b4a-d34c-4626-9ef0-751dd5b519ed,90,Male,58,38,No,-1
7857c75e-a04f-4586-bafc-f02635430e83,89,Female,158,54,No,-1
2c07f27d-0cda-4638-8a41-f432205cece7,90,Female,160,52,No,-1
779673e7-f5d2-4941-883c-5e714effdaef,22,Female,198,63,No,-1
b7160757-9fd6-4224-8452-d3d87fd476dc,65,Male,151,96,No,-1
b08d8efd-d2e4-42b3-ac97-de7b1e43ec81,48,Female,67,62,No,-1
18fedaeb-75a2-4489-96c2-87234cab4d0b,47,Female,75,100,No,-1
aa48f9db-0c0c-43e7-af98-4b61480f06a3,81,Female,130,41,No,-1
66625795-9fd7-42b4-9ed5-5113b5bf91bd,68,Male,48,95,No,-1
1cd78e4e-4edf-4f42-9b81-559d823b14cc,74,Female,172,70,No,-1
f292d5ab-333c-4e22-902d-6298c45a823c,62,Male,78,66,No,-1
d01f3b39-07ba-4514-b474-d7097230169d,88,Male,171,68,No,-1
6aa03d98-8623-48e1-bbe7-e84ffb83ee8a,44,Male,37,9,No,-1
3d451d0a-7139-451f-a843-271cff354d37,55,Male,71,23,No,-1
b7ff5255-3c0d-48a9-9ee4-ac0f84a17d47,77,Male,93,18,No,-1
becf9ac3-264d-4557-b709-18365dc3721b,80,Male,167,28,No,-1
8bfbc368-0bcf-41b9-a746-04cb9258715a,27,Female,95,85,No,-1
a9611026-c6a2-470c-89f0-43b97560ce9a,19,Male,51,73,No,-1
6ba553bd-85ac-475e-a57d-29f1bd882d98,58,Female,97,29,No,-1
ee75a078-4e43-4d1d-bada-ded2dc931fdd,52,Male,143,7,No,-1
7177f6ef-eaed-4b5d-84a8-801c89b08171,27,Female,100,59,No,-1
39570ac3-cc66-499a-bb56-11684f7ddcd6,67,Female,109,13,No,-1
f021bf3b-b237-4943-8979-970f459bab69,66,Female,39,64,No,-1
508e988e-a897-44c8-a937-cd6c06fc6931,75,Female,128,42,No,-1
e30be644-8cfb-4c68-9771-33d05e2f6fae,40,Male,44,16,No,-1
6458d39c-f143-45ce-aa32-f20416822c93,49,Male,190,30,No,-1
1074cfa0-1f64-4570-b011-c4dff1b8e122,50,Female,52,19,No,-1
2204b68a-93a2-4890-badb-534995e9fe08,78,Male,108,63,No,-1
e23eb1c0-59da-41c7-b3e3-517a11c1037e,60,Female,148,43,No,-1
22a3b4ac-3e93-4a70-ba98-2741ac9020f8,18,Male,88,4,No,-1
158ae7c1-6202-4e0b-a9ea-b45e59602222,74,Male,73,67,No,-1
5afb2893-be20-473a-a604-a76f51822373,39,Male,159,22,No,-1
ec05bc35-ac1f-4bad-8015-313a994ad114,30,Female,37,3,No,-1
02283363-3707-407a-9a42-636d3e6d04f8,52,Male,102,24,No,-1
030475fe-cca0-4b81-98d7-b038ae56ffdf,40,Female,151,68,No,-1
108879e3-1233-4fe8-9d9f-87eedb7fa1fa,22,Male,154,72,No,-1
10a858b7-ffa2-495c-b4d8-891b509c3c77,78,Female,60,18,No,-1
8fab657b-e3fd-45e6-a619-c1d7180b0930,19,Male,25,39,No,-1
974ef6db-bd8c-4ac4-89d2-8f850bf85131,53,Female,50,5,No,-1
46131c15-ac03-43cf-a7be-ea80746b5012,61,Male,182,25,No,-1
b85cec80-4d47-4d02-9319-8bbd852429d2,65,Female,34,85,Yes,-1
9e76365c-45e8-4617-af5b-127fdc5ec141,70,Male,148,6,No,-1
8ead95e2-6502-4ae8-93ad-e9d5c9d0feef,64,Female,38,32,No,-1
873e9981-e39d-4cad-8fd5-77729ac407d7,39,Female,158,88,No,-1
f34bb9e9-5e98-45b8-a7a4-47d63e822d8f,71,Female,58,50,No,-1
4d28ed65-5120-4914-8284-758c8309be1e,25,Male,26,78,Yes,-1
770396a2-f35b-437f-9e3a-952b5f1db963,73,Male,105,31,No,-1
73715cf6-668f-4c24-81bf-a54662d9e841,33,Male,60,14,No,-1
d39a37d9-95af-47ad-935c-18002fdf8944,36,Female,36,19,No,-1
1f98b354-4906-4712-a656-a91ab2306a47,22,Female,155,73,No,-1
228624c3-88fb-4e32-877d-47ae90e54849,64,Female,186,93,No,-1
c8879991-6574-4139-a516-ad5d288f1d4a,19,Female,178,20,No,-1
abdb869a-a85b-4607-a3da-480e75a6c042,22,Female,177,83,No,-1
73fb635b-0860-4a8b-a7c3-74c1770b4113,47,Male,137,85,No,-1
e645c1e8-fe9a-4680-b245-8df171b1654f,42,Male,33,7,No,-1
cced9824-4ece-41e9-9bbf-5aa86179c7e2,85,Female,155,35,No,-1
c55bb287-bae9-43f2-a78e-39ca26cab61f,37,Female,115,59,No,-1
d46de573-7b3a-4f5b-a497-add06d8ed5aa,63,Male,42,39,No,-1
c7318035-7209-4210-8751-1e5cdb7f873d,43,Female,107,13,No,-1
cea859fd-1f34-4225-ae5f-1e823366db15,86,Female,33,87,No,-1
f46e18f0-8061-4d75-acd4-6130dc7cf06c,41,Female,93,65,No,-1
da4605c1-9f3e-4f03-af09-bcb53b010a08,61,Female,67,62,No,-1
4c2590e0-7f5a-41e2-b277-89cc13cda265,50,Male,109,2,No,-1
e9333068-a704-461e-b5a2-078e7ff1bdad,58,Female,91,9,No,-1
d21996fc-a23d-4135-bd39-547406e2ea50,24,Female,186,93,No,-1
b6e218d0-844f-478c-86b7-096c7ac8ae67,60,Male,92,88,No,-1
1ed3cb86-324b-4e4c-9c2a-13b254ad79f1,47,Male,125,17,Yes,-1
656a9a0a-ce2f-4182-b59d-22b35f5f142e,55,Female,123,17,No,-1
53e55f6d-ad87-4952-9c06-006955fdfd42,33,Male,105,8,No,-1
26d5efa0-e432-48f9-a85c-401b05294583,44,Female,180,19,No,-1
4e844ee8-8ba5-4185-99d4-681769d09d57,52,Male,120,16,Yes,-1
8178a4e0-1019-427c-815f-f42b767b2a9f,53,Female,98,35,No,-1
9413c86e-f9df-43cc-9e8e-9037cc53120b,23,Male,104,31,No,-1
77cd0ba4-4e5d-4b51-9080-5811854308a0,33,Male,153,96,No,-1
859dee7b-e820-4329-92d5-6e96224a9260,35,Female,178,8,No,-1
9f685c97-3959-4b61-83b4-f4830ccac5a4,38,Male,75,58,No,-1
15ee815d-3476-4f72-938a-65a28f8864ec,90,Female,113,29,No,-1
6a14a168-9c23-4506-b88c-8e9c2f0f277f,54,Female,168,39,No,-1
6e442dfa-66f8-4ee9-8ec0-28a551a27bac,74,Female,145,10,No,-1
4d7038d5-cf77-4a61-a915-e4b85db83bc9,52,Female,95,12,No,-1
276d8110-8b7f-4229-806e-b1908396cedf,88,Male,77,5,No,-1
0c26d588-1780-4dfb-b082-b7ffd0f10c88,81,Female,25,48,No,-1
54449e3b-7e5f-45c6-94cb-95a6d24b8f71,42,Female,149,6,No,-1
aa8897e5-fcc8-4977-9272-166f57872540,34,Male,140,77,No,-1
55660ecc-af98-4deb-8a40-339c68a98438,36,Male,98,25,No,-1
850f5149-919a-4950-908c-0774e946f9dc,48,Male,176,45,No,-1
61635511-4213-4155-8ca3-a67b76d3a398,53,Male,117,27,No,-1
b87d3258-7fec-4c6e-9b6d-4bd71d30c437,80,Female,36,38,No,-1
7acbd787-baa9-4864-b379-2acc7e7ef364,45,Male,135,22,No,-1
e7bbfdee-e83b-471d-b42e-0dbe6a1142a4,66,Female,105,28,No,-1
cbeb3902-9217-4dff-8296-340efb4aeabe,20,Female,25,100,No,-1
9b0a01fc-9ec0-4f54-b749-c419045faacc,25,Female,36,25,Yes,-1
29d44beb-bd49-436d-ab39-5b8baefbf3f5,71,Female,54,12,No,-1
da472177-cda3-4575-9a1c-44eaf02b8a5c,31,Female,93,11,No,-1
1a2ba56c-a5b5-4e13-a3b4-31fe5f637bb3,84,Male,198,48,No,-1
28b19b5a-cf88-436c-ba62-8375f929fc71,25,Female,124,16,Yes,-1
15ad4638-042f-488f-a829-642c8e94d2d2,23,Male,45,39,No,-1
741aadb3-0b30-49d7-a54e-09542b48d014,79,Female,99,80,No,-1
9279ff7f-5b5f-45c0-a694-b558dc4e7bfa,48,Male,66,23,Yes,-1
a4ec03e7-0c8a-48d8-9bbc-2d65dc116771,71,Female,164,63,No,-1
d2df92f2-2304-4409-9ae5-eb3e0ce74711,89,Female,145,55,No,-1
c4f5be36-c8c6-4d52-b084-705c6b6ed662,89,Male,55,30,No,-1
0a6987ad-84af-42b3-8894-136bd7c664d8,70,Male,51,92,No,-1
9782d93a-ef1a-4f5e-8d97-d9af9b40c55a,71,Female,153,45,No,-1
93e27bc2-e574-41e6-badb-cd425c8dce26,66,Female,184,67,No,-1
5aee6eaf-55b1-4d41-ba48-831f79ec0666,84,Female,94,76,No,-1
6123d20e-2e91-426b-b3ce-58c136b69747,45,Male,81,70,No,-1
8e0ca7ef-c763-4329-a1b2-21a5547790b8,64,Female,88,77,No,-1
2626ef40-0b64-44e3-aeb7-3fde4638bddc,86,Female,107,15,No,-1
7c77b737-7a40-468c-b189-44474faaa9e6,75,Female,167,34,No,-1
a5a71d4b-a7f9-466e-99c1-231d25c83201,26,Female,85,35,No,-1
19403396-977c-46ff-bf50-ecef8ca54231,21,Male,173,7,No,-1
53e93898-8b87-49d7-9830-f0ab274b43c4,75,Female,137,81,No,-1
11ed4d83-e799-40ef-b7ef-1bb1d57a5521,63,Female,136,82,No,-1
f105cc6e-de33-48ed-82e0-775c8a7eb8b4,62,Female,151,27,No,-1
9d3d2c0f-add3-4c6c-9ba7-53d387d66d9f,19,Male,185,3,No,-1
cbd18920-6128-4d1c-843a-b528606e6658,32,Female,60,26,No,-1
7ab26cee-dc4e-42c4-b916-e3c9206ab8ad,78,Male,47,31,No,-1
bd40d4e5-e205-4b03-860c-a5637effa18c,65,Male,169,38,No,-1
50a9925b-a027-445b-8a7f-6e802ff526e7,66,Female,107,40,No,-1
d909ff76-65ae-44fa-86fa-b72877787b79,90,Male,180,76,No,-1
069845f5-941f-4d41-a095-4253f343b3c0,25,Female,35,45,Yes,-1
7f9d2ac7-ec17-4957-b567-957369bfa98b,63,Male,165,92,No,-1
a3274820-517f-4657-9817-bab6a1cd8180,53,Female,177,64,No,-1
327891d7-e592-451c-aa9f-82af84291bb5,55,Male,185,50,No,-1
332d95e6-00e5-4cb5-a1e9-7cd0337efcf4,51,Male,74,21,Yes,-1
cb5cd940-e59d-4344-979d-185027661659,35,Male,178,41,No,-1
ba590833-3ae8-498f-9747-04dde2bbe7b0,44,Male,27,46,Yes,-1
ef8d3958-2b26-42a1-928a-8cf774d386e5,67,Female,171,55,No,-1
bdc193c7-99a9-4587-9aa9-66083bb9d485,35,Female,119,40,No,-1
632f72a1-c438-4a64-acae-543c0e012811,74,Female,103,85,No,-1
097747c4-5097-4779-8c24-66cae5328fb3,75,Male,152,18,No,-1
831603ae-e703-49f8-a2c0-6616da3c9532,84,Male,61,70,No,-1
3f53086d-af15-4228-9574-4b0179074b2a,82,Female,158,23,No,-1
c6135253-b841-403f-b515-0ca1e3e06e3f,49,Male,120,64,No,-1
2d8c20db-df8e-4bb6-a9b5-f2ad69cc5e22,24,Male,80,8,No,-1
52d4cbad-b3e1-477c-b841-151db13d0d0c,76,Male,161,38,No,-1
bed21f66-dd36-4800-ae20-7094349f1cf8,35,Female,148,76,No,-1
90378715-0c35-42b3-ba6f-f852157cc615,39,Male,195,50,No,-1
fe1be779-56d1-4800-a3f2-273fdf9d6022,50,Female,73,23,Yes,-1
00e85cc7-a606-41c8-b01b-037037617d09,33,Female,187,83,No,-1
a8e2ba84-6468-4941-8c32-85bf204f3bf1,52,Female,187,95,No,-1
02ec7685-eb34-4bda-83c0-e73a275c6943,49,Male,170,79,No,-1
d071c6e8-eaa1-4f56-b84d-f9fa37abdbd6,31,Male,193,71,No,-1
9ff2a966-9281-465d-8457-8009f11224a6,22,Female,144,19,No,-1
47080720-a01d-4432-b548-a1cf9bc1e7e3,82,Male,128,28,No,-1
7e91f3a6-20fd-491a-b529-c26f6a77d1f1,44,Male,181,57,No,-1
0cb8245a-ed6e-405d-b942-0ca20b423496,54,Male,162,44,No,-1
c0190a5c-2d6e-41bd-84e6-1d8c5dad29b9,33,Female,149,76,No,-1
e0ec6eb7-2199-4cf5-b441-79b815e57810,87,Male,128,25,No,-1
a53c4875-eb26-4162-aeee-831ef715b735,48,Female,102,46,No,-1
a4d96f4a-2e9b-4784-93ea-911a4c2d1909,18,Male,137,43,No,-1
991552e6-22a0-435e-a474-76d09b996d82,73,Male,60,99,No,-1
f56f9f2b-8512-472d-a8d6-723b406a1063,33,Female,167,59,No,-1
a805a906-0545-498b-bfd3-ecfdb3c84fbb,34,Male,70,20,No,-1
3023400a-ce39-4e40-9728-8fecfd22166b,89,Female,165,57,No,-1
be170847-7841-4844-94e4-57668bc0a455,72,Male,57,77,No,-1
0d89e4af-82eb-4a45-991e-fe868a84ea64,55,Male,96,85,No,-1
2395bcb9-faf3-4ce7-a1d4-1f502098e555,23,Male,66,15,Yes,-1
3efa5f66-f6f0-4bc3-946a-c55e92561b9f,77,Male,177,31,No,-1
7d6e3949-faf2-4685-b3d4-64e895a7bb83,57,Female,66,54,No,-1
93980cf8-b9f6-4192-95b8-3aac4e4c0d74,53,Female,38,4,No,-1
52996960-eebb-43d9-8559-937c3a558701,84,Male,195,95,No,-1
1ed4a105-4d30-43a7-a6ac-f9957fd0c1c0,43,Male,91,28,No,-1
a08a9b3d-0f3e-4f9f-bacc-9e71afcca9fe,30,Male,70,91,No,-1
1bf534e1-28f6-417e-846d-7ab059791b3d,60,Male,160,30,No,-1
c6c399ab-862d-4a7b-836b-46d2d20baf0b,39,Female,54,91,No,-1
f02fa3ba-a464-4987-b412-6b576028f32f,19,Female,189,48,No,-1
90b7b8aa-341e-4891-a1fa-7e110f596b07,62,Male,59,32,No,-1
fe380d5a-8c11-4b55-8f67-03c0ec23dc8a,29,Female,168,8,No,-1
d763289f-8798-4931-b7df-7b152f0ce741,89,Male,155,19,No,-1
ffd29b86-ce82-4896-b9f2-748defe60fbc,32,Male,93,89,No,-1
3083aaa0-0f94-41e8-a6ef-e61e9ab9f8e9,90,Female,43,78,No,-1
da1dcafb-2b82-462c-b47a-1c303cb9e39f,87,Male,198,99,No,-1
478df417-96cb-4e04-b820-ae3a2ccf12db,19,Female,188,65,No,-1
cfbd39c6-dea8-4222-abb6-97e458f12947,72,Male,150,12,No,-1
eb97535e-b32f-4e7a-b3e3-8a88fd205a7a,67,Female,148,67,No,-1
8dd4ef0b-3a97-423f-9f72-e76801ed8c7d,18,Male,52,70,No,-1
0a4167fe-3b8c-4d5c-a756-372acc0a10d8,82,Female,59,96,No,-1
74d65748-03dc-4c6e-ab79-044a9e4f8276,36,Male,66,49,Yes,-1
9d4235c6-f9c2-4bc1-bb01-691f492be870,18,Male,186,81,No,-1
8fbb717b-1aec-45fc-a091-4088c25882c0,88,Female,150,11,No,-1
af5a87b7-0b3c-4a9d-ab2a-5ace26ae187a,64,Female,120,38,No,-1
37ed6c82-bf02-439f-80da-690f6e6b22f9,30,Male,38,14,No,-1
e62d2e6f-8e6b-44e3-82f8-de040cf5699e,29,Female,183,93,No,-1
906f357c-ad9b-4b0f-b4fc-1ec551869870,49,Female,183,7,No,-1
62375353-92d3-45d1-91e5-5ac768fa6634,75,Female,50,35,No,-1
bbdc196f-e54f-4ae3-8df4-e095b2fa8f16,86,Female,160,49,No,-1
80abe65b-6fe7-47f3-ab4d-abdec4fa6908,73,Female,35,42,No,-1
b4da76ba-4d56-4bcc-ac2d-6dda94ef2643,50,Male,107,25,No,-1
e636f79a-96b1-4799-bd45-b371ece1ca66,63,Male,99,51,No,-1
75cf899b-18a4-44eb-ab67-08837e0ac981,89,Male,176,79,No,-1
f72b107b-319e-415c-9c10-c743f6b271ed,76,Male,56,85,No,-1
6aae3898-a3e9-451d-90ac-23d5546bf88b,59,Female,161,53,No,-1
a945dda9-eeda-457d-9835-fa83eba56c4f,62,Male,145,55,No,-1
be5856c7-3377-4e28-8e92-bf9afa687588,85,Female,41,5,No,-1
bd814d88-2a64-49bc-9fdb-e0145c03598e,38,Male,23,85,No,-1
83e2323e-887e-4327-87b7-707a087d0204,64,Female,50,69,No,-1
006e329c-631a-4c48-b53a-e7b0c6a4eaf3,42,Female,50,39,No,-1
310e79af-d7f5-4858-a272-07f3e9d7459c,77,Female,76,21,No,-1
dd8b3218-05b5-458d-8ba5-f6bc0efb9459,27,Male,31,52,Yes,-1
b7c9fe4a-7c7d-475e-be78-e24a42557b09,90,Male,150,37,No,-1
4dbb441f-0c00-4c71-a631-a156aacf8b69,49,Female,95,16,No,-1
7481d4a6-f38a-4fa9-bcc0-4cdf7d658c19,53,Male,112,66,No,-1
7ac757a0-e0c7-46c9-99d6-d32cc3abc121,45,Male,59,73,No,-1
1e6f6ada-6b28-459f-82f9-3acb5982af83,52,Male,144,87,No,-1
c3ec6ae6-577d-4214-9ccb-227f1bd97ec9,84,Male,115,4,No,-1
5cb774f1-cf22-4fd0-8782-93b8056f387d,33,Male,176,21,No,-1
8461704a-a8f0-4a91-8851-814fd6d28bcb,82,Female,164,92,No,-1
ee82c4cf-55b5-4437-97ba-280fd1c6277c,90,Female,82,5,No,-1
b1fcc64f-e0d5-4946-a304-5b54aa8c5d40,43,Female,116,2,No,-1
460db1d1-445e-49b6-92f1-e00553e64978,81,Female,39,62,No,-1
6dfa0a99-e5d2-401f-b24d-e97234c99111,37,Male,151,37,No,-1
7f836de3-68ee-4ca9-b7de-f6990c1fa14c,75,Female,189,57,No,-1
2e7a4b7c-ca69-4838-b962-9fa4df5b47d9,34,Male,146,95,No,-1
ad1c5de8-1d52-4ec0-a927-c981edf10363,55,Male,154,26,No,-1
2c192473-7ae0-4c15-a5fe-c36285fc7d77,46,Female,31,13,Yes,-1
46d1cd70-7dbc-4326-9aab-0ea64882e5d7,83,Male,31,10,No,-1
ec1b6b04-eac2-4e01-827d-d2f9d960bf77,38,Male,56,52,No,-1
7131b222-3e39-4bcb-ad47-31cc99485fef,68,Female,166,94,No,-1
bf1dca65-6626-4ac6-86f2-a3e7c1a18862,79,Female,101,31,No,-1
9b799baf-6aa6-477b-8c67-2582bc27e908,50,Male,168,66,No,-1
018dda6c-d6ea-4d4b-8980-a7ed0022d9d1,71,Male,57,17,No,-1
c8e0e9e3-d60e-4a97-91c2-54c3f9fcaed8,75,Male,65,13,No,-1
ad65888d-180c-4a6b-807f-4defbeb3f526,30,Male,27,44,No,-1
a3a48b42-d701-471b-aef9-7e444e2a687e,65,Male,48,72,No,-1
a989d19b-32d7-452f-976a-4b7f0f34ff31,18,Male,155,97,No,-1
cb0fb94a-53d4-47b9-ad58-dd67c16f5469,78,Male,103,29,No,-1
2431a672-f2d8-47a7-a5d2-1159afa572a0,25,Female,69,18,Yes,-1
199de365-5cef-4be6-bd8f-ad8097a29fbb,43,Female,162,85,No,-1
bfa2ce82-6c2d-4998-b6b1-5f115fe7a686,76,Female,128,38,No,-1
fd935c3a-940e-429b-a11e-459291622a56,44,Male,53,60,No,-1
cfa100c0-764c-441a-b065-ef829ad85a05,88,Female,183,88,No,-1
a82078e8-eca9-4772-952e-449ccd113f2e,60,Male,70,51,Yes,-1
efa28f9e-72e0-4636-9e13-0a01d3f836fa,30,Male,188,2,No,-1
60523e5e-5605-408d-9c21-f1ac2822ba43,52,Female,28,12,No,-1
8749c8f9-f1c2-4a07-a203-d75a2d5ecaf6,86,Male,69,51,No,-1
688df0ed-bd81-4956-9308-604fcb9c3262,21,Male,66,36,No,-1
aa56f6c9-8415-4a7f-b5e2-a41f600a4fd7,81,Male,174,92,No,-1
0ad1892b-4b33-4961-a8b4-5808503aabd1,56,Female,145,17,No,-1
b83c3c36-cbee-4dbe-8d63-b7c3aa9ae28e,64,Female,109,29,No,-1
15882dff-3e42-44a6-beb1-e764c3ff752c,90,Male,147,78,No,-1
ed022725-bf3e-45e5-b80c-05ac81fee5d5,44,Male,38,38,No,-1
74bcf30a-4de9-4622-a505-fc44acb86e53,18,Female,151,62,No,-1
79d31269-e7e6-4d60-a493-d302346a8eed,77,Male,71,14,No,-1
49bf1117-631a-4752-be25-0ac6d6dd0ea4,29,Female,63,93,No,-1
520234d1-3996-49aa-a370-8ad4527ad590,59,Female,158,41,No,-1
2c9ddb43-9d62-437a-b50f-ace4ce1a55c2,60,Male,168,17,No,-1
5837eabc-c39f-4ffd-a3cd-caefab887980,76,Male,54,52,No,-1
c72189cd-80bf-4792-b89b-6f4ca2447229,28,Female,116,22,Yes,-1
405e389c-adb7-4fee-a7e0-388231c5921c,71,Male,176,11,No,-1
6c99d8ed-e43e-4919-8462-b24e68adfcea,53,Female,195,8,No,-1
7de4c766-2926-4b45-851a-153caaec622c,85,Male,110,4,No,-1
619703c2-ab16-4b29-8547-dbc552c560a1,34,Male,58,91,No,-1
8c92bfc8-3347-4de7-81e9-e48aee6c4499,29,Female,52,37,No,-1
d0c87ba0-038b-4b39-b87a-40269d916c33,21,Male,89,6,No,-1
c5a01845-40e3-44b3-960d-bd711b687702,67,Male,44,18,No,-1
2a05804b-f2c7-4c6c-87c1-87569fe31188,66,Male,99,81,No,-1
a732a8d8-3019-4830-aaa8-3f50b12bcfc4,35,Female,21,39,No,-1
30cb8047-5870-4ae6-9609-5fc1a435c149,36,Male,169,72,No,-1
c3d56363-7ae6-43b3-8649-9b49c590bb77,53,Male,53,47,No,-1
4ba8b3ce-beda-4da1-a3e5-70cfad7c3892,30,Female,172,5,No,-1
ee640665-78c8-4a5b-be33-62faf23cce59,52,Female,89,77,No,-1
0016d8f9-477c-400c-92e3-39c01f65ea8d,59,Male,88,14,No,-1
6edcde1b-6297-41ac-b7a2-d19fdcb1b35f,75,Female,198,1,No,-1
94d6353f-6c6c-4dfa-aa3f-399da6465262,37,Female,169,67,No,-1
dad463b9-86eb-4054-86b4-f96a62d6bfb1,30,Female,114,60,No,-1
1cad97e9-9e17-44ef-bde1-79552839b225,79,Female,190,80,No,-1
9aafcfe5-c5fe-4aa6-a430-4e8d88cd1417,79,Male,140,49,No,-1
c4a21596-f26b-49bb-9f6e-ddc0d87656b2,41,Male,141,100,No,-1
7208c821-4599-460b-9e3e-92af7172dc8c,52,Female,38,78,Yes,-1
96a4e41e-3624-4fd3-9413-74a10abc566e,31,Female,146,12,No,-1
719c2aaa-5061-4398-9d07-06bb1bb9f7d9,57,Male,88,6,No,-1
171dfa86-c2ea-46f0-87b5-d72dc77e9955,28,Female,94,74,No,-1
39ed3bed-1c65-41c5-a4d0-cca251b753ae,57,Male,137,3,No,-1
351e03cf-5b6b-4f32-86c4-84dd0c3d07e8,26,Male,109,88,No,-1
6faafe9f-e929-4137-96cd-32b3183d9fa8,30,Male,84,30,No,-1
68a75083-ade5-4dbd-9d9e-2932af6bda01,89,Male,38,3,No,-1
87d9e51b-b017-42ac-9192-a80c5ef26fe8,51,Female,154,67,No,-1
fd8b7cdf-78da-4446-b599-c271471a0d14,24,Male,36,44,Yes,-1
ee42b577-2bd6-4ecf-b98d-075d8b4a7866,43,Female,43,29,No,-1
d908d938-f72b-4aa9-8c55-335712c8d302,67,Female,139,85,No,-1
80ef8a5b-1370-4d4b-a675-16c2099ec32c,36,Male,196,20,No,-1
95c4c04f-619a-4615-9895-7afc6171a6a3,54,Female,139,53,No,-1
94175efd-7340-4ef6-acf6-f25ed096bde1,77,Male,116,1,No,-1
581edffc-add1-423d-8f03-22d1d1bab0e7,72,Female,118,63,No,-1
a69ef19a-0d61-41f7-b680-f891118f5bd4,59,Male,27,3,No,-1
d4b64d57-0b98-431b-8004-fced1da36f15,83,Male,57,15,No,-1
966b20f4-448e-4806-bfb7-203dc2330493,58,Male,168,7,No,-1
ab9ed2a5-92cd-4cdf-bf3a-de0adbe94971,32,Male,20,54,No,-1
6ed5f080-0dff-4564-8ed2-d74ee102c531,51,Male,31,11,No,-1
4c3f4df8-58ee-4784-8b83-065e7582ded2,51,Male,173,32,No,-1
d3b52820-427c-4813-ba8b-ccc99326faee,22,Female,200,59,No,-1
2bf0c9bd-943c-430a-a275-e41e470ade36,84,Female,48,3,No,-1
20f94aac-8d7a-45a9-8cf4-4b3292e4216e,78,Male,106,2,No,-1
a5416e13-7b4d-4b22-b8b7-bb9bd83bf591,60,Male,193,77,No,-1
55893ac6-283a-43f9-aa2d-4f68aa86fa50,63,Male,76,60,No,-1
e825ce70-60d1-4772-a05d-ebf4e287b0d0,42,Female,104,43,No,-1
b86fa914-af65-4818-9595-8635b25373c1,76,Male,135,19,No,-1
dbf918b6-7ba6-4e64-99b9-b9b5eefbfd95,76,Male,143,84,No,-1
ab59cd8a-dc9a-4a10-9df7-88fd22777b57,18,Female,65,27,No,-1
55e106ce-cd8d-4984-8b6d-e3e8a8cc1081,49,Female,59,97,No,-1
b4f411c3-1aa7-4f68-8fe2-497f295f6937,68,Male,156,25,No,-1
ca4eb6d5-c0fd-4b8b-8417-70f4c2506a4f,86,Male,167,51,No,-1
bbe20f7e-ea66-433d-acc8-c2330dc24db6,68,Female,71,30,No,-1
c9bdd118-2e9f-4a2b-b1ae-dd62e2578d7b,21,Female,70,41,No,-1
8efe0afc-05d5-472c-8df4-914eff0aa588,45,Male,199,63,No,-1
ed641698-1bea-466e-bfbf-4945a6bdc4d4,58,Male,74,60,No,-1
37ff186d-ec92-4e82-91e5-e9cc67927dac,61,Male,74,14,Yes,-1
625db59c-1a90-4c6e-9277-b9a2ebd7fa36,70,Male,95,15,No,-1
3e92af96-f434-44f0-9a82-a214c0d13b03,20,Male,190,58,No,-1
1ea684cf-3458-452b-a854-8052df1a6d3e,38,Female,142,33,No,-1
729d819e-9518-40d9-9bbd-2ef7f2f91712,33,Female,91,67,No,-1
eeb4ce8b-788b-4261-bd4f-7b959bde6636,86,Male,166,64,No,-1
1f3d2e37-c21b-40cd-bc84-e8d2f5345a5d,86,Male,176,29,No,-1
91eaeb1b-2521-44d6-8ea8-53b14ac4a533,34,Male,172,32,No,-1
40b39024-15a0-4ba8-8028-80528b99f631,45,Female,155,68,No,-1
de3757f4-5846-42f1-8405-5e09567b9110,31,Female,148,25,No,-1
33ce2b11-6583-44b8-8c75-2bff289037cb,70,Female,168,55,No,-1
47e34f5c-0d0e-406d-a3b8-869b49a91825,25,Female,87,30,No,-1
0bb38774-608b-47ae-9cf4-bffbaec08445,56,Female,200,91,No,-1
9ac9cde3-f2f2-4411-9bf6-f12acc24bec4,35,Female,131,85,No,-1
bc991f92-b7b8-4c81-aff2-b453dbb026f8,62,Male,103,98,No,-1
c8b2f6a3-9f72-4803-a05c-6d71cedcf8fc,63,Female,147,55,No,-1
b738ae86-5d7e-4087-b688-8fabaed54242,72,Female,152,25,No,-1
17f368e7-3b27-42c9-b918-13254a03afb3,39,Male,131,26,No,-1
08864503-984e-4753-afdc-0edc297a1f6c,63,Female,146,92,No,-1
453d77af-a7a8-46b9-a57a-a2c27b8aa50d,74,Male,76,4,No,-1
72f4cacb-8960-4d2e-8c2f-d373ecd21a9c,44,Male,94,16,No,-1
faaf02bd-5c95-4cae-b20e-0ff12082fb20,35,Male,108,56,No,-1
98dbe9ce-4ab4-40cc-8f9b-02caeebb9d5e,50,Female,74,53,Yes,-1
292c2eae-d346-4d04-b6cb-70e5aaaf7399,54,Female,98,63,No,-1
557b3286-eb76-4452-8ac9-57d30b7ef57a,82,Male,191,76,No,-1
ce5f0796-cc48-469b-86e7-cde8210755fb,46,Female,44,34,No,-1
5029be7d-2bff-4616-8b85-f6a4703e4fae,50,Female,77,9,No,-1
378ab098-0878-4e90-b383-dec2c5fac080,75,Male,194,63,No,-1
039277dc-54c7-4f15-8206-a71656afc1b6,78,Male,27,79,No,-1
838d5b64-3ab5-4c5c-9c3a-b3a7a5a9a5c6,89,Male,99,85,No,-1
7fdf91e4-048f-4987-bea5-a4a2a537818d,18,Male,78,1,No,-1
de230c38-fa00-40c0-baae-556660382ce3,74,Female,33,92,No,-1
f3ef2131-e2ec-4fea-9300-50bccdd8e143,63,Male,172,82,No,-1
2273a438-0bcb-4650-997d-0d504c33d15c,65,Female,126,16,Yes,-1
a8bbef53-ee92-48dc-9d22-b71ba86a0608,74,Male,189,78,No,-1
d16d2b9e-48cd-4014-8326-ef32be6a54a4,66,Female,28,51,Yes,-1
cf3da3d0-993c-49b3-a783-15dbd4840101,69,Female,182,97,No,-1
11e5600d-35ec-434a-bb27-184cbc0e0c6e,34,Male,192,1,No,-1
4c3d5b47-b985-45a7-8c32-40dd8e9a54d6,55,Male,175,8,No,-1
9f8c136e-fda4-4747-b890-6948f239cf15,84,Female,101,41,No,-1
b14d0546-b35f-40fd-b6b2-05418e7832ec,80,Female,72,57,No,-1
52dbc5e4-b3e5-4df9-88ea-1c1ff1cc31d4,75,Male,35,30,No,-1
196d5cc6-7a16-4d5a-a7a3-cd554cbade5c,62,Male,41,45,Yes,-1
f0357a96-d216-42d0-83f9-50f59bae65b5,70,Female,126,15,Yes,-1
d025e8ca-1a37-43f3-b829-87c7d1cdfd3d,73,Male,54,85,No,-1
d0fd9fe9-2f5d-45ec-a8b4-0b0c0c1b661e,89,Male,103,57,No,-1
e3f46c18-de61-40e6-9561-8bca96d07b94,34,Female,144,32,No,-1
d63fd05c-b9a2-4811-81c2-68f416a671bd,86,Male,110,61,No,-1
350a82b0-11a9-4f5a-a27c-e2f61b2d0f71,72,Female,190,49,No,-1
2e4353ae-c708-42de-a9b1-010943cb8c38,34,Male,91,8,No,-1
82d061f6-8bb3-49ad-8a57-09dc00014ca6,75,Male,49,42,No,-1
f3432f13-ba8f-4eb1-a4fa-5129424b3b60,58,Male,35,12,No,-1
ba0e5f5e-a784-4c83-ba13-419da3b85ad8,47,Male,128,41,No,-1
cadc7413-ac16-47fa-bf21-c8a2c0984e24,24,Male,184,47,No,-1
6e19ebd3-c14f-4d4e-98e2-3d2c37f9d903,24,Female,139,7,No,-1
a3bc7606-24a5-4790-9d02-5de6eccd62b8,69,Male,49,31,No,-1
da15598f-e408-4d91-a95e-715a028d58d5,85,Female,37,20,No,-1
39b45286-6d70-4783-8670-f4bad2ef41a5,66,Male,175,51,No,-1
26e64397-6de5-4c95-b9c4-ccdac3c96fe1,33,Female,158,77,No,-1
4c9a1e7c-99e0-4316-8931-a2fd715da1ff,22,Female,160,56,No,-1
5ab5397f-1678-43ea-b03c-7265167c4a58,88,Female,120,24,No,-1
d578afbf-1c8e-4f2a-8260-62027160f592,61,Male,57,85,No,-1
3fc00cc9-884e-42c4-b73d-bd357e4af02f,78,Female,55,72,No,-1
805097a3-ecc1-4957-aa64-cae0befc6ada,83,Male,174,45,No,-1
b7f5d1cb-7994-439b-b76e-4094c6296ddf,49,Male,26,56,Yes,-1
751dbdc7-f5fb-469f-8c62-207d5eaaedd2,64,Female,138,83,No,-1
754e55df-67a2-4cd4-bdc8-fdf54da0f866,26,Female,37,27,Yes,-1
2ae87fed-c030-44ac-823c-40d5725c8955,62,Male,150,76,No,-1
5726be98-f86a-4590-8911-d3bdd67d7901,83,Female,142,55,No,-1
d89195b3-405e-4008-ad3f-7e7c335042c2,23,Female,145,18,No,-1
f448c5ab-3810-47c2-814e-3dde55a883a2,26,Male,70,30,No,-1
a79912ff-7b03-4efa-ba30-9b1610d69571,22,Female,159,93,No,-1
63078c8e-8cd6-483c-9750-4894d4d7d08e,75,Female,93,66,No,-1
f993d429-df5e-4482-95a3-7be976919ec4,77,Male,111,43,No,-1
e67bcf01-5cd2-4fbe-b24f-7ad896048f46,41,Male,181,45,No,-1
ecd62dba-5735-4f84-aa07-4e84dc687444,90,Female,89,65,No,-1
d63f3c41-b848-4b9a-b4aa-8ec1f721ca75,54,Male,181,35,No,-1
94e2df21-a263-4940-bb89-95ecabae16e4,56,Female,158,43,No,-1
dae9914e-5c99-496e-9a95-93bcb6f8137c,30,Male,163,55,No,-1
a97fdc05-910e-40a0-a8da-243b64c60664,33,Female,156,66,No,-1
31f5ba76-58ef-4b07-a2f2-2fe29835a17d,81,Male,107,54,No,-1
477841fb-1d9b-4d72-8204-f72870d45015,37,Female,136,42,No,-1
bb3cb581-7f2a-4882-8294-c4a09331b63f,60,Male,48,24,No,-1
c8278f2f-e44a-487b-ac1b-dd05695210c9,31,Male,132,26,No,-1
d69341a4-8016-4b8a-80d2-9f2d9305ddad,58,Male,58,38,No,-1
f8f2cf17-ab92-446e-84d3-4e45c553ab7a,25,Male,95,19,No,-1
df16b835-ccda-4d24-b801-4a3b811414ad,76,Female,46,22,No,-1
1889c8e6-888e-4f86-a015-086bdfed31df,53,Male,160,52,No,-1
ba024f80-86c0-453b-ab44-32627bf1d53b,31,Female,64,63,No,-1
589c49ed-9de3-4ee2-ae34-be572ee40b53,56,Male,111,11,No,-1
52f902b3-b0d4-44de-a8c8-a7b7ac368c3e,32,Female,107,36,No,-1
b965a823-7056-4e6f-b3b7-d43f8cafd23c,46,Female,75,17,Yes,-1
a4e8bae2-3a90-486e-b9a7-2c79c647004e,78,Female,103,49,No,-1
95f63f69-c559-4f19-8675-6fd1caeccdc1,53,Female,69,22,Yes,-1
f750e57b-1e1a-4f98-9f32-04d3e0551d86,35,Female,170,9,No,-1
cc6950f0-7bea-4a5e-a8cd-8dd1a6c3d333,31,Female,114,6,No,-1
c803b605-c574-4dc5-b09b-0223a3c6ded9,68,Male,123,12,Yes,-1
d96d1382-b85c-4dc4-85c7-35f75880b937,72,Female,162,85,No,-1
37a62a59-c52d-4af5-9fb2-b690355187ec,51,Female,194,59,No,-1
30fac779-cfbf-4488-bf20-06ce7ec6cf35,20,Female,130,87,No,-1
a8942e16-600c-44fa-aa1b-1facacb1a1cd,60,Female,91,26,No,-1
6b8b61ae-df40-4ede-a8d2-fc9251166078,31,Female,196,77,No,-1
45527a41-9fca-43db-a098-c6408ba2faeb,40,Male,48,12,No,-1
1dfcafaf-553e-4ed9-9f2c-a2f1865b87b0,21,Male,93,41,No,-1
ba7091cb-3823-45ac-ace2-5f30bdf1c3e5,25,Female,184,60,No,-1
e93187bd-2dba-4364-9aac-88703d762124,50,Male,58,88,No,-1
b4a9ef73-579b-4ff6-8de0-3a6c4612e2dc,50,Female,166,44,No,-1
f31fc82f-b632-467b-90f0-08bc81145452,45,Male,98,18,No,-1
9c36b68b-453b-43ff-8734-a73480bd7997,77,Female,43,100,No,-1
9bc5328b-0d2f-45c0-9eef-029281371864,80,Male,144,14,No,-1
351aa337-133f-4434-95db-a28edd25a66f,78,Female,54,14,No,-1
c148ede8-7db8-4ac7-819d-993170874c9a,83,Female,138,19,No,-1
f5e8b700-fba2-4c13-b0e4-2dccea6beff5,76,Male,60,84,No,-1
46479d9d-4d13-455c-84cd-c031bfc826bb,51,Male,142,27,No,-1
b02457c1-a2f0-4b1e-a8d5-a20e2fec7a28,46,Female,119,28,Yes,-1
9bd60480-4b80-480a-b501-2de4ca776a95,34,Male,79,13,No,-1
7f7c3334-696c-45ed-bca9-819a84b7ffd1,62,Male,51,5,No,-1
3d444b53-a752-4ffb-9c0c-4ac0bf0506c1,68,Male,53,100,No,-1
5ffab046-e11b-4801-bd1c-b8af3bda168f,84,Male,187,57,No,-1
5d171284-ec85-4fc0-9bfa-1505fdb72903,20,Female,191,10,No,-1
f26da73d-1004-4839-bc0c-7ca2f4977cc3,29,Female,168,50,No,-1
b360b1da-ec8a-4d9a-913b-891339011f19,40,Male,175,69,No,-1
17b1c1ab-9a8d-4e1b-ae01-475224844532,89,Male,154,78,No,-1
8d1f1439-b8da-437e-bb5a-3d06798ae892,77,Female,151,73,No,-1
3b447f2e-00b8-4439-8627-6946fe848328,83,Female,196,74,No,-1
8a494a1c-db74-47aa-bbc5-d619999adfe8,86,Male,49,17,No,-1
857339af-625f-4cab-b6dc-efe55e1ad472,35,Male,50,23,No,-1
dfb1240d-49d8-4065-badc-7b4b055b5c54,27,Male,49,18,No,-1
b423c093-24f3-46a4-a0f7-082a0d8d0ab7,71,Male,59,40,No,-1
cbea498c-ef28-4589-84b3-92f4b0cfb801,50,Male,86,35,No,-1
4981f71d-bfa2-480c-b3c2-ec20e9f1539e,71,Male,190,51,No,-1
665cd864-705a-48b5-b327-02e84cf57923,89,Male,164,83,No,-1
37a09231-a2d6-469a-92d6-19f9c71a9f9c,75,Male,80,6,No,-1
040abfdb-4827-44b9-8191-b719cdd27f81,56,Female,49,44,No,-1
9423b429-1505-4b91-8d6c-e82bee8f8f75,78,Female,95,19,No,-1
9482200f-d3d4-4283-8dfe-721ecc440ae2,72,Female,44,25,No,-1
1173b9c2-6f35-4434-9d04-2021c5fff700,86,Male,135,14,No,-1
81d5aff5-880a-4d6c-be81-81cf353d9069,87,Female,34,48,No,-1
892482d2-69ec-43b9-85e3-798379687085,57,Female,92,39,No,-1
86780be3-306f-49fe-b6a0-a21cc3f2ef8e,31,Female,69,14,No,-1
55e5de7a-482e-4819-aea6-847cef2712fa,85,Female,51,67,No,-1
8fb72ba6-e488-4ab7-8a50-c52d091fdcc8,18,Male,98,60,No,-1
a2c73b34-c565-472e-aa2a-e9afc8b28ba2,77,Male,139,36,No,-1
39fa8b24-03d2-4ca7-8f4b-0ed12c497657,53,Male,123,19,Yes,-1
45c8bf2c-b6d0-452f-b930-0a4bfacb4dfe,79,Female,66,21,No,-1
45b95d80-21f9-4f27-a7d5-e67e32aea7bd,63,Female,68,52,Yes,-1
7848a39b-42ad-4bec-864e-5b8b5ede3453,90,Female,39,6,No,-1
301e0c3f-1c5b-4e74-b952-5bd5c5783d2c,27,Female,63,45,Yes,-1
cd515217-c4e9-4b54-aecd-9e3d71b4f27b,48,Female,177,24,No,-1
8f4d3cea-614f-4184-91e4-1ecb83d85eaa,33,Male,158,22,No,-1
99b61486-fbd1-46ac-a6d5-fb7b7a0e4970,74,Female,182,42,No,-1
1603d3d2-c082-4d2e-a788-cc5be89f912e,81,Female,74,28,No,-1
f1f729cc-0cd7-4fe0-9679-848714b29c6f,71,Male,189,83,No,-1
0c71d358-acbe-40d5-862e-fcbdf1ecbdca,67,Male,198,65,No,-1
10774dcb-8023-44de-aca7-4c6db1c0d638,24,Female,85,8,No,-1
57924640-b608-4bdc-a250-787ae025623e,38,Male,89,77,No,-1
7bf26140-6f9a-480d-9f67-5afc1d2be7fb,42,Female,141,8,No,-1
67e64576-680a-4bbb-94b4-e8f8d706dbfa,46,Male,151,72,No,-1
6339a2c0-6300-4db0-ac2d-502f6d0938c0,83,Female,153,48,No,-1
9167c9d1-649b-42ad-9674-a4b3ffb0d969,79,Male,165,38,No,-1
e385ce12-04c3-469a-8280-25e9c334dfc3,27,Male,170,42,No,-1
28dbda2e-fdc4-4ed5-a53c-892ca73a4c59,19,Female,180,71,No,-1
8ccfa3e0-a7ad-4ac8-9fa3-c12efa959e6f,83,Female,172,10,No,-1
d820f518-5efa-4371-9f7d-7f8c1c7b4a1c,23,Female,104,60,No,-1
ec65a31f-64b5-4c7f-b831-7f990298e9fa,59,Female,182,33,No,-1
c8f18f9d-0a34-42f7-8465-2875563fda5d,36,Male,148,46,No,-1
5853fc18-5c79-4c67-ab6c-83063c993134,36,Male,157,72,No,-1
fac43242-c79d-4f84-ae75-81c6c13de98f,55,Male,92,7,No,-1
18b9560e-ef9b-43d6-9669-fd2c5c29fd92,86,Female,157,42,No,-1
891c3834-c099-4094-b879-1728a59c1886,21,Male,184,80,No,-1
a3dc320c-ab7b-40e3-9021-1101de74e7c1,69,Male,103,9,No,-1
4511e45c-f219-4dbb-b07e-47ac82689c6c,56,Male,127,56,No,-1
9915d037-ed00-43bb-ab1d-73e3df6a61a1,39,Male,164,31,No,-1
ac00dc6f-4038-4120-8f64-f43ad03bfcc1,42,Male,180,39,No,-1
22244611-a14e-4cae-bbfe-b3d7981f3cb5,21,Male,171,28,No,-1
d6d1bde1-500f-45b8-b47b-d977e34f1c82,28,Male,189,24,No,-1
d4beb366-1b53-4bf8-93b4-95bc65cdf7ff,33,Male,122,14,No,-1
5d6850f5-4f82-4ea8-a4c3-7f3aa5d83eac,85,Male,104,45,No,-1
a8c1c393-4737-4dea-bd4a-6ffdc54699a7,31,Female,53,14,No,-1
3640f506-a9e8-4f1a-8e63-936d92df08b2,78,Female,125,34,No,-1
65a39592-0f80-40d3-9f6c-7646cb036461,87,Male,31,19,No,-1
42c51404-d1a4-497a-a9e8-a7a3ff23fc28,32,Female,116,63,No,-1
ffe083a4-ad6d-4d51-a68e-3c4bd7b40969,40,Male,182,73,No,-1
545aecba-faca-48fe-955d-758ef46dfc65,33,Female,182,46,No,-1
12a4dd62-45e6-4dee-8c22-ecf03bb76508,65,Female,135,24,No,-1
ae4abfd9-be7c-46c9-8e46-7157fda6c4e3,50,Male,106,29,No,-1
f39aa20f-314f-4296-8ecc-082280514e48,23,Female,152,29,No,-1
0f7feadc-1a72-48e5-8ea2-de6cea8d91ef,46,Female,154,43,No,-1
a67ae12f-c116-4def-b101-5ac7fa5388b9,26,Male,147,52,No,-1
14112864-fb0e-448b-b030-ad4272363287,33,Male,196,65,No,-1
3246beaa-1b8f-4d51-95fe-bb23b6171671,57,Male,94,39,No,-1
ef2f70f5-8200-49f5-8432-0e2c8e0573a2,60,Female,128,33,No,-1
2072f0cb-1883-42d5-b69d-a038db6c3712,18,Male,126,36,No,-1
076e13ab-069a-43f6-9715-f8820438e923,39,Male,116,23,Yes,-1
655a0d40-4f2a-4012-b940-5cc6a5aa01b4,54,Male,104,12,No,-1
7b403bd3-bcfa-4dea-b9c4-6745f202adab,87,Male,109,31,No,-1
9bd15ac9-1b85-4113-b81e-f44bf701ad39,53,Female,119,64,No,-1
a948d6d6-90cf-46d4-b3c7-14fc08582bcf,62,Female,54,35,No,-1
2ec16c77-5388-4d67-b2f3-122c639742e9,41,Female,66,66,No,-1
f9a0993c-b193-4688-b8cd-1181d295ef5d,80,Male,125,16,No,-1
5f4c689a-e080-48d2-bd48-a504c908b2ce,77,Male,131,46,No,-1
223de22b-7449-4a50-b108-f8d95e324b09,63,Female,36,95,No,-1
48847c9a-7dfd-4e94-8cc4-945729b3c63e,45,Male,60,38,No,-1
c9ac29bc-33d2-4d68-97f6-19f11da96ca2,78,Male,175,59,No,-1
a9d5bedf-ab00-4f63-b9ce-2c1721c97b3e,89,Male,113,65,No,-1
4fa0342f-20b4-4b2a-85df-d1eb8b536a09,51,Female,158,72,No,-1
5a9234f4-6a44-4ff3-aa26-cf8ad5bb2b5f,22,Female,119,22,Yes,-1
39ce36e1-f504-4898-8ef9-3d517b57c491,19,Male,68,47,Yes,-1
26977df5-7900-4d47-9b02-f38fabb8ee79,22,Female,194,24,No,-1
776b1f97-20fa-4e69-b3d4-884fd4e20596,33,Male,59,42,No,-1
fd67e537-ad90-4b36-9279-70c2fcb10bc6,29,Male,70,95,No,-1
d1ba69e4-1c2e-4c64-9b82-458114fda0bd,60,Male,94,87,No,-1
ea365512-70a3-47cd-99bf-e92761512df6,44,Male,104,66,No,-1
c753849e-6543-4e33-859c-8176063d9609,32,Female,158,81,No,-1
49d5888b-9962-4e65-a39e-d2fc815b458e,79,Female,166,67,No,-1
7db977bc-5a99-497e-8d4a-a76759dba5a5,53,Female,76,65,No,-1
459c761a-3aa9-46c6-8387-2374d66ed7e3,89,Male,81,12,No,-1
8d608cab-6cb8-488f-9c70-b89bb5defccc,72,Male,134,82,No,-1
eb045a12-df7a-423f-8178-0be9214eb548,49,Female,96,74,No,-1
5bf00065-3234-44bc-81e6-a4dad6680347,45,Male,111,7,No,-1
4751a0a1-9baa-42c5-8430-d93123f005cc,89,Female,169,17,No,-1
feacfb74-9840-49f7-94de-4166ccf4ab45,26,Female,130,26,Yes,-1
e79a9363-de5d-4952-882c-d88bb822fac8,67,Male,67,22,Yes,-1
49ced4a6-2e1a-454d-8432-fda21c4969be,41,Male,117,3,No,-1
4c41378a-42db-435e-916e-83bade060731,40,Male,84,35,No,-1
d97a3c44-f707-41bd-8d60-0f0e76cc0a86,84,Male,119,69,No,-1
b4c21718-b6b0-403e-8f69-9537c4102025,59,Female,67,45,No,-1
c54298c8-f719-4e07-a4fe-114b8d10942a,81,Male,193,59,No,-1
361334b9-8574-4a6b-9e12-d9b3ec71c6ec,80,Male,148,4,No,-1
05bb8bea-0d6d-4e5a-a4cf-d6e255236f80,78,Female,140,14,No,-1
203efd65-b132-44ed-b205-7af624e2dc49,75,Female,164,66,No,-1
c69737f9-ec0d-4fac-800f-518c51c5f607,88,Male,34,22,No,-1
043163e3-0289-43f3-bf23-fa79eb4b8921,86,Male,175,34,No,-1
011682be-4758-46d2-b367-f716a3f38cfd,67,Male,144,96,No,-1
0a048b40-bb6a-4be2-900c-31367c9e1eb6,59,Male,97,54,No,-1
9641c0c5-77ac-4aae-b2cb-3c8374e4af84,75,Male,80,5,No,-1
b3063e22-6557-4c1f-a33f-06deae41b154,26,Female,20,38,No,-1
ea571af7-035c-4236-97d7-7d0384a55293,52,Female,95,29,No,-1
f99a5ec8-20aa-4d6d-8261-a61eccac5ac6,64,Male,157,36,No,-1
92d9bf77-7ef7-4de3-8734-8b20127b33b6,47,Female,193,63,No,-1
b205854b-05b5-4022-82b3-a6abb6c2c456,67,Male,50,92,No,-1
d03d5bb3-bff6-441c-9ea6-dc166d5346e4,49,Female,21,65,No,-1
0b794177-f88b-4091-b7ab-58c1578f7566,43,Male,75,38,No,-1
07235747-855d-43d9-b69a-9c6a1ab51177,19,Female,159,98,No,-1
48988fe0-85f9-4762-863d-b6e822ddd120,49,Female,96,85,No,-1
05de84cd-0b42-4051-8785-bdc271d73daa,33,Male,64,26,No,-1
ad305e7e-1d94-45cd-839b-865cefd3f4c0,26,Male,32,75,Yes,-1
81f611e5-3d2b-4a22-bd92-8cee41890e74,76,Male,105,53,No,-1
616eb43e-1771-42b9-9ae4-1c8c8a499378,72,Female,94,42,No,-1
bf017858-f6b1-4778-b62d-8aef7dbbcb2d,53,Male,165,84,No,-1
afaa6462-ede8-452b-971d-0fa1af5a10a5,89,Male,188,21,No,-1
16526842-8a3f-4e27-8125-30e9b65a01e9,36,Male,150,69,No,-1
d306bb6d-ad11-401a-916e-727ec4487bb0,64,Female,140,27,No,-1
e13a4478-5d9d-4c78-9056-fe51c5919e95,65,Female,52,67,No,-1
e2366119-b16c-4dd2-b6dc-0a5b7ad3bb0b,50,Male,181,59,No,-1
16737426-b43b-4602-bcb0-d8e2749ef1c6,54,Male,74,49,Yes,-1
24f85087-2d35-4092-a1cd-af9a0fa13967,62,Male,185,65,No,-1
b8be442d-ac15-422a-83b6-73fa77964b32,75,Female,160,67,No,-1
c8bcbd73-0b2f-4672-a908-24e7223562ea,40,Male,200,45,No,-1
2af1681d-cddf-4028-88c2-80fe244de824,52,Female,71,11,No,-1
2fceb2fd-281c-480e-bf45-914445166c30,28,Female,66,32,No,-1
a0899d68-33ab-48f0-8cd2-d03f34aa4a78,22,Male,101,66,No,-1
d19b1d5e-3bf0-47e2-bdb5-8bc09f3c758f,87,Male,80,32,No,-1
263332e2-8439-49b5-840e-63941aa2ff4e,29,Female,58,47,Yes,-1
0fe3a53a-c676-4858-bde1-7b45cc92ef63,55,Male,113,59,No,-1
7a3f936d-2c3c-4207-b055-b29c07e02726,54,Male,134,21,No,-1
b2f8f38e-7b58-4fba-8d83-eefeb8fd7d3c,37,Female,100,5,No,-1
4dac7355-e1d0-435c-b443-27252526c358,38,Male,59,42,No,-1
51dc55be-b43c-4e50-b4cc-709d28119bea,25,Male,98,9,No,-1
490d2133-7cf0-4a2a-8c0a-a481e935da41,45,Male,67,18,Yes,-1
7a5e6b3f-3ee4-4357-bba0-8a3f8070aabd,70,Male,155,88,No,-1
68923abe-eb94-42c4-9d4c-f325d6ef2b93,37,Male,169,27,No,-1
570b5a93-3061-4c14-b503-aa8db6340e1f,41,Female,39,18,Yes,-1
b7ef3f3f-6e96-4662-99f7-2ff0e0bd3cb4,53,Male,112,2,No,-1
59767131-c805-4744-ad68-b14ed627012a,35,Female,47,34,No,-1
1534c4c7-4966-4b99-8379-d1e78fc40c10,49,Male,141,15,No,-1
2c8f8ab9-611a-4955-953f-bd1fbdfe8e74,87,Male,87,32,No,-1
50bbea35-f1b3-43bd-a951-75afaabe534d,62,Male,145,15,No,-1
f1a2c001-0778-4864-b1ab-b2bd42119577,49,Male,61,26,Yes,-1
91746474-c601-4d70-8373-514ad2f3f197,68,Female,117,37,No,-1
c9c726a4-ba32-4d6d-a0c5-d8edd40d5e13,57,Female,48,34,No,-1
bc374226-dd53-47f6-a047-1d09aceb6357,57,Female,172,70,No,-1
e0b88528-55c0-4cc0-8bf7-6fac1eb09965,26,Male,177,1,No,-1
5eed363a-ebf9-419b-a420-d4701c86146c,80,Male,187,74,No,-1
bfee721e-5530-424b-bada-930dd820d809,81,Male,171,71,No,-1
17e2efde-0b08-4147-8837-0432ca293d3f,72,Male,97,9,No,-1
d229c0da-f03e-4b6f-9437-233678db2e4c,35,Female,133,15,No,-1
540e0bb4-9eea-4365-9e62-84b1045e6305,75,Female,51,32,No,-1
41e7e83a-56d0-4c16-bb7a-4b87cc49665f,80,Male,154,95,No,-1
f85ad401-3365-4e99-b39f-bf553eb48163,56,Female,182,99,No,-1
125008fd-589a-499e-8520-3f68c349bdc1,35,Male,105,96,No,-1
acaab6a5-dc5c-47a4-b22b-4144e0add923,43,Male,63,84,Yes,-1
187f14d5-2811-46d7-833d-7b9f621dec3c,76,Male,39,35,No,-1
d97e0c54-984e-49cc-8291-a080ce2515ca,52,Male,95,84,No,-1
c7cfc576-f03c-4318-be40-7b17882127d9,70,Male,131,92,No,-1
1c798021-7bcf-4150-a8e4-ff5b00a8e739,24,Male,176,85,No,-1
d086a81a-cb80-4bc7-a361-1b84f2a06859,50,Female,107,10,No,-1
a2735880-e6bb-4a72-80ae-13303ff77fa7,26,Female,167,43,No,-1
104edcd6-1e44-4b36-9241-4a62761d0750,69,Male,178,58,No,-1
1e8a477d-69a6-41f7-9c5c-623cb7645e78,23,Male,190,99,No,-1
e82c67b3-0b9b-4c95-8f4f-4462625a5562,34,Female,198,96,No,-1
288fcb1e-f069-432a-861d-245fa3635d00,88,Male,105,22,No,-1
04d2e557-8a6a-44cd-9bcf-9696d4ba7b76,54,Male,34,32,No,-1
3faa000d-318f-40ab-9567-9b10869cbb5c,42,Male,21,39,No,-1
f646c071-93c1-4b56-96ca-35bb018f36e8,68,Male,128,36,No,-1
0ba0e151-8dc4-46c8-b9d5-59217891514b,42,Female,181,90,No,-1
4eee4e92-3af1-4a1e-a183-8ed87b1d00f6,40,Female,109,42,No,-1
967c99e0-4401-4d1a-b984-69de982808ed,66,Male,100,39,No,-1
6953d538-bac4-4ba9-a52b-810d06be8548,82,Male,150,82,No,-1
d2399b85-24af-4f1b-91aa-9da12c79defb,57,Male,126,40,No,-1
13aef6a4-2459-43c6-bb63-2e40f842ec76,55,Female,180,23,No,-1
f0f8991f-82e2-4866-83cc-fde0051dc5f7,46,Female,33,84,Yes,-1
affb4272-3278-41a1-bce5-be009b5bfaf2,31,Female,52,23,No,-1
2021780f-59fa-41a0-a3b3-6296b4f2ade5,70,Male,173,3,No,-1
0347a6c0-c3e2-42f9-b30e-cdc8d93444b6,88,Female,169,23,No,-1
0ef1667c-e599-41fa-ab03-3272fed3a606,34,Male,100,62,No,-1
ac9b0896-2626-4d9d-b65b-68a34d05abe3,26,Male,111,57,Yes,-1
b3757354-9040-4f44-a909-1b77a224db5d,73,Male,23,57,No,-1
76966eb4-80f0-4527-8d0b-6200fa2b7df1,54,Male,66,92,No,-1
ca76b19e-85cc-47df-8484-d3513ca65742,57,Male,59,76,No,-1
32cb6f0f-f952-462e-8a2f-8fa063ca7d22,52,Male,160,58,No,-1
f4cfd527-9e8d-4649-85f5-44de472003dc,90,Female,59,14,No,-1
5bb404e6-0029-4b90-b3fe-20c88068b803,85,Female,193,24,No,-1
a4a0a60c-ce7a-462d-8274-4d74fb80ee68,40,Male,35,11,No,-1
9b049078-60f0-41d0-8f0e-15db25d83e6c,23,Female,152,47,No,-1
e7650b31-5d34-4b1c-b491-9d8ceecd04a6,46,Female,67,43,Yes,-1
b2f01c07-83f9-41e6-944d-de86677dbf97,61,Female,58,74,No,-1
67df4c56-1f24-4c26-a92b-1227d3b85452,51,Male,168,72,No,-1
cf43904b-39c9-400d-b441-1c3983ec4675,41,Male,158,21,No,-1
e27e5c4b-8df1-40ea-9b68-91f3d1cca834,82,Female,152,7,No,-1
2044e6a5-4bfa-4162-b2e0-f43eb0e479b4,30,Male,78,33,No,-1
e0bc22ec-d1f6-4c2e-a06f-a7e0f3e8afea,74,Female,132,53,No,-1
8e96e8fb-8832-4731-b445-3dcfd7da07b6,72,Male,152,75,No,-1
c4e7d481-0c4a-430a-92b2-7339e141f69e,69,Female,159,33,No,-1
56e0b405-5b10-4df7-af2a-be393d4cf47f,23,Male,178,47,No,-1
6f2a4203-6167-4f26-a996-66b569594a8b,45,Male,155,76,No,-1
dd976efe-43e3-4e45-bf1b-b421afdc66c4,28,Male,154,87,No,-1
4b5e8079-d5bd-4fd3-b7fc-b4c83be0b0e7,73,Female,85,5,No,-1
26be962f-cc23-48f0-8602-ade3303916c7,37,Female,96,25,No,-1
b69838a6-ab59-4855-beaf-d34a8832453f,73,Male,186,21,No,-1
1cb6197b-319e-445a-9bd1-f43243123f01,42,Male,175,86,No,-1
ec245963-e960-4fb1-86bb-84dc931c3632,89,Male,77,68,No,-1
60ae7e7d-4be6-4d39-8bb8-eba4b4a9be3c,22,Female,30,78,Yes,-1
f270069a-e2d1-4d3f-b52c-51ba0e395aec,78,Female,187,8,No,-1
528a101e-72a1-4fab-8c5f-8d9de4f9a134,31,Male,177,24,No,-1
b7e5243f-f1eb-4b20-bc20-17513bdb8d9d,60,Female,48,22,No,-1
ba75b90f-f270-4194-a48f-999286964558,25,Male,103,20,No,-1
7a1825b3-6d34-469a-acd3-6b5f7f049294,26,Male,149,85,No,-1
feb6a955-1614-43e4-a2eb-0d64fee41307,33,Female,101,31,No,-1
2b0d8e6a-787c-42c0-9821-85fbbb82ffe7,25,Male,93,78,No,-1
50905d39-4b56-4acc-b29b-52ff7db18c91,75,Male,161,72,No,-1
985ac88d-5c46-409a-bcff-3ea3a949949d,62,Male,52,59,No,-1
049955a6-bbd5-4110-bd88-0173208a01d5,51,Female,54,78,No,-1
02effb81-dd2b-44db-bf4e-097257e6f520,38,Male,165,32,No,-1
9b8ba760-2fd6-41de-bc7d-5a6b24921385,57,Male,199,66,No,-1
0abef408-944f-4b76-8391-0dffb280b283,21,Male,44,11,No,-1
7eae7a3f-13fc-484d-ab59-92fd11be0e87,64,Female,67,91,No,-1
8e2f8297-f63c-4d14-b3fe-06ac8e826a9f,24,Female,38,4,No,-1
c31d639b-45b0-4133-94ae-8703429a0c74,61,Female,107,17,No,-1
97a6d9ce-084c-4798-9447-696f5ad41605,80,Female,78,23,No,-1
2e03e366-f7fd-4a19-86fd-53032c6c9532,22,Female,150,86,No,-1
c742fce2-a43f-447d-9d49-a62cf6ad552e,35,Male,106,57,No,-1
cfd664bb-1342-4de4-8146-9f227a848d37,20,Female,119,16,Yes,-1
6b45fd79-83ff-4bbf-ba64-db3740152b69,25,Female,100,14,No,-1
7d52d628-1d40-4723-804f-9223db41a55f,60,Male,54,26,No,-1
fc2c764c-48f8-40bf-b0c1-c08c7c2186f8,71,Female,43,46,No,-1
233f0619-88a7-4979-a1b1-4002084e848c,56,Male,55,31,No,-1
f21a4176-1bea-4c19-8a46-aa8630d3cd22,27,Female,68,50,Yes,-1
602f9376-7674-47b0-a1e7-3d3859337e99,61,Female,46,67,No,-1
d00c82f9-83db-499f-bae1-2d46cfa8f95b,39,Female,178,85,No,-1
4c099838-d32d-4504-a1c5-acb4464f473f,34,Female,184,29,No,-1
9367be07-0d56-47fd-a09a-3d10a2cec27c,36,Female,58,94,No,-1
2bb1a55f-bf1e-4bdb-9ae7-cb152033f56b,18,Male,137,25,No,-1
cd37766c-379e-4c21-b05f-9d9e452829c5,70,Male,111,64,No,-1
38e01a11-dfd5-4a71-9152-c3a05a5090e8,58,Female,102,24,No,-1
b7faa9c3-8f76-4451-8848-51a4ef9e2b67,28,Female,160,41,No,-1
37df2e8e-c2a0-4f3c-a0a7-572a6d244ae3,19,Male,96,66,No,-1
941b6d54-4891-4177-90ab-d5e3eb658be7,60,Female,185,35,No,-1
8f3bb5bf-8f0a-416f-a55d-b7bc447071fd,56,Male,67,50,No,-1
ea2ffc1f-491d-41f1-a4fb-18801a27c13a,77,Male,78,74,No,-1
17ca072b-9df5-46e8-8eb4-437e25c53794,88,Male,174,71,No,-1
b4c1e9f4-fa97-4f5a-be69-33264343009a,50,Male,83,28,No,-1
d4845967-193a-4ff2-8695-aee6a61a19f0,23,Female,187,67,No,-1
f9e6417e-38d1-4141-b466-67681cde6499,46,Male,90,88,No,-1
bb64578d-37d9-4cdd-81c3-a5a73f76cd73,55,Female,57,79,No,-1
e2393c96-93fe-44ef-bf4e-f532ff90c02a,56,Female,176,53,No,-1
3df1dfe6-02a5-4739-8d6e-5286844a11e6,46,Female,59,70,No,-1
5cc79178-329e-4461-b0e3-635b24ab409b,44,Female,143,75,No,-1
cc49ee1b-3aa3-4c02-b152-234fdd66997a,73,Male,25,78,Yes,-1
78f01057-6bcc-47aa-9837-83a6a03a1cd2,51,Female,195,94,No,-1
417118d7-5b36-426b-abb8-70af2542bcc2,25,Male,111,30,No,-1
1cf02668-b092-4754-a6ca-cf08c9d33652,41,Female,69,49,Yes,-1
6c103cc4-45e8-4ebe-8aba-3250cb0d141d,60,Female,107,15,No,-1
a8387b9b-1686-47a6-9001-e86a05f929a4,64,Female,105,44,No,-1
cf4d3c89-4f44-4174-85bb-6735ee5831c0,60,Male,148,99,No,-1
d136a54f-44f1-4cf7-b4b5-40c4bf584c88,62,Male,181,67,No,-1
eb5caac0-4a16-4ac9-9e2a-2d266387cefc,43,Male,156,23,No,-1
4c51a2aa-e501-44f6-b640-f68ba90dd728,47,Female,33,80,Yes,-1
7b581815-9c76-475f-b519-c882e06df29a,34,Male,71,62,No,-1
06c0b743-daea-43bf-9c77-38a7c1daf7ab,85,Female,105,62,No,-1
358d8888-794c-40ef-ac42-7593eb39cda8,29,Male,43,22,No,-1
4792e091-ef0f-470d-9a57-e223c765ec53,85,Male,182,1,No,-1
3aa5448c-b826-4a27-82aa-12ad008367c2,55,Female,71,43,No,-1
65592189-97c2-4399-a854-7cfe28705ef2,28,Male,47,18,No,-1
38c25814-7df7-4c41-b687-7229252bf086,76,Female,154,10,No,-1
e8b93f6e-d6c3-4a19-a199-c3b7a78ae961,89,Female,135,24,No,-1
a4993b54-01a6-4872-b927-29e81aa4453e,89,Male,95,58,No,-1
0abc8c47-bc23-4d3a-892a-5cb1dc8f6355,52,Female,51,5,No,-1
7e1bc468-de23-4a54-91d1-984f44850224,38,Female,30,8,No,-1
df794152-63af-4be7-8a72-112e4a65f0f2,42,Male,37,98,No,-1
5ddb8dc7-a7b8-4e4b-955d-c63fd16c223a,46,Male,136,2,No,-1
cb0f269b-6e7e-45c5-8e0a-919fd690a79d,39,Male,164,83,No,-1
ed5c2341-6276-449f-a136-be47adad54fc,70,Female,164,36,No,-1
523e27d5-9f8d-45df-9854-e74eee75ad40,77,Male,136,47,No,-1
b8239e3c-230e-4685-bba3-a83dec8a3475,29,Male,172,5,No,-1
6f05b00d-69f1-4e98-a6f5-45684d3f263c,51,Male,105,57,No,-1
9441ee4c-0d52-407b-809a-3f61e4eec5ea,18,Female,149,89,No,-1
cf2ae689-3274-45dc-ae76-9d2a5d8ba483,30,Female,165,3,No,-1
982482e7-0d05-4995-b62c-9562dbbe5e8f,33,Female,132,51,No,-1
48828a14-cd57-4dee-b071-922a178e7f01,31,Female,153,9,No,-1
af4490e0-3852-47dc-9baa-76dcc1a28527,69,Female,185,1,No,-1
fffa24f6-7f30-4a63-b1d6-e95004a080b8,90,Male,63,35,No,-1
3324ceee-974f-40b6-8590-7bc459e2c5ac,33,Female,128,36,No,-1
b61549f9-cb16-4b67-b929-f1fbbf939b71,49,Female,60,78,Yes,-1
c46411ae-31c2-4906-ad17-57eb5ba5bc42,42,Female,44,12,No,-1
8f1b1228-817d-44ff-b70b-31c4ebac3d94,23,Female,80,19,Yes,-1
f5cf0bcd-85ce-40c8-adc9-6645a36490df,29,Female,46,16,No,-1
862cc968-9501-4916-b7e0-2b6b0f13b9e6,30,Female,82,71,No,-1
860098dd-0e51-42d8-ba2e-f65a4b3170d4,74,Female,195,92,No,-1
e3ab211a-48d5-4f30-a3ec-744776db227a,35,Male,168,42,No,-1
3915fa84-2ad5-4d6b-8fc1-13755cca8ede,78,Female,48,28,No,-1
06b8489a-5edf-44a2-b508-7d8b6ebbc8f5,76,Male,188,92,No,-1
ab80cf6b-c370-40f7-ba87-07466e8a74f8,88,Female,100,40,No,-1
2165f62f-7ff7-44a1-b507-c8cc5bab8c48,86,Female,178,28,No,-1
7f3ed015-3a86-46de-b998-09528bf7f39d,85,Male,91,33,No,-1
72e7e14e-a7c5-4046-9707-990fe6cf917b,49,Female,34,12,Yes,-1
66b8467f-6ba7-4e89-841c-ef147a609171,59,Male,176,95,No,-1
00393b5c-befd-45bc-846b-e0eb50379577,63,Female,176,71,No,-1
8b7f5191-9a76-4586-a084-18609e71dd39,35,Female,48,15,No,-1
03b218c3-b84c-4fe4-9c4d-35bf168fd1ee,49,Male,101,39,No,-1
3bdbf9fb-8fb9-4925-92e5-495de0263a4c,27,Female,174,66,No,-1
e90eb985-6959-4372-b395-a576dd280a20,53,Female,146,100,No,-1
5ddb35af-abd5-4fca-8ccc-f0d24effb936,58,Male,34,78,No,-1
1a1aa6fd-bf42-4e78-aa9a-225da822b453,56,Male,134,53,No,-1
cd4bd749-fc14-45ea-bbe5-53a13f098cc4,82,Female,101,61,No,-1
e411a08b-e2c9-49ed-bfcf-9fcd754e40e6,32,Female,38,100,No,-1
b6d79eb3-0d9e-48c3-873b-32ed913707f6,72,Male,187,84,No,-1
f1eee411-dc6d-4f2d-9b16-0f486b8f3964,32,Female,164,26,No,-1
df37e08b-2ab4-4da5-88bd-c82789ee0357,79,Female,127,38,No,-1
cd6c081e-f1d9-4493-b847-e504d2f6e511,86,Female,168,3,No,-1
f626860a-6e69-4b8f-b646-cf2a67a220ce,88,Male,89,41,No,-1
1b47e795-824e-43f1-9a82-544425a40946,74,Female,112,9,No,-1
40d8939c-93ea-43df-bfc6-0d97db5a2995,26,Female,96,79,No,-1
28fae2df-6c35-4e4c-9d09-d63bcdb9c2a8,56,Female,79,26,No,-1
3bbf2fe1-147e-418e-bda9-deef37eeb513,19,Female,119,59,No,-1
153f2493-f057-4157-a09e-cf69fcdb087f,45,Female,51,100,No,-1
f55a4b62-4d04-41a2-8884-a5dcbb3b649a,36,Female,98,17,No,-1
7db44bd4-7298-4a87-9c4e-31295bf19c84,51,Female,184,43,No,-1
36983634-7d2c-4132-8b3b-db3f846769c8,52,Male,69,58,No,-1
1798665a-e992-4947-932a-82d731703328,27,Male,169,71,No,-1
97fb62d5-fd18-4569-898b-253e8fc5315e,20,Male,37,96,No,-1
74a6089e-2786-4d3d-a7b3-4cae2c12a13b,54,Male,149,24,No,-1
2d819777-56db-4699-bfbd-5df8a8f6fbba,69,Female,129,50,Yes,-1
c2de76f0-aa0b-4c80-b748-d57922261fdd,24,Male,145,8,No,-1
64dc36bb-2fc3-4f38-94a0-34f7f599baee,27,Male,176,2,No,-1
d4b7eee3-d9bb-487d-b28f-af3cf529cc6e,54,Male,180,34,No,-1
6631fca8-c0a2-4ff9-99cf-27cf0fd93007,76,Female,108,64,No,-1
c9750eb4-4e17-475e-ba4f-0d40c23e3aad,76,Male,170,75,No,-1
1dc01e4e-48dc-47d5-a0ac-63885f238194,42,Male,41,29,No,-1
2d2be9ee-9929-4a1f-864f-96029672d094,53,Female,51,1,No,-1
f36ba0c9-31bb-466a-a2b2-c506e7886860,18,Male,183,84,No,-1
c9ccea20-f759-4a72-9ec0-cb5db614491f,72,Female,200,33,No,-1
5e464cfc-9597-4d2e-8757-ac6d6b7d3548,56,Male,189,25,No,-1
c4eab55c-62fe-4ce2-baea-669355e0cc97,48,Female,196,69,No,-1
89ca7190-4f31-43ea-beb8-76164c9211d9,78,Female,104,40,No,-1
73b6c131-3cac-40ed-90aa-9ad7a5a6ab9b,67,Female,192,95,No,-1
7f13b6dc-cfa9-4712-a174-1643994c2cd6,74,Female,181,58,No,-1
55c1084e-a8ae-42cb-b741-d1e26cdddda3,32,Male,66,45,No,-1
5f2d5ad5-2d37-4e9c-8f9f-2e3f6616a16f,34,Male,135,21,No,-1
1559978b-ff50-4d3d-a57e-5da6d20f719c,58,Female,117,40,No,-1
dc5f66ba-7dac-446c-8d8c-66e26acc1a6d,67,Female,32,39,No,-1
63397ec3-4ff2-4d8a-acf9-f9d11f680c77,18,Male,57,30,No,-1
50b0e68c-6c5f-4ab7-8a24-b474e2a5af2c,29,Male,39,34,No,-1
405b0e0a-f2a7-4012-89ef-63682122d042,48,Female,96,61,No,-1
1f749ef0-ada9-4582-8257-8f073bcf6757,37,Male,45,15,No,-1
2ece9536-3f7d-42b4-913d-09b2385cba07,75,Male,45,47,No,-1
007d51ab-0af7-4bd5-9ed3-af8f7039838f,40,Female,104,18,No,-1
efd09d24-2f33-4221-834c-cfb93778dab2,51,Male,132,92,No,-1
b58209de-83e4-4043-9688-bef5c5d93134,47,Male,183,67,No,-1
2199070d-7e43-438e-91ce-d45863395f5b,32,Female,171,24,No,-1
f679f8a9-95a7-45a6-8a8e-0345d763f334,66,Female,90,68,No,-1
606547ec-10ff-48f6-93dd-9b597fda39c3,87,Male,56,52,No,-1
4950b712-94f2-4824-aee9-4904aa573548,47,Male,54,33,No,-1
1b1a6a64-8c3c-4bd9-bed5-17b674a151d5,36,Male,138,13,No,-1
5de23da7-31c5-4f12-8626-e73f014194b3,85,Male,99,63,No,-1
c704bb8e-1310-46f4-a5b5-f4817149fb6d,59,Female,74,28,No,-1
cfa085c3-661b-429d-a900-8ebfad9782ea,73,Female,159,76,No,-1
341cf60e-8b60-446b-abd3-bfdcc77d1d1f,50,Male,32,79,Yes,-1
fac276aa-2afe-4051-bf74-9a488c532002,58,Female,92,44,No,-1
0b589709-bd15-4e5c-b532-fba8984031c5,18,Female,145,98,No,-1
9d802901-cd61-4f64-962a-cdbda620dbd7,72,Female,119,40,No,-1
99459ace-3e44-4914-bbb7-cbcff2e042fe,51,Male,146,56,No,-1
7e34735f-8643-46e0-8cac-8c114e38970c,23,Female,131,92,No,-1
e620636d-b4ae-4c3c-b65a-be8aa695f590,65,Male,51,7,No,-1
d75d7815-9b70-4b95-8692-25ea15941fa2,65,Male,149,43,No,-1
1ecc3c42-5d06-4f86-9171-2eb333af52be,32,Female,87,78,No,-1
96a9390d-a164-48c0-9a75-803be0cf1f5d,36,Male,90,20,No,-1
7509ae85-5cd7-48be-b546-766806122f16,32,Male,61,30,No,-1
94dfa67a-24fd-4df7-9d86-d36bdf742197,79,Male,98,6,No,-1
b52a596b-ec20-47c2-96a6-9c2676d9dfdc,34,Female,105,64,No,-1
3f558416-ef7d-48f2-830a-d2f97fd73a2c,45,Male,65,49,Yes,-1
ac83ac23-86bc-4f2e-9751-b706719aa430,69,Female,64,37,No,-1
767b6639-42ca-491d-b292-85e90041c1b9,56,Female,109,28,No,-1
665d9b58-961d-4151-aad9-dd9cc059d16b,51,Female,20,57,No,-1
1cdcb3a9-763a-42fe-965a-315be32a72e1,37,Male,38,43,No,-1
7eb8039a-1a26-49d0-b3a1-151616346aa6,58,Male,159,59,No,-1
aeaab4f3-ec2e-4238-96a3-1f8f81e48c47,58,Female,36,33,No,-1
44366231-4570-4b2e-b2c4-57639d44167b,84,Female,180,87,No,-1
74bd69c2-d7b6-4a37-b770-c20fbeeab080,72,Male,146,81,No,-1
8ca897e2-b39c-461e-8c11-97d50acf3d76,82,Male,165,56,No,-1
f701da9a-531d-43ba-9c1d-7c8eb236e3b0,63,Male,39,14,Yes,-1
11c25ae7-8595-4576-b52e-a243922b1527,42,Male,22,98,No,-1
83985030-b1f7-4027-a83d-a2efb391c037,78,Male,144,69,No,-1
bcea3fab-cbf4-45f1-bfd5-fe36c25c2731,82,Female,51,22,No,-1
c61fe622-2803-400a-99c3-f1d0d5d3e7cd,37,Female,173,60,No,-1
0501dba2-e94a-4c29-b70a-b5fb73ca73bd,56,Female,36,3,No,-1
f8dd8811-db56-46f8-b0e4-30f8927b6e29,24,Female,98,17,No,-1
caf4ae9f-891a-44fd-b70c-8dac83b7a3c0,85,Male,175,30,No,-1
b1b03b74-6428-4f50-9503-6c709a4f51ef,21,Male,134,21,No,-1
ec2a8190-2bc1-463e-b54a-7080878561a8,28,Female,94,42,No,-1
f9653e30-bb87-4d3b-be7d-48eb850208e2,55,Male,71,32,No,-1
f456edd5-efad-404c-aaa9-ad821a893fd5,83,Male,186,89,No,-1
fed7ffa5-c2d7-4077-ab9f-32b956eb6c48,62,Female,144,17,No,-1
e9ce9a90-4606-4e19-80f4-227f65aa64d0,87,Male,159,82,No,-1
9d47ff63-5357-4abe-a409-f562df31296d,56,Male,144,80,No,-1
8c0f4ec5-545f-4381-993a-f763eb674d58,90,Male,150,28,No,-1
b8e1fe24-4450-40db-a869-cc456215b716,75,Female,26,40,No,-1
38eb59ce-1603-419b-802f-6a99b440ed0c,27,Female,61,36,No,-1
7c7fd3c1-77e1-4ac7-aaf5-f999a305a402,58,Female,158,56,No,-1
a0a6fe3b-28bb-4e31-b3d1-686e98e43188,60,Female,155,77,No,-1
5a4290e5-eb14-42ba-8149-9de33c9d5e4b,40,Female,45,100,No,-1
9fcd55af-0d44-4d6e-8213-fe1c4fd6154a,69,Male,108,31,No,-1
7baf13bb-b6c1-451c-84a7-acebc0ce2aa8,48,Male,40,10,No,-1
47ffaa3d-98fc-4380-87c6-24c4c2c01bdb,71,Female,179,45,No,-1
369424d2-00e8-44a6-966a-b785f13193a0,32,Male,50,36,No,-1
9683297a-c187-465b-a30f-9b49c1ecfe85,65,Female,91,36,No,-1
51a1037a-339b-475d-8eec-de57dd922d66,23,Female,73,44,Yes,-1
6ee1ecd5-7f75-45cf-9bd4-00e4347319a0,66,Male,129,45,Yes,-1
ef2bf876-84bd-4841-978f-3aafb47dc958,86,Female,200,73,No,-1
1b52a357-dd10-4ace-83d7-790d9ab5eaa1,48,Male,24,52,Yes,-1
5fe9bf02-af35-4615-952a-dc51bd3feeb6,48,Female,53,75,No,-1
f21a1884-7a9a-47a4-a89f-9fd0388eef43,18,Female,135,87,No,-1
bc539243-481b-4595-a7b2-19f107658683,85,Female,73,29,No,-1
a2954bd2-a7ba-4711-b5a0-16172beeac64,22,Male,100,50,No,-1
b0c6f227-b0e3-4989-b102-f37f2de5e366,23,Male,57,78,Yes,-1
18e8e4df-0899-4249-bc92-3ce7028b55ce,62,Female,169,5,No,-1
b5121a97-8805-4b68-8153-b46fcf4da7ec,82,Male,102,84,No,-1
d15de9d7-dc98-4418-aa77-d9379dbf219b,42,Female,52,36,No,-1
f7db57ed-aac3-47ca-a120-e38aa7cf5d27,18,Female,104,65,No,-1
741fb135-98b5-465f-a8b1-f6867086b4e0,44,Female,82,64,No,-1
e967ae55-a7eb-49e0-b9b2-b72197474a94,22,Male,58,36,No,-1
1f69ec36-4a26-4544-9a06-28fced34698c,68,Male,91,14,No,-1
ad45a742-ef55-408f-9340-838b27d189b5,21,Female,183,62,No,-1
cc76e68c-07ab-4b9a-8c5a-ef36b167dced,57,Male,106,62,No,-1
5d61a695-3330-4e72-af29-a71a4e93bd6e,20,Female,77,6,No,-1
2a202698-c719-46f1-ba5e-f23838b38b1d,65,Male,147,93,No,-1
4d71c963-84a2-4c6d-9aa5-5b56979504d6,66,Male,118,61,No,-1
87f7baba-4a74-4335-93b6-2f60e1c3e7e6,41,Male,131,25,No,-1
81c3c1df-6fdf-4dc1-a0d7-39ee403ac87d,32,Female,125,38,No,-1
70dfbbeb-11ce-4287-8072-f5168efd8cf7,31,Female,55,14,No,-1
f60abe2b-7de5-429e-9825-ee40c7df026e,39,Male,131,87,No,-1
6d19d5b4-1810-4662-99f2-2238ea49bc89,19,Male,41,7,No,-1
2d991971-7eca-48d7-8849-619839dab49b,36,Male,152,24,No,-1
e308334d-3874-4c39-922b-e4dba3950adc,72,Female,162,30,No,-1
1dc744b1-5eab-40c9-917a-d9d248ab166c,40,Male,65,19,Yes,-1
7a4eb09c-c226-4ecf-b33c-b635f20fed72,47,Male,176,57,No,-1
0a431c09-8b99-4b54-af49-0b8e0e5e6278,50,Male,143,32,No,-1
706dec8e-1f50-4f09-8c09-aacd9318d36a,70,Male,174,58,No,-1
41556274-e07e-4941-8c37-49d7609971af,87,Female,168,32,No,-1
b9801585-b3a0-4f25-a13e-4fb76f1284a8,32,Male,41,21,No,-1
f620a3b6-f567-4b31-b2c6-b756b4052cf6,29,Male,154,93,No,-1
f491811f-88d1-42dc-a1be-57a9b62e48c0,26,Female,41,20,Yes,-1
76779545-0927-4765-8678-5129695ae2c6,89,Male,193,77,No,-1
14f3d551-1e4e-42af-9755-a2e706bbf707,38,Female,58,37,No,-1
15a57edf-4d7b-4886-8024-8eccfeaba34d,29,Female,162,49,No,-1
fdd149b9-98c7-4a41-9b7f-b6944a0f1d9b,89,Female,178,68,No,-1
586fea4d-28d7-4ff7-a783-321dccaae0ce,46,Female,187,89,No,-1
63f7171d-578e-434e-9f63-4d9358a010c3,73,Male,76,36,No,-1
82e2af03-813a-4930-a56e-ac15bbded6fd,33,Male,96,79,No,-1
dfc4e3a8-f3b2-41a0-a8f9-32fc48d928bd,45,Male,92,42,No,-1
ff757194-a476-448d-ab5f-5137d0955f33,73,Female,100,59,No,-1
d1e45d9a-9b50-49ee-8b7d-a7c5b65dbd23,80,Male,60,50,No,-1
f876f8ab-6696-4d96-966a-388b736aae2b,51,Female,68,42,No,-1
dedcfce9-f478-4ffd-92c4-85283d168267,69,Female,42,31,No,-1
51ae93d2-645d-49ac-999c-502de4585c6a,24,Female,188,90,No,-1
c72b0082-76d5-47c0-b30d-bc9de617eff8,20,Female,82,7,No,-1
24f8b9c4-efcf-4789-93ad-6e8119dd7629,36,Male,52,78,No,-1
537e7c65-3a14-4862-9e4a-71578b3615d5,41,Male,179,89,No,-1
0e6a4125-fc48-44d8-be7f-af895b96e7ab,31,Female,86,80,No,-1
146f21b0-b65c-40e0-a973-ee3093cc9960,58,Female,109,75,No,-1
f3c61d51-64a9-4490-95ef-0a0a24fd6b0e,64,Female,142,90,No,-1
18467f4c-7d2f-4e4c-b8c7-0420c30313a8,57,Male,180,78,No,-1
06baf16d-4dd2-43a0-a379-53e30480399b,40,Female,195,10,No,-1
03261e96-76be-4f7d-a0c8-e5d786322002,80,Female,193,95,No,-1
276ed9e5-c64a-4c48-932d-7700bd7a30bd,22,Female,93,85,No,-1
43e3b56b-ece9-429a-9bef-bb3719553a3b,63,Male,181,76,No,-1
847a17d0-0b31-4201-9ccb-19124222a9d1,53,Male,151,55,No,-1
6cf0f7e9-ff6b-4e0d-916d-6d158498cd4d,27,Female,178,39,No,-1
042829b0-d3d6-4f9c-ae3a-d3ce4a109850,22,Male,151,92,No,-1
77ba50fd-1b1d-451b-9fec-0618abbb136d,51,Female,190,48,No,-1
816a274f-f268-449d-b5d5-817a34c86a21,43,Male,151,7,No,-1
93c1fc28-9571-4838-8d0d-9ff659e5a0c8,74,Male,39,7,No,-1
a390cc93-b4ab-49ac-84e6-7cf3b5fbb157,40,Male,142,30,No,-1
95747d95-86ad-4664-9c82-b4dc48b41eab,25,Male,113,58,Yes,-1
ebc3155a-6682-4a97-916a-e8b3e47a8b75,24,Male,177,38,No,-1
cf0e45ce-a44d-40ad-9d08-1913fa2f2db3,53,Male,173,21,No,-1
e998600e-f2c7-44c7-925a-ec803a4e7c51,63,Female,43,65,No,-1
a984d3cf-34b8-4615-81d0-42b9f551bbb6,89,Male,52,97,No,-1
86c7fc6a-9bfc-4d77-bc50-b724595afa25,84,Female,64,51,No,-1
c77e738e-d820-4a2f-81b1-4b46024911b1,28,Female,100,21,No,-1
b0055a70-ce2b-4187-ab08-4a8c649df414,24,Female,56,54,No,-1
01eef235-8c24-458a-979e-fecb66ee18d2,62,Male,40,7,No,-1
5ea2bcaf-c9ed-489d-af47-156df2f74142,41,Male,148,96,No,-1
cb48d163-9f97-4869-adbb-b8d1e352cdf7,50,Male,107,71,No,-1
00fbc6be-c928-4800-bc53-9197be55ca87,18,Male,165,73,No,-1
5124535d-c41d-4fc8-a986-e5ead026ecb4,84,Male,151,7,No,-1
38d91eb5-ead4-487d-a2db-92670199a41a,20,Male,39,44,No,-1
69400dd0-fc10-4cc0-91d3-4f53afb53c87,83,Male,182,21,No,-1
5c5f1ce1-0880-4dea-b341-c6e1ace2ca80,46,Female,145,68,No,-1
d308e15b-011b-4764-812b-f76fd9b7eb72,20,Female,78,33,No,-1
5f794454-b37f-4c7a-a7d3-98b8ac2f2d45,63,Female,191,65,No,-1
9d1abf54-1dd5-49a3-9fbc-aa860c16bd80,75,Male,54,20,No,-1
7417c1c3-b230-4244-bf5b-d32d304fbfdf,33,Female,24,14,No,-1
d9f81479-8c9b-4f96-aa40-832998a0529e,42,Male,64,65,No,-1
a4ba755b-65e2-4436-b5bb-a0a89bd3f156,63,Female,30,81,Yes,-1
a8bcad70-0b0f-4207-a0ca-8d88353b2646,73,Female,171,68,No,-1
20501aba-b3ae-42ab-8076-a57eb0bbd322,71,Female,99,35,No,-1
ffc13f08-2e17-4ad8-b9a0-19a8f71a67cd,67,Female,193,98,No,-1
94422731-7ffe-433a-8695-ab90b5dd07f9,71,Female,124,17,Yes,-1
208222c5-00aa-48ed-81c3-b25c7a60e2a5,78,Male,142,20,No,-1
2d6907fa-7380-425c-8cdb-422e4246bce1,72,Female,166,10,No,-1
11df8fbc-08eb-44ee-90e0-f274b674a4de,82,Female,144,27,No,-1
031c8eff-79af-47d3-8293-cf3e7fb1081e,60,Male,53,70,No,-1
f926339a-08eb-42c2-8c5d-b47e6e540b87,68,Male,173,46,No,-1
11df865a-d1ba-430b-8d35-6b6423198a42,88,Female,188,60,No,-1
7a911220-fc1f-4873-9926-93441a2db0aa,56,Male,63,48,No,-1
4ce4df44-d4d8-4778-ad8f-99ff3e33e3bf,28,Female,193,70,No,-1
c4c3ea9f-8e3c-428b-9cec-75e2c0268250,76,Male,95,1,No,-1
f412a305-d21f-4ea7-96cc-0f58a3a6b4ab,82,Male,159,65,No,-1
522fd426-640c-435a-a579-b572c687222f,34,Male,64,36,No,-1
c3788633-4bec-4301-a930-d275020dfb00,57,Female,115,45,No,-1
b02baf45-375f-48f6-b4f0-f5da5d0cd1f5,45,Female,67,8,No,-1
809df492-a2fe-4ca9-b678-ce79348cc437,53,Male,174,21,No,-1
2db4717d-aca2-49da-aaf4-45c1c90d44ae,38,Female,82,25,No,-1
64d77b6c-a145-4189-8d39-b376e842c06f,38,Male,99,87,No,-1
dd07aad7-7db1-4d99-bdb4-9f5dd2da4199,56,Female,173,93,No,-1
e38dc9f0-4a82-4d82-aac2-53f41a7da26d,76,Male,165,23,No,-1
67487786-7a71-4673-bbbd-fda3e4391140,39,Female,42,4,No,-1
df8a4477-422f-45c3-a97b-d17c152d3611,71,Female,30,33,No,-1
e452c0aa-f503-4971-8943-14f1bd6f8389,22,Male,50,76,No,-1
77b2a0f0-e023-41ac-92d8-f9513ca67e22,72,Male,127,20,Yes,-1
b96b1e12-d4c9-4ca7-a344-c27fc618aa50,64,Male,191,56,No,-1
c3ebef17-220a-4379-b647-3ac8a7041422,51,Female,185,80,No,-1
09462cb9-90e2-4d48-b0ca-05881bee4386,28,Female,198,23,No,-1
873d747a-45e8-4f86-8c9f-bb8b4aea609f,74,Female,50,69,No,-1
a227b6aa-1057-4286-b2e1-855181b11fc3,64,Male,99,28,No,-1
6f7467ae-6245-45a6-b05c-dc131bbcaf7c,53,Male,164,91,No,-1
05fbd97e-977d-4e4c-9a02-4d03bb785303,38,Male,163,2,No,-1
fb8b0e8d-4a6a-41c7-9a3b-1cfddef692eb,67,Female,64,17,Yes,-1
033fc9c9-c6ba-4f73-90c3-7e067186509e,47,Female,150,9,No,-1
4f97a661-6c18-4852-9dac-e2cee70c8d5f,38,Male,65,24,Yes,-1
1d86cec9-fd5c-4b2c-9eea-31a4c142002d,90,Male,59,73,No,-1
806f1bff-3882-4776-aee7-4befc0dbde01,85,Male,109,76,No,-1
73295c89-2527-4320-b21c-70038b38560f,33,Female,159,76,No,-1
ee667545-6216-4af5-85af-3b941291b179,79,Male,42,20,No,-1
b5d186ea-0c63-4090-977c-4a25f838a02c,55,Male,140,98,No,-1
0cbe0e5a-63a9-4ff7-920f-c12a7297b148,30,Female,150,5,No,-1
8be9f117-3a3d-405c-906e-573710837cc5,85,Female,68,23,No,-1
c0354d98-8ea7-4df0-a557-8e55611ae328,87,Female,178,68,No,-1
1799217c-bcd9-4ce6-a8f2-5f09ce97733f,45,Male,89,75,No,-1
6b6b758c-4af9-4c34-b816-6497713abe45,59,Female,158,28,No,-1
4d11a977-e2a6-44fd-b8aa-15c6badcbe22,87,Female,154,88,No,-1
2db19488-22a6-4128-8364-fb8db688ca9e,78,Female,67,17,No,-1
eff423f7-3e57-41fd-90a3-76eda474d261,56,Male,190,100,No,-1
99d312f7-dfef-4245-9bbf-61e7e0586fb8,64,Female,46,99,No,-1
22c7fba7-0e7b-4c56-82aa-4418c6feff7a,54,Male,67,91,No,-1
ef9f49db-90e6-43b2-a9a2-d04ecbe8a58e,43,Female,108,51,Yes,-1
efca7f6e-ae4b-4f27-bac0-7598415fa205,38,Male,98,85,No,-1
6c7609c0-d3a8-4611-b770-52bd0660a771,27,Male,26,22,Yes,-1
058f8560-c59b-4cf6-ad7f-2027132f75d4,81,Male,76,30,No,-1
15b19010-b9c7-4123-be62-777d5709cbc6,42,Female,48,4,No,-1
466b83bb-7f83-4081-a64a-cc9cfe7877a6,31,Male,74,56,No,-1
1798ea9b-800a-46ff-8b38-ab284c55461d,88,Male,47,18,No,-1
8fc26311-b125-4883-9f29-55861cbfa076,20,Female,146,23,No,-1
63f0354f-0e23-4a9c-bfae-6abcb97ce0ba,69,Male,54,52,No,-1
bd0d4304-1e5a-44ee-a3ba-482fe2818844,75,Female,168,44,No,-1
b707e412-2cf1-4fee-9621-4dd5f770f84f,38,Male,148,76,No,-1
c803369c-a506-4296-b4a7-82aa0afd70da,22,Female,127,41,No,-1
1adddcd4-0215-4b12-b804-5ea9387d9bc7,71,Female,70,94,No,-1
30296819-1eff-4bc1-bdd3-b69a01710a84,56,Male,116,67,No,-1
7522e721-c4f3-42dd-8e1b-6c7d6724ecef,54,Male,108,64,No,-1
527bf3e1-1683-4ad5-a9bf-f812e981bd0f,52,Female,100,53,No,-1
0a94cabf-c701-4749-a7ef-ab1807127fce,82,Female,167,39,No,-1
fa34eaef-9427-4eba-94b6-5b76641e87ca,52,Male,150,33,No,-1
0ee8ae85-ed8b-4cc6-ad00-102a382c5ed8,22,Female,59,49,Yes,-1
06be8b81-caeb-4396-ba50-db96f27af048,76,Female,185,79,No,-1
a0712171-e3b1-4cb4-8086-cd1b9944024f,65,Male,92,75,No,-1
0d18be3f-b0b0-4a66-9965-a30fe83c25c6,27,Male,45,41,No,-1
0c3e0732-0a70-4e7e-afcb-613755fc4d3b,90,Female,147,8,No,-1
3a095516-9b42-4e19-99ee-3be8a0c099e5,30,Male,156,96,No,-1
0b1937ff-7a80-4918-94d4-33e1a851cd0c,23,Female,138,11,No,-1
06bfdb6c-122a-46a2-9864-4b93ade5f8da,40,Male,50,45,No,-1
509ccfd8-2b03-4876-9825-a9ebf8db2a4b,57,Male,81,72,No,-1
14119680-452a-450a-988c-c75ab64269c6,28,Male,159,77,No,-1
654fcb47-da24-43be-bbe8-6037e1b1d78c,79,Female,152,99,No,-1
ab2c4cb4-14b7-44f1-ac7a-bf6227933bab,61,Male,184,53,No,-1
d64603f6-1551-45f3-93a4-330d42b5e7da,50,Male,141,19,No,-1
2cf876f6-acbd-4d8e-b64d-ae5e8c01d983,72,Female,135,100,No,-1
c2caf48d-9a66-4209-8e6f-4aeeac616093,82,Male,163,85,No,-1
1d75fcbd-b16b-4134-8acc-6f761f0d9b13,43,Male,43,12,No,-1
5e646178-b8e1-4f91-9cee-dea4e021dc6c,60,Female,157,85,No,-1
e4e97cb4-070f-4c05-b166-35bcab68393d,18,Female,54,85,No,-1
6a962854-8be7-4691-b27c-3a2b862d001d,26,Female,59,26,Yes,-1
d391de3e-72a5-4485-949a-5e38f044baa5,28,Female,46,74,No,-1
9cb017ae-aac2-4b4b-af19-ed16c4c9700e,27,Male,141,26,No,-1
31de57e0-6af9-4637-8fd8-9165a2805a74,89,Male,92,20,No,-1
384eddd2-9613-4314-840c-b53810d39fab,70,Female,123,31,No,-1
1f084064-9ada-4dc7-84df-b174e53f241b,58,Female,36,4,No,-1
47e121f2-cf61-4996-8e4c-e359a35a3be7,81,Male,80,2,No,-1
e932d72d-ef0d-4097-a657-cc1a140dfcfd,90,Female,142,80,No,-1
4c43f4b3-6926-4921-859c-c538458d77a2,39,Male,131,96,No,-1
ae8d5035-34e9-4ec6-aaef-3d1088b10e5b,18,Male,60,12,No,-1
f87301cf-0d93-489f-a148-8e23cddb1000,55,Female,188,7,No,-1
310c67f2-dd51-4a7f-9b79-2385f4a6945d,60,Male,64,43,Yes,-1
9e6cf5b2-a8a2-462d-9df5-39d17c0e4f06,66,Female,119,24,Yes,-1
6f7e4669-feab-4a02-b4a1-e8c21f58b612,86,Female,51,94,No,-1
e4d67c3e-c7b9-48a6-9939-6cd53572ee26,28,Male,186,22,No,-1
0b3ba10d-3727-4a93-9e13-71544feb94ac,27,Male,122,19,Yes,-1
fe3f1006-57b2-4898-bf07-f51e98218f45,83,Male,100,26,No,-1
9cf8b907-4f12-409d-aa88-64e73ec89734,52,Male,180,73,No,-1
8e8f6ff5-8687-4966-9427-0906913b2402,67,Male,97,8,No,-1
3b608a83-bc5b-4104-b823-962da4308c6a,30,Male,167,10,No,-1
cee67697-91b1-4c64-b079-da273e67a4f9,61,Female,129,23,Yes,-1
61bc5e7a-bf42-46a8-8c92-742c46b165c6,73,Male,27,47,Yes,-1
f2b9c62a-1fe1-4d3b-8afd-c02e953c1f88,44,Female,53,5,No,-1
f8822a98-60a9-4ad5-8b27-6a27ccdff977,83,Female,175,41,No,-1
c96b1097-a2a2-4906-be79-c669b1636587,79,Male,154,9,No,-1
2b93f8a7-e43f-4791-9b9b-a9754cafe8f7,65,Male,80,12,No,-1
a643e947-6f26-4a9e-b03a-1aa818ac1a0e,29,Male,173,51,No,-1
d7d60bca-203f-4a7e-87e3-b24e0f324a71,76,Female,177,36,No,-1
d45af7fe-6fc3-4a66-85b4-4db65622157b,83,Male,27,54,No,-1
33ddceb2-2c88-4079-8acb-8082b4fa8314,35,Male,144,50,No,-1
913dcb13-380f-4ca3-b819-cc68f898b5d6,68,Male,58,46,Yes,-1
01095e70-9002-4387-95c8-d7b93e24b091,78,Female,36,2,No,-1
fb437d24-36b5-4a6f-a53d-788624c9163a,73,Female,192,70,No,-1
8d1654ec-a258-4e8d-a741-2b2ad01813ae,87,Female,98,76,No,-1
9be8c9c1-e453-441e-9293-62b47d09bfb6,71,Male,195,73,No,-1
d7dfe310-508a-47ec-a135-e82cc2d3bba3,19,Male,135,82,No,-1
f184e4b2-914b-449a-b597-53f98eaf5de0,66,Female,164,3,No,-1
27efb71a-931b-41da-bef8-cf9da81fb306,31,Male,42,23,No,-1
47fa60d5-910f-4b56-bec1-47dd042b56f7,74,Female,137,26,No,-1
f0222ece-3863-4c15-b69c-082b2557e852,29,Male,26,22,Yes,-1
0e0efad1-5aa2-430a-9060-5b22f561cad0,88,Female,187,6,No,-1
9a56f5c9-e48b-457b-8770-6133ec0345cb,50,Female,172,47,No,-1
1f0f0bec-a92a-4964-bf84-474598087fb2,80,Female,63,84,No,-1
786514c9-9676-4bc7-a9d1-95a6e7988c0f,85,Female,93,85,No,-1
50867e50-56b3-4760-b566-e8b121134a40,24,Female,122,16,Yes,-1
484f4a19-6532-4bb5-b4f2-ec029d4dc0b9,83,Female,107,70,No,-1
8068c05a-7854-479c-b7b7-e084195e38c4,69,Male,82,1,No,-1
5ea17bb0-1202-4f6e-ac77-69edde6b4b50,78,Male,148,30,No,-1
ccd900fd-72d6-4b7c-ac03-b613ecb672cb,19,Female,166,90,No,-1
33929683-6cf1-4d45-bf96-078d58def415,47,Male,86,87,No,-1
3530f314-3a8a-4453-a891-d7e2f540b5f1,62,Female,166,72,No,-1
615ac726-a21c-4f05-b81f-0006e84a95e3,71,Male,89,19,No,-1
44cc2c16-696c-4b96-8d84-945a9c150a10,58,Male,39,96,No,-1
14445f53-8b41-477b-b858-53a1ec203fb0,45,Male,114,3,No,-1
da1ea379-a3f3-446d-bc45-0f35ddea5e7e,31,Female,198,73,No,-1
d514510f-e125-4b95-9ec7-3e7051f4eaee,64,Female,192,76,No,-1
c0d9811e-3708-484c-bae4-6b06018fb21d,79,Female,192,74,No,-1
96795d0e-c83b-494e-b6f1-cd27b1c173df,19,Male,51,84,No,-1
f533812e-0e27-46c5-86f3-842057b20cf9,25,Female,41,23,Yes,-1
98677ac2-ba83-435a-b999-e6345409ae7c,57,Male,157,36,No,-1
3324470a-9b99-492b-a2df-cfadebcf88cf,33,Male,36,7,No,-1
66011427-5e14-4038-85bc-ab78d5b06348,79,Female,40,45,No,-1
2c7c8151-ffb1-4524-9c2d-46f3b1610127,86,Female,169,27,No,-1
43ef0248-1474-4a6d-872b-73c98937cd1d,73,Female,189,42,No,-1
ccd3f451-3ee3-46ef-87be-06465e59149e,51,Female,194,49,No,-1
e63a3277-ca21-409e-9055-7363ca27e7c1,59,Female,42,30,No,-1
860d6a64-2a95-4271-bd6c-d73395282e98,23,Male,183,81,No,-1
79cef024-eaee-4ae7-904c-060eaa4e0e6b,69,Male,153,23,No,-1
207aab04-5ea2-490b-85f9-9855cf35ecd5,27,Female,151,29,No,-1
3f8c8c91-5459-4dfc-be7d-ddb6ae8354b6,85,Male,111,84,No,-1
e43f41b6-a286-4264-82fe-b33c5c588046,86,Female,37,5,No,-1
30f139c7-d6c3-488c-a290-00cce495057d,76,Male,157,73,No,-1
00cb5c12-ae4c-4dcc-8360-1e542188151e,54,Female,184,35,No,-1
37473411-5bb7-4b4a-bb3d-12fe62fb7856,58,Male,101,70,No,-1
8479af27-362f-471a-b0dc-c6d8877aa719,81,Female,46,73,No,-1
96ad38ef-7ddd-42eb-bb1a-3d4d88b43906,50,Female,85,32,No,-1
c98acc04-66a5-453f-a402-ffa6f0c06ff2,46,Male,92,80,No,-1
9607c24a-9660-4b0e-b302-eb3ad41a2d0b,34,Male,58,31,No,-1
cad1455c-2605-4777-8463-8e691c21e9b4,54,Male,197,55,No,-1
7b6c5106-6ea5-4912-8788-a70ab17fbbbe,81,Male,184,21,No,-1
cb66338e-a2c1-4755-b793-f4f956f1e817,53,Male,180,16,No,-1
846b6bd1-e498-4d4b-a565-96be0cfbab13,43,Male,108,43,No,-1
c431c8bc-317a-44f6-a4f1-19a174706379,49,Female,172,10,No,-1
7b9bd552-7eb1-48e5-bd21-22ef56f0f61a,88,Female,137,55,No,-1
07ddaaf3-6127-4127-a9c9-e80e563ff80e,24,Male,106,65,No,-1
cb045f13-ce5f-4dd7-8edb-265f68fe4e99,81,Male,50,38,No,-1
9bc7d3fe-b81f-4d23-9229-58e11a5110da,89,Female,122,38,No,-1
c4e2cdfb-0c74-46f3-bcfb-45683f9e5856,34,Female,55,38,No,-1
060419cd-1ba8-4b69-946a-8e42f663a422,38,Male,158,31,No,-1
39699c09-7b26-4fcc-85f0-efeed280693e,57,Male,191,93,No,-1
692ba44c-aed2-4ea9-99cb-ce1c4dd3d31c,46,Male,170,22,No,-1
6c34133f-4e2f-4b9b-a1c6-5e1b99ec6c62,68,Male,133,90,No,-1
cc72a070-5e48-4751-8ec0-a3443b567fc4,23,Male,76,1,No,-1
63ae41a7-8750-41d9-8b03-9df7a5ba3edd,28,Female,138,53,No,-1
6dcc3b9b-004c-4742-bccf-4f602d4c4fe3,19,Male,148,76,No,-1
d6f8a9d1-6001-471d-bf47-101647219e25,67,Male,126,75,Yes,-1
6a60540c-b02e-432e-ad6b-217510e3dc16,28,Female,152,27,No,-1
6b3b88f0-fc0d-4d0e-97fd-eaee454efcfd,24,Male,44,98,No,-1
72893b53-3028-4ddc-82c6-10abe1d82a62,65,Male,108,3,No,-1
6f694fec-c998-47bd-a171-ffba93af6e47,53,Female,52,46,No,-1
4e987633-3228-4cf9-b64a-e7ec3a1e8ffc,72,Male,186,81,No,-1
f5c9d0ed-4c11-4b3a-b0fe-9d3f14b4a6b2,25,Female,154,82,No,-1
50dbc0ab-0885-4450-960b-a6e035424807,67,Female,23,24,Yes,-1
fd86bcbc-df4d-4c2e-b651-e5cd6039b5ad,18,Male,171,20,No,-1
cfb22922-3508-4142-9cee-ed29b06655d3,68,Female,106,47,No,-1
eac88d75-7dab-41d4-b79a-91abc913b888,62,Female,34,13,Yes,-1
e64d7fb3-e96b-4917-8118-e5e9b86469c9,57,Male,200,83,No,-1
5886294a-f4bd-4740-8b83-951ecbaf7c8a,89,Male,149,10,No,-1
b5a6c7a0-ec13-41f1-ad69-77ffe77f3a03,69,Female,43,79,Yes,-1
2233ba54-0007-424c-b985-b3c23c9722b4,84,Male,112,32,No,-1
a19abfc5-b6e4-44e4-be16-8bcaf75a97a8,22,Male,74,61,No,-1
d0c5c002-bb60-4bc9-abc2-944b83d5faa9,74,Female,51,12,No,-1
a8cf8516-7bad-4e39-bed2-1bdce67c3d4b,46,Male,169,62,No,-1
ac09242a-6ac9-4f41-91a3-993cace81709,87,Male,182,97,No,-1
3c39b2e5-bedf-40f0-9bd2-fd4f3730b94b,24,Female,93,78,No,-1
f8896814-e82d-4f0d-a0a9-104fbdc9dd6e,41,Male,88,34,No,-1
a9af4d57-ea04-4b7c-8eb7-65feca24ab9a,61,Male,160,49,No,-1
0b95d3d5-ad67-4ee9-8329-00a0d7c5bad6,69,Female,58,27,No,-1
e94366f6-40a4-4a28-acf0-294d9ab7a4eb,62,Female,68,57,Yes,-1
75d9f418-4ffc-4a63-91e2-411b3f5d0f41,80,Male,178,19,No,-1
3b607ec3-17d5-4aad-b47e-53f028234bb3,75,Male,83,7,No,-1
a9c7795f-1b27-4f01-9187-10b07ebcf3cc,64,Female,45,6,No,-1
329236e8-66d5-42a7-9c25-99b6fee55ceb,76,Female,25,98,No,-1
bae23619-4fc4-4407-a833-38e4b9dc0b91,27,Female,187,56,No,-1
5f898942-1687-4d1c-9848-8c4c2ab8967c,51,Female,55,15,No,-1
31d37c97-6679-4039-97d7-441e18bd1c04,47,Male,170,85,No,-1
0b4a287c-7fec-419f-9ec0-ebc0f89dfe18,61,Female,77,25,Yes,-1
c7722841-d9fd-4a19-aaf3-7c6994d7c458,53,Female,188,85,No,-1
cba99c8e-4058-4282-b8dd-121829e0347d,85,Male,180,37,No,-1
a6e007f3-e435-40a8-8c23-e04930e6a764,53,Female,83,28,No,-1
800ceb7a-402c-4295-a2ad-a0450b4c208e,71,Female,111,45,No,-1
947f329a-ed41-48aa-9865-28c6bfcc4452,29,Male,73,86,Yes,-1
35c18858-ee6a-44f4-a476-765b36014214,45,Male,59,42,No,-1
8138a3df-ae6d-4357-8d3d-90bc71d70b37,18,Female,94,67,No,-1
8c3f3528-1415-4602-889f-c4619cb7b685,74,Male,149,31,No,-1
e3dff245-ae35-443e-8653-fb771d685630,18,Male,116,36,No,-1
04c6e0d5-6548-4fd9-a70d-2407ee4bc978,25,Female,131,22,Yes,-1
c363cb88-a0a7-41da-969f-cfbf83f0e1ea,72,Male,45,79,No,-1
6388a6d4-6d01-48c2-b221-9678d737f7a2,25,Female,74,63,No,-1
9d5c6304-6918-4501-8307-f4f174f7485b,86,Female,53,31,No,-1
79c31165-636d-4845-a441-086226a9379d,40,Female,35,71,No,-1
a03d3752-83a5-466f-876f-faf379f63f6c,35,Male,36,5,No,-1
2c381351-e8d4-46f9-b57c-59ce283633d7,41,Male,107,50,Yes,-1
806b9e16-a803-4318-8b83-badb390c1c85,56,Female,109,88,No,-1
dd87a5ca-8cb8-4b7d-8449-08651fa290ee,73,Male,51,68,No,-1
06f5fd64-b0bc-48ab-bcc5-20c4be2ad699,38,Female,51,31,No,-1
c8fd5fb1-12c1-42a3-8b5c-34d7aedf4ca9,51,Female,79,68,No,-1
c30c4990-c56f-4076-b153-06ecec36ea56,80,Female,33,80,No,-1
52b21c1f-a933-4b4b-9ed3-7ae945ab5000,47,Female,26,18,Yes,-1
8c16ed81-f74e-4e3b-b895-4d3e127b678b,67,Female,178,58,No,-1
3e9e277b-c421-4935-9e53-f13a7d6d9d53,30,Female,42,28,No,-1
967ea0da-0814-44f6-9355-1313ec1fbd80,89,Male,23,57,No,-1
379a41ca-1c17-4048-9bdd-2d0caa9eb5dc,66,Female,191,50,No,-1
7cf8a4c4-0b27-4870-b57e-ca66d57e047f,60,Female,101,39,No,-1
8fee28ce-228f-4969-8e53-12d18638c5f7,29,Male,180,65,No,-1
4d79434f-22c7-4416-b2a1-927fc2a1a7a6,85,Female,155,19,No,-1
f264c939-60ff-48b6-93bb-ba1291bf5cb1,61,Male,98,64,No,-1
bf096fc0-3c8d-4db2-b51d-0358073d0692,63,Male,107,62,No,-1
9f94390c-111b-4676-9ba4-146b507e892f,72,Male,136,54,No,-1
79dbe975-6d02-4295-bddd-d8b6a3f468dd,56,Female,179,78,No,-1
6b91c384-8dac-48c1-9b67-806e19e915b6,20,Male,103,43,No,-1
9f4d2acc-2601-4a41-9f02-1f07b139fde2,34,Male,184,56,No,-1
716aad79-734c-40c8-a16a-3bcf8f0f151a,69,Female,93,53,No,-1
2decc2f0-a74b-4d16-9d7c-9c31e4dc8d1a,51,Female,132,59,No,-1
03c16b06-269c-45d6-894c-0cee4ddd1149,55,Male,56,29,No,-1
b62876c3-9b84-4b73-9ed0-1dfac40ed9e2,41,Male,44,40,No,-1
50496d91-6d69-499a-ba2b-00cb9dcd40df,78,Male,186,8,No,-1
e660c44e-ec22-468c-b8a4-96bb6e379210,36,Female,116,42,No,-1
8fba8ab6-2ce7-4327-bd06-031e4e9186cc,32,Female,160,60,No,-1
efdf7bf9-ecee-49f3-a83a-54436e2de57a,24,Male,81,69,No,-1
e96ed60b-be1e-4420-949b-fc4a04d2c708,79,Female,165,61,No,-1
4f139c4d-6cb0-4359-905f-9266ba4506bd,85,Male,44,8,No,-1
8c30d00d-ed19-434b-9da4-8fc0a8b35207,56,Female,21,30,No,-1
b73c678f-f2ea-41c8-b360-7f7e8954ca46,78,Female,144,69,No,-1
3f423447-b862-4277-94c5-91c66e351040,44,Female,177,22,No,-1
8a315f43-5f37-4d48-84fb-6e56578a6163,20,Female,60,75,Yes,-1
d3075d66-78fa-44c6-806f-30a27d96627e,35,Female,74,65,No,-1
51ab3515-78dc-436d-a2f4-8bec357f194e,35,Male,178,4,No,-1
252e5aae-33e2-43bd-b525-f749b63cbc67,39,Female,71,98,No,-1
15fa5856-2bd4-40c3-8569-bab6692e4127,75,Male,186,49,No,-1
e5d9c9e8-a761-4c93-99a5-77e31cd529fb,55,Female,161,37,No,-1
daf56d0e-b063-48ae-aaa5-b565c65e1fce,81,Male,65,44,No,-1
a11c9f57-115b-472f-81ef-76b29acd8659,75,Male,29,24,No,-1
782952fd-c842-43d6-b27d-4297b2aa575b,86,Male,131,31,No,-1
5b54d3c4-d303-4639-9bcf-e2f4070be0c1,64,Female,189,51,No,-1
cd92e7e0-e4a0-4419-a136-7956aefeb090,66,Female,167,60,No,-1
dd1ccbfd-8d1d-4a5d-97f5-67d69657f178,75,Female,155,24,No,-1
cd08db21-0853-4480-80e1-854de7edb6f1,41,Male,40,14,No,-1
3d76b885-8690-4843-bd07-40a66aa2899e,81,Male,178,19,No,-1
0df15e08-ad7a-4f82-b2e8-5d6b5f0e6939,80,Female,165,53,No,-1
cf9b32a8-e28d-4149-8cfc-5968b8862d85,26,Female,55,33,No,-1
2b52288b-5128-45a6-a9fd-a1ad3512e7e6,36,Male,103,16,No,-1
a5a9bcb6-6267-4961-8b18-0a4e158b5c2c,63,Female,52,100,No,-1
5d893c3f-fdc3-400a-ac58-a7ebccbf0bad,77,Male,131,58,No,-1
5e7cf8bf-2217-431e-bf85-4ee3c8cbbb9d,77,Female,87,41,No,-1
59a7f965-0c32-4060-b799-ad5b00cf5925,55,Female,192,86,No,-1
708f3330-2a3e-4567-949b-d7722d483750,38,Female,187,71,No,-1
6d9b7dc6-7644-4703-afab-dd8df94e9ebc,84,Male,196,75,No,-1
b42c4339-65ab-4e6e-9c0b-340b48bacb69,20,Female,200,99,No,-1
8d2b4b76-7daf-4926-ba86-08a38c7843a4,47,Male,72,53,Yes,-1
9142de98-a34e-4200-8151-89ecddd31fda,55,Male,160,47,No,-1
c10badfd-32e3-4ad9-9fd5-a161a00068c1,65,Male,182,91,No,-1
51ed4a68-667a-4401-b40e-e8b03ba4d4e0,90,Male,138,23,No,-1
62d5b6bd-2422-4c45-9f07-1e0425648db3,79,Male,174,85,No,-1
ae87f0cf-97e4-411f-9ba5-494ac941cceb,62,Male,134,80,No,-1
c6dea07f-2a46-44ea-9f3b-d4a794d5b7af,86,Male,29,79,No,-1
53fc3323-e577-4db2-bc12-f98fa00a2373,53,Female,167,94,No,-1
12aa3740-3af3-43b7-99a1-169b0446e869,55,Female,183,87,No,-1
13ce2082-19aa-4a93-8af3-14a03b00a851,78,Male,74,100,No,-1
4578bbe1-79f5-4988-bf7d-b6e1a4138f39,58,Female,65,50,No,-1
13d18fef-2d2c-4133-81af-0e0a9d2adc09,28,Male,78,52,Yes,-1
0d25443a-d357-41b3-ad0e-b31b342179fe,50,Male,43,26,No,-1
16b099fd-7d2a-48bb-a0ca-0268ed2feec0,80,Male,193,66,No,-1
a1216efe-624c-4c35-91af-5d166c2d3b7d,38,Male,40,31,No,-1
ce718be0-f8c0-4099-8d68-3285504027d0,37,Female,75,37,No,-1
92503030-6249-4f1e-a47b-8c92eddf1fe1,53,Female,179,18,No,-1
cc23f574-e2e1-4f05-b3b5-1ecfb1e1a4d6,52,Female,169,2,No,-1
4b2e4dd2-6a1b-4e87-b8fc-54d09d22c470,61,Female,104,25,No,-1
3183a51d-25c0-42a3-9329-10b29d9f971b,43,Male,44,26,No,-1
89e9de5e-cc1d-4076-94e9-d95d76a8f52e,47,Male,56,73,No,-1
d71ea899-591b-41b4-b24e-7ee6ff29a372,24,Male,138,27,No,-1
255d96ff-4dee-412b-a422-40c0e0d5caeb,54,Male,185,44,No,-1
7ecca2da-7764-4d90-917c-b39aeda5b41e,65,Female,121,15,Yes,-1
e0ca63c2-6d27-4235-8e5a-4a0481d0da75,54,Female,158,68,No,-1
4c3b772e-1fe3-4527-820b-2c0a819f099d,87,Male,185,43,No,-1
6d5990a7-6aef-461d-af1b-3a383f890dea,90,Female,146,87,No,-1
434119a9-1eb8-4c03-9853-a9348c487f22,76,Male,191,58,No,-1
a038972d-7e39-40ce-80ff-a2432588ea22,86,Male,62,22,No,-1
51a5dca9-8a41-42cf-bba2-31eccf9de22b,25,Female,31,4,No,-1
88b40cc4-8a5d-4dfb-8b5b-1d819decbdcc,45,Male,104,39,No,-1
ec3666bc-2c8c-42fd-b135-0bb40f3842d4,21,Female,111,4,No,-1
b6ab80fb-1a9a-4d50-9bac-2dc8b3ee4a42,68,Female,71,53,Yes,-1
658fe65e-7616-4742-857a-301d74bf3c4f,64,Female,33,6,No,-1
4f1707b7-b33c-472f-954f-4b0940e5b6f0,90,Male,53,88,No,-1
631ef345-b22a-4e58-87a3-702f348ba6b4,72,Female,155,96,No,-1
45e539d5-4ae0-46c3-ac32-89e060defd04,54,Female,189,22,No,-1
f6c4306a-5948-4202-b525-c9074ac85767,38,Female,30,38,No,-1
0028110a-4995-4d08-a78f-f30a301a1c56,68,Female,187,70,No,-1
5b57d495-93dc-4500-b030-75f72433ce48,26,Female,162,27,No,-1
e4419ebc-0781-45df-859a-e2f28a4b3d9b,83,Female,182,94,No,-1
fd2108d7-c75f-4dd1-b116-c6c1d73eea43,29,Male,167,67,No,-1
3c3905e6-dec0-4ab5-b658-5091055356dc,22,Female,127,27,Yes,-1
f30c2da4-038f-4dc8-af71-ef10749afb2d,66,Female,46,100,No,-1
6bcfe491-486c-458f-a607-720a153e61a3,60,Female,170,22,No,-1
924fd9a6-6adc-4ac6-b3cb-8d027d478f72,74,Male,49,32,No,-1
dac652a3-d852-4490-90f4-f0682d49c176,36,Female,145,95,No,-1
138fbb19-6340-4f43-86cc-6af3ac20c777,83,Male,108,20,No,-1
c70ad9a5-3a6a-4e5e-b6eb-fa0519780b30,69,Male,35,74,Yes,-1
396744de-3f99-41e1-8c41-fd0fa0ffbbec,81,Male,105,73,No,-1
47885f5c-ed98-4821-a5ed-f048ff15b041,34,Female,80,13,No,-1
ea1490f4-fd8f-4c73-ba5f-7dee0e43558e,43,Male,198,8,No,-1
d28a62f0-8191-4a9a-bbec-5dce67274f56,23,Male,39,3,No,-1
bccb2803-60e0-479b-a3a5-9eea23818925,47,Female,69,57,Yes,-1
7c312701-0da4-4dda-859e-83fb867f455d,86,Male,183,66,No,-1
20994479-4bac-4e9e-9072-18e97a6e633f,65,Female,168,17,No,-1
b8df6590-5d06-472d-9e5b-221c39c7661a,56,Male,98,1,No,-1
f7171d12-39a0-4f85-85b8-741e817ad3ad,32,Female,69,10,No,-1
a38cb7ba-8a7a-4ac8-b439-a243efe7d3d4,79,Male,63,53,No,-1
7e946a29-f4bd-433b-a17b-9d77b64f2f82,42,Female,32,12,Yes,-1
be081c97-c7c8-4f5b-a141-7fe5d371f334,44,Male,175,94,No,-1
ec1fee36-fe86-4bdb-9403-bd15bea4f96c,71,Male,35,20,Yes,-1
6f2fd281-eb91-4109-94c6-931544698d00,82,Male,173,92,No,-1
f6d6572e-098d-4ad7-85aa-99036f2714b2,21,Male,143,14,No,-1
c61f2429-61a4-4281-8502-204597c3620b,64,Male,38,78,Yes,-1
51771a3f-3f94-425b-b0d1-afbbd27211ee,18,Female,98,21,No,-1
ff6bfb40-4a13-40e4-a2f2-e296ce1cad8d,69,Male,157,42,No,-1
79c07c94-9725-4811-b027-77ee9ce44093,59,Male,96,77,No,-1
8ad00fab-44ed-4461-b8ff-8777a41410d4,70,Female,197,21,No,-1
f1a0cf90-d927-4496-b218-9cbfbefce691,59,Male,193,54,No,-1
8a85e153-4845-48c3-8758-b02f09cbb6cd,21,Female,187,84,No,-1
f6e5722e-39ca-465e-8cf1-c1fd5242ce94,39,Male,151,23,No,-1
7786ec3a-be94-4b99-a926-645f8e6927d6,70,Male,72,29,No,-1
5c1fee0c-5ef9-4466-b65e-137057af3d79,29,Female,197,54,No,-1
61aefae2-e014-44e9-83d3-528b54882277,55,Female,46,35,No,-1
9dbe1ae5-c7ee-48f1-84f8-8dfb1d28f235,34,Female,43,37,No,-1
8594429b-9ea3-4ce7-8efd-9774af1dbe36,53,Male,150,4,No,-1
595b74fc-ad81-47af-ab7d-27d737aada0f,49,Female,65,42,Yes,-1
866dc8b7-789a-4eec-a223-12b3c873063c,76,Male,20,52,No,-1
682f9ae8-f019-46da-8df9-35b410fc7e4c,29,Male,50,94,No,-1
835e94a6-8393-4584-adf1-db855480164a,34,Male,58,23,No,-1
3a627b86-dcc1-4ccd-9cf9-a2739fcd4dc0,58,Male,97,81,No,-1
b63330ed-abd8-4a02-8b00-cc9d71e6b051,78,Female,64,36,No,-1
e9647628-6c83-4a16-afa1-58e533a3c956,25,Female,53,19,No,-1
09d2b7d8-2607-46fc-a1c7-7cc6fb44a384,18,Male,103,48,No,-1
9f047332-6867-47c7-a5fe-e93b863fde20,70,Male,134,55,No,-1
a7e4a7bd-3828-4205-85eb-b0c2f4fdfc98,21,Female,130,50,Yes,-1
c9466733-4b5e-4f8f-b60b-9f7cca646b43,53,Male,177,22,No,-1
0c91698a-bac6-4394-a808-7ca36ec0579b,21,Male,165,91,No,-1
71e2c63b-d55a-4612-9af5-c409fe2bd1eb,78,Male,144,90,No,-1
dafb3207-2217-4187-beaf-72a57a383d13,35,Female,199,33,No,-1
78c3d25e-c407-461b-bc11-67e37d9da3a5,69,Female,196,57,No,-1
60065ed8-4433-4808-a5c5-b42c427ae04b,55,Male,44,20,No,-1
fc497d59-156f-4694-badd-35ed0f66c347,45,Female,129,33,No,-1
52f78ebe-aa4a-4623-99bb-6126005147df,23,Male,180,38,No,-1
7961fb24-2bf2-40fa-8c3f-ec8b2fbde298,39,Male,30,44,Yes,-1
4e94fed7-f8c8-420d-b7cb-97086ca36e2f,85,Male,134,17,No,-1
782c6407-a386-4b7f-8f1d-15de1d489e08,22,Male,21,22,Yes,-1
2d65b967-f41c-41ad-97ca-84980f492285,34,Female,82,12,No,-1
593ac408-4f3e-4da3-a96b-ee0bf85d0195,47,Female,26,38,No,-1
1c1b75c0-5895-4967-9309-75445bca4ac6,62,Female,77,53,Yes,-1
e3e8b57d-9e45-4af5-a620-c3d2c3ca2794,54,Male,43,16,No,-1
9aecd23f-68cd-4bf2-9f7a-8a500619ad01,54,Female,177,53,No,-1
731f239c-0b93-4383-a0c0-ca740ae7d908,29,Female,153,50,No,-1
1ea2d962-9c03-4bcd-8a64-815de7554ff6,75,Female,80,1,No,-1
c5a87959-fddd-47e5-ab47-c3e69481c523,50,Female,104,25,No,-1
40060d5e-ef44-41cb-99c9-b71d3d21c37b,57,Female,53,24,No,-1
8a9899c6-1180-4180-882a-117ddd986c6a,43,Female,168,50,No,-1
4f90627b-1767-43f1-972b-63c31f142f82,59,Female,46,44,No,-1
69f4368d-3f26-46b0-b927-c09bb328bd8e,20,Male,159,63,No,-1
8f47864e-c264-47ea-a00d-0cae5c3562ad,31,Female,185,39,No,-1
7c0bc16a-b232-42c1-b4d9-29d2d24b0004,32,Female,36,33,No,-1
8e307b99-3545-4844-bab6-7454ea290750,22,Male,97,56,No,-1
10629c88-b5e0-48d0-b8f8-1ed0f8208e57,89,Male,69,43,No,-1
da3ca8aa-1c1a-4f9c-855c-93e20cc3b35d,50,Female,153,16,No,-1
3586e799-c00b-4346-a093-5756048032b6,88,Male,175,74,No,-1
e1a7cfa1-fd01-4588-8eb0-c718597c1e96,61,Male,116,43,Yes,-1
9ce57b22-b972-401f-9414-2529ceb34610,75,Male,38,22,No,-1
bff97d53-37a4-4b90-a236-52dbeb20b7f9,23,Female,36,47,Yes,-1
86c3b004-c5ce-4a53-bc0b-c728886b06c6,57,Male,129,57,No,-1
9331efc1-242a-4fa7-b0c2-13cd6a0dd869,52,Female,187,10,No,-1
04d05643-af3b-4a20-a648-ca8e606c9b91,51,Male,177,58,No,-1
9bac0c63-75ac-4139-91a1-723c0f5ff95c,29,Male,70,62,No,-1
475544f7-0d5c-4541-b11a-4cad255e80ae,43,Female,136,44,No,-1
d0c1d791-eccf-47ea-b3e4-08971950cb08,72,Male,42,20,No,-1
ddf99328-bc38-4f1b-86fe-88a0acfd3baf,71,Male,140,78,No,-1
b12f4265-321c-4c39-8065-6cda5db7ef88,63,Female,157,37,No,-1
06266959-3504-4e2d-9205-c162c8a414de,65,Male,58,79,Yes,-1
beafb171-5869-4aef-88c6-ac49b2ab771d,88,Male,136,41,No,-1
6286c9d4-5be2-4723-8def-adbe6d92f413,71,Female,38,41,No,-1
38d95cac-b34f-4c6e-9e47-8ef2ff857cb4,72,Female,88,36,No,-1
e10491ad-5881-4f5a-990c-d6c82f3d9902,81,Female,33,32,No,-1
0e09a204-1486-4a20-9ddf-ebc7eadae210,78,Male,100,28,No,-1
0a1ce627-c2c7-4855-8524-8aac4c91406c,20,Male,167,25,No,-1
9496ccc2-acaf-452f-9cfe-8d952725083c,37,Male,61,12,No,-1
9e19bb5e-ca82-4d1c-a32f-5e0aa330cdee,83,Male,199,45,No,-1
7c58f369-6666-4415-9693-6e60c99feb54,20,Male,83,44,No,-1
3a8b6cbf-725e-4ab4-8ff2-2631037103d1,76,Female,30,6,No,-1
5564d0b1-b521-4c59-a01b-92b9480c1096,63,Male,53,73,No,-1
c493e5e4-6449-4e56-afa7-447357df4a8c,73,Female,79,51,No,-1
4c60024d-8d65-4636-accc-7950942a423f,64,Female,112,61,No,-1
152c1290-d5bd-4de4-9835-a8663c605389,80,Female,45,38,No,-1
535b07ad-abb5-47a5-a8b4-fa741a9a7cca,26,Female,147,17,No,-1
5c736689-1ac4-42fc-8c71-aec08a5956bc,69,Male,132,45,No,-1
ac0d2dbe-f2eb-46d9-9d54-2254425662bf,68,Male,183,39,No,-1
5e4a29cd-080b-4e58-9924-4bec94ef7d61,62,Male,179,21,No,-1
e2b4530c-735e-4a35-ad37-467e09795353,18,Male,186,100,No,-1
fd0cc77c-1858-481f-8f9d-e3f277584063,29,Female,56,85,No,-1
7eb8521c-582a-4a19-a55f-4a3cee283ce2,37,Male,113,35,No,-1
835a3679-797a-4f17-b8f7-3f408634cbdd,77,Female,88,18,No,-1
a5175a4a-014d-4b9a-895c-7172039ee2f2,73,Female,175,9,No,-1
edc74aca-149b-4b96-a44a-3e529d1b0e0e,51,Female,52,99,No,-1
eb638ec0-256f-4171-8ec2-003e38950bf0,59,Male,99,14,No,-1
8eb618b4-2fc0-4f6c-ab43-a1219f55457d,45,Female,172,49,No,-1
ed70811c-1e22-4dbe-afc4-5b93ceb17cf1,46,Male,67,43,Yes,-1
7f0a4d73-f0d3-4605-8530-4672c28d42b8,65,Female,127,74,Yes,-1
c5000292-e887-43b7-8801-a1bb578c614c,23,Female,179,16,No,-1
82d49e63-0f5e-451a-b6ad-10c794847ef0,41,Male,164,88,No,-1
7b10dae4-0eb7-4b31-9a58-a46e1b107362,84,Female,148,20,No,-1
e202fbe2-3c46-4e4a-9413-45f7b1416205,61,Male,74,21,Yes,-1
c1d58510-65ec-4122-9acc-ff0523fca994,77,Female,21,64,No,-1
86dffede-3f00-48b6-8464-ee705c1c0483,19,Female,96,87,No,-1
1b78f624-fa02-4613-b5f6-b2d0fe9643b4,80,Male,151,14,No,-1
da148b86-c301-4cc3-b050-22f2a1a7a7c4,31,Male,159,95,No,-1
d6006327-8da8-4239-90c2-20488e0fd5b3,85,Male,56,23,No,-1
b9d1bb21-5fb4-4f53-a50d-889df6a77775,26,Female,67,62,No,-1
93d27253-dbb2-4408-b25d-bbf14251471b,76,Male,68,48,No,-1
61c8a05a-d333-4336-be24-07febfdfb341,28,Female,179,21,No,-1
c27cd221-584c-4504-a5b6-308a3020d91f,50,Female,31,19,Yes,-1
4c5f1aaa-1cb5-4ea4-87db-4987a9d23529,58,Male,80,64,No,-1
32214ee2-977d-4382-aa04-98a4bcb282e9,53,Male,92,64,No,-1
d022faa1-1df6-4710-9aca-519625e448dc,55,Female,48,23,No,-1
1a18cd5b-71d5-4527-8ac9-38191c5124ab,57,Female,54,21,No,-1
49a29b48-00f8-4d44-b0ee-007bbb7caa6a,78,Female,168,68,No,-1
670009ac-6747-4983-bd29-7dd840408416,58,Female,139,54,No,-1
f5bf85c1-3f6a-4ad1-9126-d622da07cfd0,74,Male,106,70,No,-1
c96ae2f9-84cc-422a-8d77-da08abd693c7,73,Female,154,28,No,-1
57ccb777-2241-433d-b10c-1957036cd546,55,Female,159,34,No,-1
5ec1e448-5a30-4391-b13c-74cf09bdaa2f,69,Female,46,21,No,-1
fd9fadb4-1820-46cb-85b8-3333ac885bc2,32,Female,46,73,No,-1
6285ab24-81f6-48d4-ab3f-d61538fd4e41,48,Male,95,42,No,-1
d67ec3b6-a5b7-4089-a556-dc54c548e0d4,66,Male,73,29,Yes,-1
800476e5-bd53-4161-9eeb-044418152c38,54,Female,93,65,No,-1
7d6921e0-add6-4dfc-a1d6-5539c9cf605d,32,Male,162,82,No,-1
b3b62aa3-6676-4566-aa94-c078c2119e63,75,Male,194,74,No,-1
90dbdc50-e8c1-429f-8fc2-92d02c8b2ce9,89,Female,27,83,No,-1
086d07bf-0f01-428d-a941-b54354f23e6a,86,Male,108,60,No,-1
0852b102-bd96-4ccc-9ec9-3132bff0cd5c,62,Female,113,61,No,-1
b7a830ae-5074-4ff4-bed4-3b423a1c9c40,23,Female,180,52,No,-1
54679c17-df54-43e5-822c-517ce4c4433b,89,Male,63,46,No,-1
e6f01e6b-c7a4-41ff-9609-aaeddb26b3df,43,Male,103,12,No,-1
722682c6-9591-4576-bb19-24650d65a39a,44,Male,146,47,No,-1
fbd09a98-6ace-4f9e-9922-0246aa35fd74,45,Male,115,72,Yes,-1
ac0be6bd-1e2b-4149-88b2-ee307a050077,52,Female,51,34,No,-1
789c5e98-7a8c-4232-b6bf-5420803cf81d,68,Female,192,62,No,-1
cbb2f894-4229-4e56-acfd-3ecc97ebf581,80,Male,37,77,No,-1
c6f200dc-01b5-45f0-91ce-de8910720d85,73,Female,76,52,Yes,-1
9cb31f9b-f064-4e2e-a476-6de50c29519c,49,Female,104,27,No,-1
51f3bb1d-b062-4501-896e-64db528f3244,87,Female,47,13,No,-1
b23f4beb-db83-45a6-b493-16330854567c,88,Female,130,33,No,-1
a275fdb7-8827-4fd0-9d1b-355fbcc22d19,87,Female,156,42,No,-1
131cc961-6673-4291-a527-c272a1b8081c,60,Male,81,32,No,-1
20895d67-6b66-488f-a4bd-1623b0fc2105,65,Female,172,68,No,-1
c8320f22-43a5-4d0c-b643-ca9d29ac6f03,55,Male,112,58,No,-1
49aa6996-20bd-472b-aa6f-08c28a545c06,37,Female,39,33,No,-1
2a356ecb-a7dc-4793-8aac-18fc3f5807bd,56,Female,73,24,No,-1
bdd4cb7c-7a18-4756-9993-a235fc66fc9e,48,Female,143,97,No,-1
a53a9a59-b1bc-478b-8b88-b1b69838b4a0,80,Female,125,32,No,-1
986d5511-da53-434a-abba-4f9f1e24b07a,88,Female,35,6,No,-1
49c92faa-a56e-4936-a919-1c69a0895961,67,Female,130,17,Yes,-1
a7a2d720-67ff-42de-91e8-9f1b3968d219,68,Male,88,75,No,-1
8c0625f8-624e-427b-b534-0f3f9d094e3f,38,Male,129,87,No,-1
648de47e-d93d-4d95-bfbd-d62750765d13,32,Male,143,30,No,-1
bf50be42-0e10-4717-9c91-500d4f1bbd12,48,Female,102,38,No,-1
5f614382-ea64-4930-90a8-d7a0085a0eed,34,Female,36,27,No,-1
380078ed-ab9d-43b0-ae9c-2cf1285900d3,74,Male,57,45,No,-1
d9694eac-061c-4e88-817b-b41b4cdcf790,65,Female,173,32,No,-1
4391196d-cf3b-482b-9ab7-b211d285a40f,65,Male,90,12,No,-1
06940bb6-a960-46f8-b96d-f4e2b10cffdd,42,Male,128,36,No,-1
f63c395e-6048-4bcd-85ca-540103cf6627,28,Male,165,3,No,-1
24b112ec-a802-4456-aa38-2d7c17514c96,73,Male,98,68,No,-1
55a99e67-2527-42c2-aa28-8708b71578db,35,Female,130,42,No,-1
93822895-133f-4c7a-8b3f-cdce6006d2f1,23,Male,161,82,No,-1
14ebed53-b9e7-4d0e-a95e-351e70de92ef,39,Male,170,55,No,-1
2abc68b7-074f-4ab2-9d58-8b51ccffd411,55,Male,168,36,No,-1
cef309d6-9a89-40c1-a53c-de2707c6074a,87,Female,27,24,No,-1
b47ede71-7ddb-4dde-83bd-a14ce93eb300,66,Female,107,29,No,-1
14cddf33-e65d-4ede-8c11-887c322acdea,38,Female,105,7,No,-1
ff4fa596-bbc3-443b-a69b-361e4e89c873,42,Male,183,59,No,-1
b2717fa9-8e5f-4c3c-952d-1812322296c4,55,Female,110,69,No,-1
19ca2296-97b3-4096-91d1-9e14e338250e,27,Male,153,93,No,-1
a47727f3-20ca-4784-be96-93be8427ba2b,84,Female,149,78,No,-1
ccfd8f9f-fd38-4e65-b373-fff6912bc01a,29,Male,200,98,No,-1
146c4308-9ff0-4a1a-839f-dc2dda951a89,83,Male,191,49,No,-1
0c3157c4-1a42-4037-9ab8-a6b312cab7e5,82,Female,171,49,No,-1
8f61f3f4-73bc-43db-b2a8-d51550a7d6e6,49,Female,140,24,No,-1
9f19766d-30d8-4c3e-a12a-b635533d2831,42,Female,94,76,No,-1
6ceb994a-74c8-40e9-b41b-0ff1ab17b35f,48,Female,164,45,No,-1
33a9f58a-60a9-43b6-b420-b25e55f9cb85,84,Female,185,32,No,-1
c055dde9-b02f-49c3-84ba-9d69c702598a,69,Male,184,26,No,-1
0e5ca0bf-1c80-40fa-93ae-208fcc1ef1dc,61,Male,92,4,No,-1
26814d1d-989c-4fc8-9b33-7a6246914929,74,Female,100,51,No,-1
09ba8628-3803-4200-84e0-0699ec683cb4,32,Female,129,88,No,-1
a4d51e79-137e-477c-858c-8309f5324c89,35,Female,180,98,No,-1
bd794c8f-d8c6-4281-a20f-d292f1882b41,86,Female,189,64,No,-1
aac7fa9e-b54b-4b38-a9cb-5a7b5b6114a9,84,Female,176,94,No,-1
37e59866-707e-47d6-9f30-3174fd0a0c94,79,Male,113,35,No,-1
38b4ae96-60c7-495f-9383-e0250dd612cf,30,Female,137,13,No,-1
5a28eabd-a9f9-445e-9611-e49d5769cdf1,43,Female,190,72,No,-1
bded8580-1ed6-4a09-acab-b1b06e4e48bb,89,Male,48,50,No,-1
0e6a1120-4bd8-4c51-bd4a-2691d19a5002,42,Male,83,26,No,-1
7eb20a30-4383-46a8-9d05-e336107faec8,71,Male,183,83,No,-1
6eaf9653-618d-41b8-8f32-d4f9ae5cd808,58,Female,50,60,No,-1
02cb535e-f534-4a4c-9192-2a142146c375,49,Male,74,62,No,-1
910df706-ddff-4fe2-ad0b-efb610b0e93e,65,Male,172,49,No,-1
8310696f-dcae-4e44-8ea9-b70713b75661,23,Male,147,6,No,-1
d9564ba6-68a5-4045-aed4-a06930342173,37,Male,66,93,No,-1
4bd250b4-f3a4-4dd3-98e1-2679715421a8,33,Male,124,20,No,-1
c099dc96-2603-4d29-b97a-a0697a9a4fe2,90,Female,100,10,No,-1
46523fc4-0982-454f-92b6-30f26be22041,57,Female,192,59,No,-1
fa62122e-c905-4388-ab18-45087e0734ed,54,Male,172,57,No,-1
53a2c203-c802-4562-8bb3-64444010b2a0,19,Female,21,29,No,-1
8fbac64d-6b81-4567-b776-0297fdeeab36,59,Male,82,29,No,-1
40c303b8-3e11-4e99-b3eb-6e3f0610c97a,70,Female,38,84,Yes,-1
8580c3e5-8753-4cb2-be06-f3074cc46771,56,Female,29,44,No,-1
caf2e1fc-8259-4f11-8040-158088813933,39,Female,74,66,No,-1
d71ba156-3d9c-40d4-806b-02f9a223f259,72,Male,74,59,No,-1
62a761a4-e2d9-47e6-9f48-d6d23d8286ad,62,Female,67,41,Yes,-1
82de71b9-1f07-463c-b9f4-ddf5c6cf4365,35,Male,63,28,No,-1
664ffd0c-7010-49ee-94d8-eba05455ee4b,21,Female,51,18,No,-1
d78d993d-5cc0-4aaf-b214-9b75984b66d0,70,Male,138,54,No,-1
96ce1136-22b1-4097-96d0-f4852b7628c7,71,Male,146,8,No,-1
806e16a0-a5ff-4e0f-a72d-1fb0226af1b0,40,Female,57,41,No,-1
566ca747-4eb5-46b8-a49b-666337df73c6,88,Male,95,22,No,-1
0d960ce9-3a7e-4fcb-bbd1-192cfc378a62,25,Male,140,31,No,-1
0d75c8c4-ce95-43f2-b460-25d90a83057d,23,Female,80,25,Yes,-1
3319aa6b-54ed-40f0-bf10-28d913ae70c1,83,Male,54,94,No,-1
d92f767a-48c9-4fa5-83ab-e3d1c9b48806,34,Female,143,69,No,-1
7177bda7-a159-407d-9c4a-e09fe25e006c,79,Female,45,94,No,-1
449187c6-6ea3-48c2-a1ab-bb26e42d72e5,88,Male,158,10,No,-1
f2eb06f1-95de-44cd-9489-dba5fe5c0c76,19,Male,177,21,No,-1
97b3cbd3-178a-42b1-a0fb-f88921aba0b8,66,Male,187,20,No,-1
9e7c9db0-63ee-437c-a245-73a45cb0aba4,78,Male,45,28,No,-1
25a34f60-5d7b-404a-92f2-35c5ef438fa6,39,Female,158,24,No,-1
287bd881-addb-4d3f-bb17-d7bec78cac51,68,Female,69,93,No,-1
91dd18b0-7bb6-4d54-b2b5-888563ff1925,85,Female,36,95,No,-1
5339f2b9-5130-42b2-ab1c-59041472771c,73,Female,32,84,Yes,-1
82335953-7a3b-4fd5-804a-129014a830a0,24,Female,101,31,No,-1
0a97ee94-4886-4f9b-b2f1-601cb9eb964d,62,Male,56,76,No,-1
bf48c09e-8757-4a53-9df4-298c730664da,67,Male,147,40,No,-1
e5c40dc3-3d23-4b7c-8159-76788a929e47,30,Male,51,77,No,-1
4625571c-0342-4a30-a9d0-00cd510cff21,90,Female,134,92,No,-1
c07f0404-6d6b-457a-bcf5-4fa506f9b620,80,Female,137,15,No,-1
a764bf55-5f12-4a14-9da2-b34214160a44,50,Male,67,47,Yes,-1
69fbf43a-5ecf-4e54-bdc9-b919e0a6265c,69,Male,107,17,No,-1
d0905fc4-c5a2-434d-ae91-d6e5573b32e1,70,Male,186,49,No,-1
400e7e6a-baa0-4895-aa46-9d170c91a6c3,48,Male,83,70,No,-1
306af2e9-b7bf-43e2-b940-70af35daa47c,37,Male,48,8,No,-1
fab46bca-1f33-4918-ac7a-619a55229f36,33,Female,176,30,No,-1
217ef047-ed27-4278-94ec-2d5207b64d7f,31,Female,102,57,No,-1
b5a8b6d3-b26b-41c1-97fb-6d102d8edd74,63,Female,148,88,No,-1
720808de-0a29-4135-bde1-180be4d6207e,18,Male,195,2,No,-1
d05f4a78-b858-471d-a8ba-571d4db3363d,65,Male,66,17,Yes,-1
ff658e9a-2f13-4599-a632-f9fe12817e75,27,Male,74,65,No,-1
3c8d2555-f09d-4613-a2d1-e4bc3712d09d,63,Male,150,23,No,-1
2a8b4f1a-cbff-45ef-be83-e42bad63d22e,25,Male,78,51,Yes,-1
c15e6c84-4ef2-42b7-98f9-ed2d67712149,29,Male,111,45,Yes,-1
bffedd68-7a7e-4d33-b428-a685d297a86c,60,Female,74,11,No,-1
727cdd2b-9bb7-4f30-90b7-0c928c8a28c2,49,Male,56,41,No,-1
db81a986-f1e6-43d6-ba08-6fbb36f92e09,21,Female,39,84,Yes,-1
1327a38a-e7bf-4424-ac29-4417e134a1c9,32,Male,158,20,No,-1
df0643bf-e162-47cc-9ef7-d35c2ee1bf1d,71,Male,98,29,No,-1
1ad5f7b0-0ffc-4c39-a4e2-99f76338820b,80,Male,198,63,No,-1
247080eb-6fd8-4530-b963-964e2994f851,67,Male,168,33,No,-1
0da7813e-f19b-4782-ac19-835384da07c7,58,Male,182,84,No,-1
4d417b8c-1228-4c9d-b002-8e44f60c5475,38,Female,58,42,No,-1
8c46f29a-516a-4973-b22f-76f6a1514dd1,61,Male,116,39,No,-1
ff970a71-c91e-4547-9082-4313375eddcd,50,Male,38,17,Yes,-1
6b60a8b7-3637-4621-8c91-9512bb666beb,80,Male,194,86,No,-1
0f3ee62c-0fc0-462b-ac37-888377780165,42,Male,63,50,Yes,-1
f24463f0-b275-4c9a-9b6e-76de786ba9ae,31,Male,20,27,No,-1
2eeb1116-8745-49c8-8a6f-c8773e4e1a8d,85,Male,166,8,No,-1
2bcc6773-22ef-4a01-a73e-709c06fefba4,53,Female,137,15,No,-1
0d435e6b-f502-4398-8f01-c9307dfba0ed,32,Male,194,67,No,-1
5e09df98-3096-4388-ac67-599afa65bade,90,Male,185,93,No,-1
d9120f37-cfc3-4a39-802f-861ae15c2db2,29,Female,114,68,No,-1
a4901a67-cd84-4f31-8ae1-bc3b57dec901,47,Male,102,27,No,-1
a2d30fab-24bf-42c9-8ef1-eb34033def7b,43,Female,34,87,Yes,-1
3c6fdf12-6b75-4b3e-ae8a-87f3865520c2,81,Female,139,25,No,-1
ffada2e4-336b-4ce6-9001-14503549bb37,25,Male,106,18,Yes,-1
ec2557fb-8c22-454e-a575-36f74635e0e3,71,Male,193,62,No,-1
3ebc903d-8665-433c-8ba4-ffe13777a89f,84,Female,97,28,No,-1
ba8bfd1f-8f00-45b1-b269-1b67a05ea44b,24,Female,131,31,No,-1
689c2b91-6c8e-4a9d-b081-60adea19fe22,32,Female,53,47,No,-1
65fe52b1-67a7-4aad-9bd1-ccf7ad78c1c0,84,Female,56,16,No,-1
0b8358f5-8d1b-418d-94a9-32aa2b6a0c47,78,Male,89,31,No,-1
c58a0756-01c3-4f8c-a9f1-3c264a6a2e31,37,Female,98,60,No,-1
50ffe180-02f5-486f-94be-012b708f72aa,59,Male,175,71,No,-1
8c91df60-a1c7-490b-bcd0-374b3d5e5c8f,83,Female,55,42,No,-1
dfcfaa6a-7f93-4008-b061-f85c65c8e2c6,90,Male,64,32,No,-1
aeba8dbb-3da4-44fb-a050-02122f56ddd3,84,Female,134,40,No,-1
b625d21e-891b-480c-aa44-2b9fd68cef20,88,Female,44,7,No,-1
090424f1-4abf-492d-8e65-04c508f7e153,32,Male,52,12,No,-1
1c3fbdbb-4db6-4c8b-8d15-b9cddc67bba1,24,Female,165,58,No,-1
db45bde8-842e-4e9d-ac23-d2cd8b5aa887,68,Female,47,51,No,-1
a074203c-14d7-4ac1-b303-05308794a674,87,Female,90,42,No,-1
0047588a-8712-4383-9ca9-02f68c58661d,34,Female,92,7,No,-1
cab7c7c6-3949-41d9-a7ea-d003bb7702bb,59,Male,103,25,No,-1
e88187d8-6502-4438-ac9e-a4d3988efc19,19,Female,196,20,No,-1
c355ae1a-e26b-49cf-b040-d3955f16d632,77,Male,125,36,No,-1
17d32552-4e0b-4d33-9804-27524d6dc226,39,Male,104,1,No,-1
24411e02-120f-4986-a632-19e306128c8c,32,Female,37,36,No,-1
872fdf53-b207-4308-8146-77a6c9f3ffb7,88,Male,49,10,No,-1
3ad5ed1d-5ecb-4a2a-bfc9-9c4ae1ba7b83,73,Female,185,25,No,-1
2ff299d0-9003-4e2c-a60e-48557fd8c665,82,Male,21,39,No,-1
4a585052-541f-4eed-bbe0-838b869a483e,49,Female,80,11,No,-1
7fae0f5a-f7a2-4930-a49c-2e8c2e943591,22,Male,180,98,No,-1
06578882-a3a1-407b-9938-d886c7326469,74,Female,108,11,No,-1
009dcc8f-bc1f-4476-8996-3b5d5ddaaebe,73,Male,99,10,No,-1
99f868cf-bd74-4d97-831d-e9ced7f167ca,52,Male,107,42,No,-1
f984b509-deda-4640-a6a5-995aadf219e4,47,Female,155,67,No,-1
5d73aef9-74be-45ba-82a3-a1ceea850dea,29,Female,100,60,No,-1
bc2fe93a-fc2a-46e3-bf79-7179b35ed5e4,37,Female,107,12,No,-1
8e1625ef-e201-4fe3-a5bb-cda21cd46a57,68,Male,150,56,No,-1
71c1d979-69b5-4036-9a4c-3044913650fa,51,Male,70,55,Yes,-1
07b34343-2ac9-4763-992e-eabf9306c425,78,Male,110,36,No,-1
641b6337-46d2-451e-bc4e-f7c43617bb10,73,Female,116,43,No,-1
dea5fa0a-9362-4ec0-9f61-fd71aafbf9ca,55,Female,169,57,No,-1
4e152ff8-37be-4d2b-980e-bc8e354eeddf,72,Male,171,87,No,-1
59d01873-430c-4136-816c-026d792dbd92,63,Female,167,27,No,-1
56695991-22f4-444d-a278-39ebdebd7fc6,54,Female,148,80,No,-1
203249fb-cbea-4181-a80a-dea481b8bbae,33,Male,54,97,No,-1
c63921b4-ffee-4ac4-8e94-06c3c628a3ed,69,Female,106,6,No,-1
a75b6413-33ed-434a-b78c-6df98ea74851,55,Female,135,84,No,-1
262d4b3a-9a2a-4c01-802b-e646e8b55f6d,84,Male,160,83,No,-1
bdafb917-f49b-442e-8258-8cee9c6d729a,77,Female,158,41,No,-1
07b3c6df-b512-44be-9d0c-16872220e5b9,32,Female,119,22,No,-1
a13ce911-eca6-40dd-89eb-ca7597f22d20,41,Female,42,32,No,-1
50a001e1-a73b-4f21-a485-460712f0cf27,46,Male,187,79,No,-1
4d9d9599-a5ba-4944-9b1f-e53eff16c958,38,Male,141,63,No,-1
0b23a2f0-db61-41bb-9812-27aec40ed7fc,57,Female,185,37,No,-1
f701cc69-19c2-46a3-bf91-54955c84f2cb,29,Male,65,9,No,-1
321b3946-9617-49ae-b789-20eb56c1fa5f,43,Female,150,81,No,-1
0f60bdf5-3ca8-4816-8e2f-c0abd57f0623,89,Male,109,26,No,-1
f3047deb-9cb2-478e-b93f-bec5a11f0948,23,Female,199,71,No,-1
89ffddca-672e-4a99-b1e4-3089a5b3a28d,27,Male,190,40,No,-1
f75dbafb-6141-4ef1-8d56-88215d0476ba,29,Male,82,63,No,-1
db687043-3c13-4b58-acbe-a547bc20f137,28,Male,177,42,No,-1
c4859900-d4ce-41ef-bf64-0b43e290403f,30,Male,54,13,No,-1
1e7912a1-384f-4f6a-aa9b-fbe8a2810046,81,Male,178,89,No,-1
ddc1eda8-7bb6-4147-9a86-37cd3adbe29a,59,Male,30,19,No,-1
d14a6c47-6f3a-4d4a-800f-166621e96b7a,39,Male,160,56,No,-1
adca1457-b740-4cbe-a3ba-0ef31bcbe8b7,79,Female,167,24,No,-1
cab5b3fc-8b96-49bb-8128-6abba43c6210,82,Female,194,94,No,-1
af5c9464-e446-4018-bfc9-26e453d71e42,26,Male,165,40,No,-1
92b6e722-298f-4532-b17f-a9091bf2e4ea,70,Male,148,64,No,-1
b065c81e-109a-4784-a8ac-5f596ae14f17,43,Female,156,69,No,-1
9a6bc908-9b6e-464a-8c20-3201dbfc1952,32,Male,134,15,No,-1
6006432b-7a58-49c8-a16a-4cb7eb23ed42,35,Male,198,48,No,-1
db99ab13-ad30-4515-9231-2c12b9368b1c,55,Male,142,7,No,-1
9900d5fd-46d5-4cd2-8170-262a4a9a5dc1,58,Female,63,44,No,-1
331cc7d4-29e4-4dbf-80be-148a8db1fe69,58,Male,35,86,No,-1
3043431d-1fec-4735-8079-524be7432129,73,Male,178,41,No,-1
1b7f41a3-fd54-40fa-8012-f0a8f06dac61,79,Female,33,26,No,-1
7a450413-c2c4-484d-8b25-54309127f6a2,58,Female,85,46,No,-1
69e541d0-694d-4888-a104-ad9676e5b3a9,50,Male,181,41,No,-1
daa29157-923f-4233-a43c-e9b9e636bf9a,34,Female,178,85,No,-1
9ef27ffb-7ff4-4955-a5bc-6dd045e66032,21,Male,52,95,No,-1
b60988c7-af20-491f-b7b0-34e30f9bdb0c,68,Female,131,42,No,-1
9d229094-3270-4459-878d-5f56856c1c5d,89,Female,31,81,No,-1
edeb3c39-543b-48b0-9560-faeb0fbb2367,56,Female,117,66,No,-1
59590060-5673-4633-a3f1-7512d6aa6927,33,Female,127,57,No,-1
4715816b-1ab6-4160-9de4-be68fd0322ed,65,Male,79,66,No,-1
1043b7bd-5d38-4f78-a3eb-0d1da36fd480,38,Female,46,45,No,-1
9ecc9fe8-2aae-4de5-9215-5ceace684ef5,57,Male,157,71,No,-1
175a9f77-9a5b-4b06-970a-04d4d3a62a07,85,Female,145,99,No,-1
1e5d1fb4-84c5-425f-b21a-1d476fd1979f,60,Female,43,40,No,-1
7b4a51bf-aae7-4069-9524-25aca7ce9306,25,Male,166,26,No,-1
01be630c-9f39-4c40-a875-6e461f026dbc,51,Female,190,65,No,-1
7e3d939c-345e-4c52-a222-2f0de8884bcb,64,Male,50,33,No,-1
953947ce-18de-486b-91c7-e05f61890708,72,Female,113,2,No,-1
ba915151-d131-4f84-b745-dc6ae0dd6d21,41,Male,163,90,No,-1
6d2148b2-717a-46cf-85c0-86568b9f474d,86,Female,99,68,No,-1
1a9fe225-64ce-4f77-9cc4-cd7c3481ac62,76,Female,183,60,No,-1
2e88452e-08ae-4e29-9d89-cb9f6149f415,50,Female,167,24,No,-1
673abfed-8d30-411c-93b2-1a590fa822f5,73,Male,150,54,No,-1
168d8c1d-9f03-4e5d-8b9c-dad95bf7e8c3,90,Female,35,24,No,-1
8f04cb51-e67b-4b52-8d1c-23393dc95a5a,55,Female,105,44,No,-1
33dfa6d2-d516-4bab-ba73-6b1762793f04,21,Female,189,38,No,-1
8a7e7fe6-733c-454c-83a0-60c68657dc65,63,Female,148,71,No,-1
708f120e-482e-4c15-a240-4e9a49b7e1c2,71,Female,193,57,No,-1
dd1762ad-541d-4d74-98df-14d3e60348b0,49,Female,143,28,No,-1
2719d196-6128-4811-bab1-3a86d4948e59,53,Male,55,95,No,-1
6411f5dc-f58b-4580-87ba-cbbca222d076,73,Male,77,100,No,-1
7494e0e0-8656-4ce2-a133-a3344d7f883a,46,Female,46,8,No,-1
6d3f20ee-650a-4aaa-8ffd-f9626f1e4074,51,Female,183,3,No,-1
cac78615-213e-4fc1-8519-273967fd0ce4,50,Male,172,85,No,-1
30892fc1-948a-424d-8c7f-b0134ff2eee1,45,Male,140,53,No,-1
a50bfcff-151e-449a-bd63-ae609803f11f,64,Female,36,5,No,-1
f8f4409b-f7bc-481d-be41-4684649d2e5c,47,Male,162,85,No,-1
b7f4a2b9-bf61-4957-860e-f28b33df6a17,83,Female,48,10,No,-1
f78f7272-a615-45b8-ae0d-b60cec3495cd,82,Male,146,18,No,-1
e2155798-1943-4214-b170-b1c9e2069919,49,Male,32,74,Yes,-1
a241a18f-c9f3-4a18-9d16-c0bb8e9596b8,28,Female,66,89,No,-1
bf0662fe-a0a4-4927-b423-2b37e94820d2,26,Female,83,11,No,-1
72a15fd8-da66-4c1e-b31f-0ebe9711b09b,48,Male,118,28,Yes,-1
616778b3-a06e-4383-ae72-eb29a111841c,75,Female,159,68,No,-1
3ec7eaab-32ce-4104-bef0-d60df12da648,70,Female,61,11,No,-1
3c67ec5e-6582-44af-9961-c510b5f6fca5,47,Female,99,70,No,-1
a8808f45-b82e-4b3e-a0ef-d2dd229a51cb,81,Male,114,39,No,-1
3f7a8efb-0ec7-4c5d-ac66-843806101cdb,65,Female,148,13,No,-1
a4254b99-3362-4564-84b5-d45a4a431c90,19,Female,181,52,No,-1
3f2bcc04-b121-479f-a1f0-25566f85a53e,78,Male,22,57,No,-1
c9551a1f-5b40-4b4e-8a75-b2692b6b493d,32,Female,58,74,No,-1
6770b848-9463-4ef6-bac6-6095698b6c9e,51,Female,85,73,No,-1
c270fa9b-074d-4961-b1fb-dd2a5e627e70,52,Male,146,88,No,-1
6393e28e-228c-45dd-9532-290e920a9d21,32,Female,140,9,No,-1
c4045e78-d234-4c2e-855e-b118f9bb9937,38,Female,122,11,No,-1
f0755d3c-56fa-44d3-b251-4db73220be59,70,Female,95,28,No,-1
8c78f3be-5630-43e1-8218-f010b9797427,30,Female,141,82,No,-1
3ff1210d-9e31-446b-95a3-16ae071c417d,57,Female,100,41,No,-1
8952b899-ecd6-4745-b006-5ff6b159ca51,50,Female,100,24,No,-1
02c32d43-e622-4678-951c-5146c6738e09,80,Male,176,62,No,-1
61e2fb75-4e76-4063-aaa7-2cf64dcb37f2,22,Male,141,10,No,-1
4f52643e-d0bd-47de-ac7a-4275ee83f3f7,75,Male,49,46,No,-1
adb48651-6001-4fb5-8632-5f717c4690c5,26,Male,165,62,No,-1
0a383b53-f17b-4145-b4d1-69c27bb9b9f0,50,Female,159,76,No,-1
c5d98715-d081-412d-bee8-87646494816d,43,Male,175,62,No,-1
8b07b87f-2b5a-420c-89aa-4f484f24a6ff,39,Female,108,11,No,-1
9cd1ad71-65f0-49d1-94c9-232f67cfab81,28,Female,115,5,No,-1
a823fa03-dfd5-4b4c-b798-5335883cb168,82,Female,56,52,No,-1
489e9c67-7de3-41cd-9936-a83e8dd6a399,47,Female,47,12,No,-1
8765ea2f-86ab-4e76-a57c-bfe1e0822df2,54,Male,45,85,No,-1
e89e7103-ad41-4a77-a10e-d6c130a364c6,54,Female,105,96,No,-1
6213f1f5-2123-4562-bf64-84ac5d73d51e,65,Female,99,45,No,-1
5a60242c-443a-4a1b-9964-ade1e44caf56,76,Female,105,10,No,-1
9bc8ba8a-6466-4504-87ce-6aff0324c8bc,66,Male,42,1,No,-1
596f06fc-def9-4598-997a-2767d92b2d45,88,Female,70,50,No,-1
cc5a6e17-9d63-448b-99a8-1e9c5d585664,42,Female,30,26,Yes,-1
a89f9626-9718-4f5b-8b6c-384dddb12dde,69,Male,186,7,No,-1
01a4ca7c-404b-4a80-a6b4-4443f2f6b94a,57,Male,140,82,No,-1
b5b3a6f6-c11f-406e-8f3f-808962b9751e,34,Male,139,62,No,-1
c233d481-f217-46cb-b62a-cca578f4f5d2,62,Female,101,79,No,-1
100f8252-7052-434f-a05a-06a8720f7ad7,20,Male,84,72,No,-1
eae6254e-6c50-4598-8436-28343bb07f09,19,Male,56,95,No,-1
a9a6ad04-c531-40c3-8a13-55a65c1a73e1,37,Male,189,56,No,-1
7841e836-0cd8-418a-b60a-08280859d177,77,Male,120,24,No,-1
5951cb01-8343-4184-b14a-4aac23abdaf1,89,Female,121,69,No,-1
9df92a69-4338-4bb4-a196-da0cc3a11974,27,Female,117,69,No,-1
6e2a80b2-7879-4462-9a59-77cc2dfe3c61,55,Male,61,23,No,-1
b62dcee2-4f00-4e04-b491-a9a4e7005129,48,Male,176,51,No,-1
ac657356-99fa-4b4b-9607-ec03f186a904,82,Female,79,65,No,-1
b253ba8c-087d-4143-860d-6e75a89ccbde,53,Female,46,93,No,-1
0da84a38-25c0-4452-9b59-98b00b5824ce,20,Male,59,27,No,-1
3cf5e36a-9b91-45df-8246-f2824acf2922,43,Female,143,69,No,-1
89165853-5790-4bd4-a428-cae21e1e0dbf,21,Female,174,65,No,-1
b9fe520a-4562-4df0-8b09-5ee757ae4e0e,43,Female,199,69,No,-1
673fe0a2-c7e0-4a37-ae9f-077edd5df865,64,Male,102,24,No,-1
c4cde894-a9a5-472a-86ed-269a7cb39828,81,Male,176,69,No,-1
30dbb985-7e2d-4293-bcde-07e1f786ffd3,41,Male,107,82,No,-1
e487cd8a-48ea-481f-9fcf-6bb311c11939,66,Female,191,71,No,-1
2fa6e40a-ed0a-4b9e-9613-2bc8e582ab2c,51,Female,142,98,No,-1
11045609-b61b-4b13-b154-08bc3d8f4a7a,33,Male,105,73,No,-1
2a18fb6b-6850-4ef0-9496-511e7dbe29cb,84,Female,146,31,No,-1
12f9962d-04df-4562-84e4-46452786c4c3,60,Male,94,51,No,-1
9e7db6ed-cf87-4330-a8fd-6fbc02b79c16,55,Male,34,46,No,-1
85d2f908-8d5c-4c45-a475-e8ba12437027,19,Male,170,41,No,-1
930a5502-8fd8-467e-9005-a853ba9416ce,58,Male,152,79,No,-1
d08244fa-3e87-48ef-9a06-08bc3aa8154d,20,Male,184,5,No,-1
1be803be-345b-4c1b-be9f-f6e7afcd5bdc,51,Female,193,92,No,-1
f839384f-9c08-4275-89da-736e8ec6fe46,22,Female,55,31,No,-1
e99633b5-1db6-48c7-8419-784510ca7d00,40,Female,196,62,No,-1
a9910621-ed32-4594-ba93-f446301f84e9,84,Female,54,57,No,-1
290b841a-e4b0-403d-910c-895f2c2c5496,86,Male,43,68,No,-1
ab9cb7d5-7931-4f65-abc9-885d0676f41c,50,Female,193,53,No,-1
9700d00c-900f-4b2a-8d0c-324a3e506233,28,Male,75,63,No,-1
75cd1077-0548-43a9-b0de-1a456763950f,83,Male,164,49,No,-1
18e5efaa-274e-49d6-a517-7a6e20ec1821,19,Female,68,45,Yes,-1
65bf7027-15cc-4de7-a049-535a9e9a83d0,39,Male,81,16,No,-1
9c01b43f-f76c-4bbe-8f61-458ba244f975,76,Female,132,90,No,-1
b2e04ff7-e733-4d2c-af41-814aa55aacac,81,Male,62,31,No,-1
145a9ac3-3b89-4753-9672-10d818723952,61,Female,192,5,No,-1
d8474576-98fd-403c-bfc6-9f0c0bf4e4f2,50,Male,171,33,No,-1
c4c22f71-6148-4c58-84da-04a5796cd473,31,Male,111,39,No,-1
7a694848-547d-4840-a18c-9b7fad55e483,35,Male,151,20,No,-1
737c5cf0-aca7-40f0-9160-c00d483f47ac,43,Male,184,96,No,-1
e83a0556-8099-42eb-8a98-1f8b9bbba5cf,83,Female,20,11,No,-1
e9fff3ba-a40b-4dde-ba4b-921e22109593,45,Female,186,81,No,-1
b8134ff9-69e5-407f-8ba2-3e7576866936,22,Male,134,89,No,-1
84f4d064-408f-4ede-9b5e-aa66c19cceb8,90,Female,169,90,No,-1
b2eb45da-9030-4c59-8376-d530d46f648d,24,Male,73,57,Yes,-1
0f9805ed-6289-4158-b9dc-8ad93bc74de0,79,Female,33,84,No,-1
1bbce29a-ade3-43af-9bda-4f5839e60741,66,Female,62,99,No,-1
60543af6-e1ec-413f-9371-7de21f6e9f85,74,Male,133,49,No,-1
da26a2bd-d5d2-4030-8e71-f80aad0022aa,31,Male,72,16,No,-1
103eb13f-d02f-4af8-b9ca-9013dd154a49,24,Male,144,28,No,-1
35c12dce-d70a-46d3-9663-bf4ea961230a,23,Female,47,6,No,-1
4382e5cc-dc60-4f75-8ef7-7e19a2b3f3ae,80,Female,110,29,No,-1
e62da088-4a40-4bb2-bd3f-cccd06c965b0,62,Male,184,53,No,-1
28672587-e450-456e-83f9-be70b6be0643,55,Male,111,45,No,-1
a96e446d-ccc4-457f-8161-7bff2985c5be,72,Male,58,24,No,-1
07863324-d94a-4856-ac6b-c5d68c1e9f68,40,Female,147,23,No,-1
655883b4-23d1-42f2-99bd-ec94cf475ae9,32,Male,90,6,No,-1
f4c863e4-15da-41c3-9eda-4236bdef5ace,27,Female,115,41,No,-1
a9d94bf0-4096-45e1-b6b4-5e3ca3f9b96c,29,Male,148,10,No,-1
e1cbee3c-d5ae-4c6a-bb5f-0156fe69da66,82,Female,150,38,No,-1
c3fc57b5-6ac9-49e2-bec0-bde9df8dcf84,56,Female,164,34,No,-1
bf040305-ad87-4938-a2d0-1b0f5fd70352,75,Male,200,7,No,-1
89c19431-10df-468c-9c5c-70916525c350,72,Male,133,40,No,-1
f4510640-be5a-446e-a00c-61e2cced9059,63,Male,78,59,No,-1
28059d09-6542-461f-b466-2cb5103dfc25,86,Male,96,3,No,-1
7bff6c18-e352-41bf-a242-6b2a902980fd,30,Male,131,25,No,-1
beaa9561-58e3-4cc5-97d0-22e3b5236d2e,37,Male,118,41,No,-1
35a733f9-33aa-4ccd-9175-3607e56c5ccc,51,Female,183,100,No,-1
0bbb8037-cbe1-4097-aea9-5277d541079c,80,Male,93,15,No,-1
02197044-c2df-48b0-9805-505723d65b8c,69,Female,177,52,No,-1
3a5d6ee4-8c52-4243-8b85-731ff0abc3d0,62,Female,56,96,No,-1
11397c26-a128-42f7-b11c-17012d5513c8,42,Female,102,14,No,-1
8f81a9f9-9992-48e3-a8a6-6a5c47cb5fc7,84,Male,122,13,No,-1
a499ad6e-6e67-4e94-bb5d-5a2fd817ac10,74,Male,94,63,No,-1
b19848e4-a13d-4b15-b5dd-73163f004aa9,54,Female,73,18,Yes,-1
719f952f-088f-402f-841b-d58f661ea1bc,86,Female,37,100,No,-1
5397d8fe-5660-428c-b043-371a1c2602ee,82,Male,73,56,No,-1
9d1222d9-1a3f-4097-b70c-ad6b374e958f,65,Female,90,18,No,-1
d228f533-aea0-45af-9c42-318a0b6fb050,25,Female,174,40,No,-1
c0fce6e6-fdb3-4300-9660-9be583dbd331,40,Female,70,51,Yes,-1
531cf5ef-62da-414f-9337-460631ff8b31,83,Male,109,3,No,-1
965314b5-f426-4d83-9292-47fa1f1c1500,63,Male,104,11,No,-1
b3baa8f3-2262-4939-98b0-5cee70aa2963,51,Male,177,36,No,-1
c5cb6896-246d-44f4-bd0b-03555234b0da,88,Male,131,16,No,-1
faf8f915-f7ef-46c4-9773-22f9b74392d4,53,Female,92,53,No,-1
da0a227b-bda6-442d-a3fa-d15e70d8ee64,54,Female,198,74,No,-1
8928bbb2-1826-4162-9dba-d7613445b1eb,19,Male,94,54,No,-1
0716d63c-f657-49af-8a26-c356460aeeab,23,Male,109,41,No,-1
f2e1f459-1c6d-4160-9150-f23bffdc87f7,78,Female,157,90,No,-1
b6c7d9e8-da92-434f-a930-9d6b68268e7f,67,Female,182,68,No,-1
6b6ddf62-1a3e-48d5-8459-57a12eab7354,75,Female,39,28,No,-1
e1cb9cd2-333e-4acb-9ed2-ba35a96672af,59,Female,126,30,No,-1
4c8d5e07-c654-4535-851d-69c7d4b4d788,51,Female,151,15,No,-1
24c8dbf4-7005-4a38-b9e4-ea26472e285d,83,Female,36,85,No,-1
7345ae5c-c218-4ab8-a14c-464977a3ad95,84,Female,193,2,No,-1
e263946e-0428-4fef-9fef-0b862c95ff08,64,Male,32,18,Yes,-1
18ccbd98-7e43-41f3-a25c-b94445e4236a,20,Male,147,48,No,-1
66199157-9255-40ef-927b-3d2a99d1312e,46,Female,77,31,No,-1
3e396654-b4ac-49c0-b99b-949995ddbf87,65,Male,75,26,Yes,-1
aac49b19-80e7-4c7d-bcf9-7eb60b024785,34,Male,170,3,No,-1
99d9e010-9c8b-4d67-83a1-a0f1059a0a58,27,Female,189,25,No,-1
8a0a7933-91c6-4da6-8206-9f6504ad5835,39,Male,115,68,No,-1
a71337b4-a0fc-422e-93d2-8cd9f7947681,87,Male,97,62,No,-1
58a03c5c-79a9-46f6-9155-b7dda9c0b1d6,75,Male,47,23,No,-1
305e2e55-b1a2-494b-8cf7-93b30c2b2c4b,57,Male,171,86,No,-1
c968b3f1-9bbf-42f2-a831-176dd52b7024,23,Male,95,81,No,-1
20c5a930-8529-4bc0-8837-5c9b390ee8d9,77,Male,165,5,No,-1
29762f11-1d7e-4478-bcb2-cd35550ef43d,63,Male,142,82,No,-1
db4bf21a-6f6d-4f8d-b8cc-99deed4445ef,43,Male,191,27,No,-1
2c016c5c-f7f2-4856-ab49-563e3897f9de,87,Male,63,38,No,-1
44f3f5ae-cf8e-4421-a9f0-d4c97a74beb8,36,Male,177,68,No,-1
c4b6a8d8-769d-4349-bafb-db16f6c24e82,83,Female,136,100,No,-1
321164fa-bb3a-48ca-bad4-99ed64b659f8,86,Female,109,68,No,-1
3b2bbd3b-9da9-4821-acdf-73e6144cfabb,87,Female,157,95,No,-1
720ff62e-a389-4fea-976e-32d8be793916,50,Female,56,76,No,-1
a026460d-99be-4dae-b70f-e3e3ad5f5ea2,32,Male,191,67,No,-1
5303d578-d14e-4604-8601-7fa8ab26c64d,68,Female,31,76,Yes,-1
1ae50f7c-5799-4b51-858a-6a8c456cdfc4,24,Male,142,18,No,-1
ce2cb329-fbec-4bd8-988a-a48a4f4c254b,76,Male,94,55,No,-1
9a78ec36-1679-41d3-9e81-208b49f0098b,26,Female,163,47,No,-1
5bb1bfd9-8544-4288-bf2b-8025206f47ea,72,Female,136,53,No,-1
47b04087-fe26-4e4b-96c6-25c7372d4f5c,51,Female,156,42,No,-1
65853597-4ec2-40ea-b3e0-562f03cae366,51,Male,115,69,No,-1
e00de922-c537-4604-a048-69f6b75eb59e,73,Male,100,32,No,-1
96dbc4f1-3485-4a62-9ef6-e3d70635e2c9,46,Male,51,77,No,-1
fa007b77-381c-43be-a9a1-6825d66881e6,89,Male,52,95,No,-1
895da2e9-a732-464f-ac52-9e0389d331ea,44,Female,104,49,No,-1
22b70834-ed5a-463d-b6d3-61de17f3747a,50,Male,28,34,No,-1
9518ae1b-0656-40b4-90a0-e2fbad8cfd44,69,Female,171,66,No,-1
36c7e28c-ad26-486b-9e59-016629ee550a,56,Female,150,86,No,-1
7c95134b-f581-4080-a2af-5c3c78139d90,86,Male,42,67,No,-1
80e35fb4-37d3-445d-a38a-6fc8166a1f12,56,Female,153,21,No,-1
328624f0-cd7e-4b27-98fd-073281003d9b,67,Male,164,40,No,-1
335ec8df-2da0-40e9-8384-e36968efc8f3,30,Male,127,45,No,-1
2347cc5d-61ab-46cc-8078-a2f1a95d8850,51,Female,147,78,No,-1
f4d24f61-75d5-45f6-99d6-041660fefff0,88,Male,176,48,No,-1
3fd502f8-c06e-4e08-b8f1-25ccc3279d22,37,Male,86,74,No,-1
1858818a-6914-4b63-a25e-7aa0a96f1cb6,66,Female,188,47,No,-1
868b9426-23bd-4c88-9601-9df58666793e,18,Female,58,75,No,-1
f436cc35-b18f-4178-84a0-045fcd84c0ff,24,Male,191,92,No,-1
a8cf8467-fb27-4032-a443-04ed775d0224,89,Female,158,83,No,-1
fab96e4d-a5d4-42d1-bd27-8f414caeaed8,58,Female,86,5,No,-1
6da8a62c-72bb-4f44-b0fb-7889f7469883,18,Female,175,81,No,-1
4436f690-e50d-462e-aceb-d324ed3354dd,33,Female,81,5,No,-1
afbbe90e-2fc0-422b-8665-3c670dfc1a8c,25,Male,104,82,No,-1
7fb2306d-82ab-4cf5-9bec-c7927a23d2d4,18,Male,99,81,No,-1
d3d49e84-7342-4e95-99ec-19ab30cfa61b,30,Female,155,22,No,-1
1ceb7e9f-8a6e-483a-9767-4691409fade6,69,Female,175,45,No,-1
c95b9e66-8571-473b-b576-d9b9da4717bf,73,Female,111,45,No,-1
b8ecb4ea-5748-4c08-94c9-36d0e72b370f,63,Female,47,30,No,-1
85c1b579-20a9-49cb-9081-77a840e4f719,79,Male,40,19,No,-1
b53a14ca-d9f3-433a-9814-ce88c784c94a,52,Female,57,69,No,-1
4e8094c4-4dee-42dd-9433-3bb016ef1b87,23,Female,96,66,No,-1
72aec022-f455-4478-9b0a-7a49a8db1b6c,46,Male,54,81,No,-1
7b938b44-0b8a-407a-966b-f96b20a720c9,89,Male,83,17,No,-1
d382e8c5-0c22-4d7b-9ee9-b12d3b230d53,32,Female,50,92,No,-1
13b3ccd9-ddcc-4237-8ec6-f50e0897ca6f,74,Male,78,73,No,-1
8e8d4340-d7b7-4d98-8d8c-36368b6638f8,81,Female,108,52,No,-1
3d37ee66-21bc-441b-a974-c732379d9321,75,Female,117,39,No,-1
433f68ec-ebf0-455a-9dd9-f10551480f71,68,Female,172,2,No,-1
06d6f9cc-557c-497e-b071-1cbe5354fccd,73,Male,119,44,No,-1
b050f8ee-e665-4e67-a8ea-9b6086b18c7c,32,Male,168,57,No,-1
8f733507-4d2f-4925-86d7-8b1beb1e5185,66,Female,176,21,No,-1
077cd7b7-b9b3-46c2-a643-8f3590b8b44f,27,Female,181,25,No,-1
5777ba7e-476e-401d-baaa-9bc099f8f442,34,Female,126,29,No,-1
0dd9c556-9570-4eee-8c2a-6ca53d5dd43f,61,Female,190,19,No,-1
0ef99a4b-bf2e-4b4d-884c-581846214cee,30,Male,99,31,No,-1
b8522c76-fa5b-4eb9-b6e4-1f929d16bdfe,44,Female,35,4,No,-1
cc403bc9-f71f-4b57-84b7-b5e04342e011,45,Male,82,3,No,-1
d79e73d7-09bc-4856-8c08-da49e92aec56,75,Female,52,23,No,-1
27fb244f-31aa-4a1b-abfa-0bdea9cb8241,88,Male,147,88,No,-1
358e5908-1e8c-47af-b0a5-9b620fbacada,69,Female,125,20,Yes,-1
30d44954-c804-4041-83be-ddf4496494cb,78,Female,122,16,No,-1
07f58f65-257d-4d73-bcf1-31667b45268a,68,Female,140,21,No,-1
d06908a4-beeb-4ff5-bd99-a6499ecc50d3,40,Male,117,25,Yes,-1
2bd45268-d657-407f-81c8-4d6b8334c405,66,Female,170,28,No,-1
1a41a3c0-7d79-499e-bed4-51f20f20a790,25,Male,52,74,No,-1
bc60b4f6-8900-4273-bd80-3148edbbc749,88,Female,55,39,No,-1
14141ffa-8015-43be-8750-fb67a80c526d,75,Female,78,52,No,-1
f1a9038d-cf5f-4c96-a98d-6c50f7c174a6,49,Male,151,82,No,-1
e9aad1db-be15-46c3-869a-c0c86efad42f,27,Female,169,95,No,-1
0d3ed704-e443-45a0-a47c-7244d6e68f4b,37,Female,144,92,No,-1
4162f851-21bf-4e1f-8dab-dc669e6c3597,69,Male,190,34,No,-1
14cd3199-2244-4810-81c1-64702f3f016b,18,Male,183,40,No,-1
2838b83e-256f-4d76-95cd-9a2068c4ff33,61,Female,38,18,Yes,-1
015b79eb-abb3-4501-a21b-b310abc0281e,88,Female,136,46,No,-1
dd309d59-a2bb-4c82-baad-719774f81ec0,51,Female,193,1,No,-1
185be973-f1f4-4264-810e-293656a14bcf,57,Male,175,38,No,-1
8bfdc1b9-a811-40b4-9e13-b373b566e56e,23,Male,99,1,No,-1
7491921e-169c-47fb-83e0-ecaa9d001cbe,31,Female,157,11,No,-1
418cf7fd-05d9-4072-b116-e37b7c077f31,20,Female,103,40,No,-1
334730c8-3d05-4846-a6f1-5c57a321b615,66,Female,141,82,No,-1
fee4c087-c947-4185-81cd-9f3716ffebb2,54,Female,133,50,No,-1
17d138fc-be55-4c4e-b794-f07f12072496,87,Female,180,84,No,-1
35bb457f-eb01-428f-8cab-867dcb55dfb6,77,Male,129,46,No,-1
c3f38250-f88b-4a48-b8d4-754daf9d3883,49,Male,169,7,No,-1
14483acc-31cc-42ad-842f-4fd345c1eb3f,69,Female,37,42,No,-1
62871bde-e4e5-48f3-bce1-3c3cf29a1718,40,Male,76,23,Yes,-1
cf087d23-e537-4791-9997-34ff3cf7912b,22,Female,176,41,No,-1
5aec9e73-7209-4d06-ab61-21c0efdb75a7,35,Male,35,19,No,-1
8bd5a480-57c9-47f1-b7c1-173e6e886ab7,39,Male,111,32,No,-1
76e81cfc-dcfa-4b96-a360-f5d209e9242a,80,Male,57,40,No,-1
7dff1b54-9f1c-48f2-9b72-5bbc4274c0ad,62,Female,111,36,No,-1
c892523b-96c0-473b-9092-e7dba32f298e,64,Female,49,35,No,-1
8a99ae04-ecb4-4669-a2ea-53bf669aa5b8,40,Female,185,100,No,-1
aba7f270-be0b-4db1-9da9-421c207d6376,30,Male,48,7,No,-1
0ebc2aa4-bb61-4c3d-bf98-0ca1281f0c6d,26,Male,175,38,No,-1
d3896d0e-ec1c-49f8-b6b3-066d43a04372,45,Female,193,93,No,-1
1a5b76cf-608b-4ec2-8dbe-fd18aedec6d3,63,Female,81,100,No,-1
0be8ba70-5054-4b0f-8268-b44f912ed645,48,Male,139,48,No,-1
863826d4-a4a0-4f99-94d5-cca28df76040,52,Male,82,7,No,-1
a0393f40-d30f-4fb6-8cbe-6856fa72018c,33,Female,95,77,No,-1
c9f947bf-22b9-477f-9763-513dad94572a,41,Male,142,24,No,-1
395b98b4-b64b-4aea-80b3-e0ac1ffea085,72,Male,145,42,No,-1
0fdfcca6-6e0b-47a8-950a-9d25aa421c89,89,Male,44,79,No,-1
0c3528b4-d033-454b-b48e-a150962bf64f,86,Female,171,23,No,-1
55be771f-f043-4272-ac27-4b768d8dc036,64,Male,184,43,No,-1
2a5197df-3f85-42d5-b670-6614cecacfb8,63,Male,147,80,No,-1
83d400d7-b974-4c81-8e67-527ae3332652,36,Male,131,28,No,-1
79eeb453-22fb-4d95-9189-28c67e14ecf7,79,Male,101,68,No,-1
ce90bdf2-7755-44dc-a258-a2d4e96afeaf,47,Male,173,6,No,-1
0d1c4ec0-d931-4800-9124-e3a8dfa665b6,53,Female,152,70,No,-1
da5b408c-730b-4c79-8176-c9f92b64bc15,89,Male,58,73,No,-1
a565b6f3-b970-4c23-99c9-3b628ac7c89f,79,Female,66,90,No,-1
bbe0ca49-8e03-402c-be08-95a2fe1dd8f5,52,Female,176,41,No,-1
67ef8426-6939-4b39-943f-6c97e645b238,40,Female,194,3,No,-1
22e6b398-54b3-404b-8e58-82eb8fa37b9d,81,Male,37,26,No,-1
1eef421b-6301-4bed-952d-921c9b53d75e,90,Female,50,44,No,-1
3fe25302-c1bc-433c-a2c2-22b52ed93b19,85,Female,42,38,No,-1
5227d899-71ab-4aaf-af9b-c2e819915194,26,Female,34,13,Yes,-1
d07a1066-892e-4215-ac43-eadcd840724a,51,Female,167,50,No,-1
f7a42b44-4906-4cd8-ace5-c3c1dacfb50f,75,Female,64,23,No,-1
b5b694a9-5bb8-4ac6-8620-91952bc6332e,57,Female,80,72,No,-1
5c111e43-8398-49c6-a4c7-2c4804fb0e23,40,Female,167,67,No,-1
d4115db8-d5f4-498a-9386-33364af518ff,61,Female,116,24,Yes,-1
ed1981e1-76bf-4d06-a404-b3c4c8dd320b,72,Female,68,62,No,-1
6701baa4-66c3-4148-bcea-9d2a70fadf08,86,Male,110,50,No,-1
e89abcb5-11c2-4e12-ae72-d40515c7531e,89,Male,151,32,No,-1
20300755-fb31-4203-a6fe-3d612c17da69,36,Male,30,38,No,-1
42914a99-d2c2-4c41-bc2b-38645a14874a,78,Male,178,8,No,-1
3441d32d-a911-43c5-b72f-6af1264b951d,65,Female,67,43,Yes,-1
99ee1771-4c9f-4364-ac1d-c344b2391815,28,Female,65,26,Yes,-1
3e8e1ed1-bd7e-4413-b182-f539779996de,87,Female,22,52,No,-1
3afbe1ad-5fc6-4c7f-952f-421cd88ba0c4,86,Female,190,76,No,-1
21277565-222e-40bf-91a5-df3125258b7c,89,Male,177,29,No,-1
56b2fdc8-4aa1-4d9c-b072-eb48f5adb58d,70,Female,184,36,No,-1
77b08770-4360-41c8-a37f-1488bb54b149,35,Female,106,44,No,-1
dc896987-572e-48bb-891d-92f5402999f9,32,Female,64,21,No,-1
2fc65c89-5315-433a-9761-bf36d28d8fde,40,Female,129,22,Yes,-1
13ca50d8-947b-4996-8051-1b50f6a48ffb,54,Male,181,33,No,-1
0dfa13a6-1db1-4643-9bd1-739b74e65aa3,24,Male,53,75,No,-1
4f1ae664-75ef-4c5b-a814-8c905cf64706,90,Female,198,73,No,-1
2fd1661d-113e-4d5a-95c3-1d5044bd88fc,39,Female,105,62,No,-1
0ec063a5-34ee-451b-9405-b0561636aadd,18,Female,24,56,No,-1
e6652043-8d1d-412f-902b-46215009c715,53,Male,150,91,No,-1
d0469c8a-3a7b-459d-a4a7-ae3cf5fd0e6d,86,Female,181,60,No,-1
8b8793af-4820-4db2-b976-4e66223d38c6,46,Female,92,35,No,-1
72ecc986-6131-455a-9627-7185629d6f85,83,Male,176,19,No,-1
bdc5dad6-3217-4b1a-95e8-a1c530169096,55,Male,156,70,No,-1
ff123b33-8823-4d3a-8e4e-960c216a208f,73,Male,96,34,No,-1
d69574b4-baaf-473c-b68b-1bdf22166005,53,Male,54,48,No,-1
41b8780d-7186-4c61-bfc1-1667eedc5e42,21,Female,166,28,No,-1
1b3a84ba-ec08-4057-9351-fb4f37bcbd75,71,Male,149,5,No,-1
9b70dd5c-44b1-45a7-ab01-6ecd299294e3,63,Male,83,72,No,-1
f23dbdd8-25e9-42f3-9b6d-501bdf3004fa,86,Male,53,73,No,-1
f9e19c28-ec18-482c-96d1-fe13b1e5ee77,35,Male,51,20,No,-1
ead335d1-6fd2-4403-b84e-ce610fc458df,25,Male,140,92,No,-1
e85bfd2a-b2e2-4256-832a-3329cf259a1d,35,Male,52,99,No,-1
e111f0b3-6e43-4619-95ef-82954fce94f5,29,Female,46,9,No,-1
2f36a129-e465-4c80-b984-08e647e4528d,78,Male,78,13,No,-1
91dd4573-c65d-4adf-a235-16432f816f5d,86,Male,100,64,No,-1
e2ef0c4d-50fa-4183-b2c2-19819cd10a74,46,Male,147,20,No,-1
f177c810-b538-4c62-b74f-1d31af9246eb,74,Female,31,46,No,-1
d6e52358-0dee-4a07-ac87-3eb9f14bbe53,36,Male,90,73,No,-1
3fcc2b0c-f395-4c55-b646-1b58dfe63736,82,Male,140,94,No,-1
6f657c2f-f63d-4df4-969a-7bf0b54630e6,54,Female,93,14,No,-1
abe95c21-ce9f-4d65-aff8-366d2b82164e,81,Male,182,91,No,-1
3a145aae-96ae-4dfc-b75e-3f4230dada7b,42,Female,152,24,No,-1
fccc36b1-0c5e-4f57-bb99-aedfe1486ab1,40,Male,122,68,No,-1
15f16fe5-4925-4b0f-a8fd-019359d4e1b7,75,Male,102,62,No,-1
5242e0c7-c0da-405a-a66a-09aa334632cb,90,Male,172,36,No,-1
b1155690-84af-48d4-813e-7e2a18206abe,61,Female,146,12,No,-1
aae77ebc-9ee2-4eb2-a243-81fed8933f5b,67,Female,199,60,No,-1
1d48a535-673a-4f88-a176-3632f334647e,32,Female,115,94,No,-1
a6136afd-42dc-415b-b6c0-d54fa095b201,32,Female,164,38,No,-1
09b9510b-2c2e-4702-8277-29d8e56d6503,64,Male,71,21,Yes,-1
56e80876-ebfa-40f0-aad7-bc846bf3204d,87,Male,89,35,No,-1
0e90e844-12f8-41b3-a4d0-f2421e0adcf5,75,Female,156,93,No,-1
d02692b3-75e1-45a9-b2b7-dcb8fe718f5e,81,Male,93,41,No,-1
c2f5a470-9d7c-4cac-ad4c-a8e2f16ec24d,66,Female,78,21,Yes,-1
ffc51691-d0b8-4d85-bff9-751a798b53d1,68,Male,93,54,No,-1
a777abde-19c6-4728-956c-a12b6abc7ef0,19,Female,171,18,No,-1
f0c0406b-3c0e-4c26-9119-ce9f526190fc,20,Male,189,76,No,-1
b00ee4c6-d37c-439a-98a8-c98c1e788565,88,Female,177,69,No,-1
7133ff70-3a3e-4727-80a8-4853d1c2c3ba,57,Male,96,51,No,-1
7f79175b-4a54-4363-823f-a5e9101de6d8,82,Female,199,47,No,-1
5bd36e27-29c8-425b-8f3c-ca8bde719cbf,18,Male,102,32,No,-1
cbd1dd01-631c-4338-a9a0-01af551814ce,47,Female,36,42,Yes,-1
34b8df8e-b0a8-4a3b-9570-e7394294daca,49,Female,117,44,Yes,-1
0063dca3-394d-4f2c-96ee-50a27efa5c4b,27,Male,44,42,No,-1
61a9cd0d-d166-44f1-91e2-56423a004858,21,Female,110,27,No,-1
a6e2fd1e-1abb-4a33-ae03-1d14ae25a262,72,Female,186,31,No,-1
03756702-6e9b-40ad-b0ad-9aaadbcba85b,49,Male,149,13,No,-1
c6979c16-f298-4d1d-8343-6543a32b28c1,89,Female,176,35,No,-1
54383721-0cf5-4e4e-acf1-f881a5e89dd0,83,Female,177,63,No,-1
35f94b41-269d-496c-bca1-ee6880b9bbda,67,Female,86,10,No,-1
89c22d42-5018-421b-af34-36085dd6d77b,18,Male,60,35,No,-1
885f9586-7c4f-4e07-9449-53ce2bece53d,29,Female,138,21,No,-1
0481a27d-9738-4b29-9f74-0d9f3e472b42,83,Female,159,28,No,-1
ec3c384f-51e1-4890-aecc-82ccd291fe89,18,Male,168,74,No,-1
b243a5d7-4587-45db-abbd-891e03d8c879,62,Female,70,23,Yes,-1
00e90496-c43c-40ba-966f-aa0e137097fd,88,Male,32,20,No,-1
25ee77d6-c4d3-4a60-94bf-4aaa0717e3e3,22,Female,152,35,No,-1
c82c9107-1440-42d1-b81a-edac18c1d707,70,Female,165,32,No,-1
f8106020-fc57-4cf2-a0e5-f8bee80df6cc,78,Female,98,9,No,-1
3336fc8f-832a-40e7-ad26-fe6006f43462,38,Female,67,25,Yes,-1
d1d48136-fa7d-4722-a4b5-345c1c6f2f7f,29,Female,167,80,No,-1
bcabcc5e-4a90-44c6-99bc-4c534d6e45a6,79,Male,78,31,No,-1
e7283c0f-cf30-4900-9002-3011b5fc0c74,56,Female,111,64,No,-1
95cdf25f-a22b-412b-9399-1de5d84e2c5c,52,Female,154,13,No,-1
1cf60c8f-3518-4112-afed-a6d6d6b50fd0,67,Male,76,7,No,-1
a20a9af1-df6e-4356-b789-5d93f4e63040,82,Female,61,17,No,-1
6c85d904-911c-45bc-81ad-02986d16bb1e,60,Female,62,85,Yes,-1
3bd05bba-aebd-4280-900d-0cadd1fe3fc9,38,Female,70,45,Yes,-1
84b3f93e-de65-4400-8b6f-2cf3fc969a20,88,Male,139,49,No,-1
a2a5f39a-59e2-4646-b22d-0e9ba5d735ba,50,Male,163,46,No,-1
78db2be4-c3fe-4575-88ed-f6d314cbb2ce,89,Male,184,39,No,-1
3c513ac3-c349-4849-b1b3-eb110b7c374e,84,Female,113,87,No,-1
a865f4aa-e087-40ca-b71e-b74c4979ce73,75,Female,104,32,No,-1
7360a2d2-3f93-4194-af1e-dfc708cc8eab,52,Male,56,44,No,-1
34b29ea1-0dfa-4fc2-b770-488c0058859c,87,Male,179,96,No,-1
b1ff330b-750c-43df-be90-c0898481f714,19,Female,65,97,No,-1
bf9d699c-3ab4-4a0d-903f-c31076b5e4ea,86,Male,56,39,No,-1
13307b07-cd2e-43fc-8f08-5ea31af5cba4,64,Female,117,66,No,-1
b3bcd050-7236-4b35-aa51-4e6f56990b79,84,Male,119,21,No,-1
3295fbee-e022-4971-bbce-3883ad35535f,65,Female,63,16,Yes,-1
86218084-27c2-47f0-b5e8-977a28fb2ba3,44,Male,51,29,No,-1
7fe8a871-7796-43f1-9ab4-b5de2105af68,63,Female,116,40,No,-1
59fe48e6-5177-4ab5-950e-ab09c6067d82,28,Female,147,24,No,-1
c2e28eee-d0a0-46dd-994b-bb9eb7de8b4b,45,Male,166,72,No,-1
c0000aa0-fc8a-440f-9677-e9a3745a8956,69,Female,198,77,No,-1
0d3abc1a-9afd-4cb0-b14e-77691c19c724,48,Female,108,28,No,-1
eb885fd1-004d-4844-8062-e5ef983f5fcd,58,Female,32,91,No,-1
55419213-4ff3-4bbc-9f9c-d1c0779ad573,86,Male,128,34,No,-1
9c0a8430-4083-437e-8f0e-e9c0219dced5,66,Male,39,4,No,-1
fb40341b-e87b-4c2c-9aab-e2faf9165a6e,36,Female,105,25,No,-1
f5ffe33e-9eb5-49a4-9a16-5b1ae510ad6b,51,Female,164,59,No,-1
824f5684-0a9e-4e53-b585-3acf202c43d8,67,Male,92,36,No,-1
3358a0cc-73bb-45ec-9abf-b761cb3c7d82,38,Female,145,4,No,-1
e213075a-6f06-41ea-923e-4013866dd6ec,47,Male,152,47,No,-1
3356256b-2543-40aa-8f0f-ee66f96745d8,89,Female,104,43,No,-1
74142d6b-f2b8-4656-ad35-3ca0d9c8c945,56,Male,52,69,No,-1
81da9d9d-676c-4524-bfd6-0fc526d41abd,43,Male,181,90,No,-1
14cf478e-4a23-4f36-9691-95bf6eb46b39,87,Female,149,76,No,-1
3a1c0a94-9a72-4469-99b7-844d35f31477,26,Male,45,28,No,-1
efdab50c-a453-42c9-8f70-da7d8b16cacd,84,Male,64,96,No,-1
8d7bb5ed-55e8-4f9e-aef8-a3e3fc7a73c8,46,Female,195,92,No,-1
8f45aebd-b65a-4a9e-882c-5bdbcedf28fe,90,Female,142,10,No,-1
9d7812ed-23d0-4459-baa1-adfa6402dee2,57,Male,138,21,No,-1
4c14c82b-686d-46f5-a9eb-6bc7066b10e5,28,Male,40,24,Yes,-1
d23148c9-c0a2-4ba4-ae94-fce61d2a2209,56,Female,37,2,No,-1
4f46d854-52d8-4003-950b-38d9d460f7e4,58,Female,120,68,No,-1
8c8b163f-b9c7-458f-b46b-66be46ddde50,25,Female,175,17,No,-1
ca3e3a6d-2996-40bf-ba59-ee598be1066e,68,Female,116,42,Yes,-1
04e115f3-3db9-4349-ab91-af84e09f3f34,65,Male,179,66,No,-1
afe1c54a-5074-40e1-a5d2-5e150c0a196f,79,Female,134,83,No,-1
7ccd8a1c-0599-4898-97a6-ba7962ca8814,78,Female,130,59,No,-1
1b4b7bb6-7d3b-432f-8041-373a55c5d90b,71,Male,160,92,No,-1
28826c6e-1131-4e59-b745-660b78cd6929,53,Male,42,8,No,-1
f3511628-f378-4932-b66c-79bb9c827b84,55,Female,53,69,No,-1
e41ada66-96e7-45b9-95a4-fb031c3aac91,62,Male,138,8,No,-1
2f3487d9-401a-4ee7-9c9c-a6380e30759d,84,Male,155,85,No,-1
2d44bf1d-2f2a-495a-a935-3b770f1c12ca,83,Female,142,100,No,-1
b2a991cd-2454-4403-a133-2fbdba52fc89,73,Male,110,46,No,-1
70cc710c-e0c8-4b07-9b8f-78604b57896b,64,Male,62,73,Yes,-1
0cb0e739-96f2-445e-8d19-d46e9fbd4ee6,28,Male,184,92,No,-1
f7320923-3804-4e82-bf8c-886c316e4c69,21,Male,70,28,Yes,-1
f6c9552b-effe-4fa0-9cd5-6449da00eed0,69,Female,125,16,Yes,-1
bc886314-3f9a-4260-8332-d96d0d5d871f,57,Male,181,9,No,-1
4824c759-35d5-4ab7-be41-58bffe6a0c6d,37,Male,198,35,No,-1
bda2268d-7fae-40ea-8e75-7b5f0427456f,64,Male,188,1,No,-1
fdbe40b9-2d63-4cb0-8823-19ef327673f7,84,Female,141,49,No,-1
cbdc5e86-8813-46c5-81ab-6da2fe848087,62,Male,192,52,No,-1
b3b53931-60e5-49bb-b567-55df49549d04,89,Male,114,64,No,-1
9e6a8179-4203-49bd-98e6-3618a121c737,59,Male,192,72,No,-1
87ed4365-fd08-49cc-9455-f43fe8dea3fa,82,Female,193,86,No,-1
f04cafbb-a191-45a5-a548-2543dd64f012,47,Female,154,91,No,-1
ce480ee6-5c46-4f31-9dad-49fb5219b107,73,Female,151,51,No,-1
40264e1a-5c91-4005-82e2-bf990fd95d05,18,Male,99,37,No,-1
502b064d-0832-4357-8dcd-96d0c19e716c,83,Male,25,26,No,-1
f7625c89-c885-4b44-a154-1a79df1a684e,42,Female,30,39,No,-1
6a7fd132-b05f-4b76-8e3a-1fa0c5aa2ae6,23,Male,144,97,No,-1
559564aa-7c5f-4ac5-bc35-e91454ba047f,35,Female,113,45,No,-1
93f53132-07d1-4f65-a0c4-d90e2e6fdc69,67,Male,185,59,No,-1
3b18e833-9aa0-42c9-bec8-9c4982c6df0b,61,Female,52,71,No,-1
b0be1934-d503-45b4-8be3-41b3a7a3cec9,46,Female,64,28,Yes,-1
776058e4-2def-43a5-9eb2-41820c142571,68,Female,190,58,No,-1
7c4a529a-0d8f-4c6a-87b6-303607853bd9,50,Male,146,92,No,-1
38db0eef-c0de-4eef-b241-aa63c7678856,38,Male,115,64,No,-1
6cccc228-bf64-4266-aae3-0e59cab9d7e1,88,Female,92,5,No,-1
670e9867-8f06-42de-b64d-ffb18a2466e5,57,Male,112,61,No,-1
0f9b5c10-4f54-47b3-a3c1-c30ce29dd308,30,Female,79,34,No,-1
1f889a39-d5d7-4941-bf10-05a5dd4cf516,70,Female,93,4,No,-1
13680909-d0e2-4b0c-9920-00c2319f4db4,22,Male,79,31,No,-1
779d827d-e60c-47ed-9074-06fb06224b97,87,Female,152,98,No,-1
43aeaba7-00a9-4ce9-8f6b-5c4175b907e5,66,Female,79,9,No,-1
e55a27b3-cb75-4abd-86ea-edcf1660b98e,58,Male,70,85,No,-1
c3e36bd7-9b3c-4181-ab9f-ce7ff0adf7c9,43,Male,170,27,No,-1
c78073d6-15ca-491e-b60e-2bd033969f73,31,Male,185,47,No,-1
53e91d80-fcaa-4f12-9365-1499407194fd,71,Male,151,25,No,-1
ee787db4-6312-4e93-ad8b-bf7a95761604,44,Female,30,77,Yes,-1
ab965189-9900-466f-8c9a-c4b5da79c2cf,24,Male,79,61,No,-1
40b2b73d-0b74-455f-8151-24e4368e589e,18,Female,38,22,Yes,-1
cd647c58-a364-4fd8-8d47-13b7224c54cd,42,Female,58,96,No,-1
85f8d86e-ca70-486f-a717-569b84b44b93,29,Female,120,38,No,-1
e63611e4-d93a-4152-b408-56e5944125f7,24,Male,51,34,No,-1
0324806f-9c11-4881-89c2-20c303ef6c68,67,Female,55,51,No,-1
ca5b697b-1efb-421d-acf1-634025a8dfbb,59,Female,173,25,No,-1
b35a140c-4c00-437d-a0bc-9a591b9f3411,28,Female,66,46,Yes,-1
5896c889-ae48-4a0a-b559-8f49259e0333,65,Male,150,91,No,-1
ae7502ec-f71f-4ed9-85b9-d0e37fd7275e,40,Male,142,53,No,-1
be6a73a9-a9f7-426f-a3b7-0dee4fb5caef,23,Male,42,1,No,-1
1ac6eb14-572f-4a66-b20b-b29e3f278541,67,Female,100,38,No,-1
641ef82d-b97c-4b33-9d8e-72fe8e1a28b1,62,Female,34,40,No,-1
4660ac91-54ba-4f97-992f-30e43a8d0a8d,35,Female,127,3,No,-1
6445ab49-6359-4803-80db-47bddb48de11,37,Male,127,3,No,-1
c10d9aea-edae-41de-a3bc-83ac24c7f132,68,Male,187,42,No,-1
816edd3f-2b6a-4297-a4ca-a2085e20f8d2,36,Female,61,14,No,-1
381486fd-df72-4d0a-a2e9-15ec250511fb,39,Female,107,74,No,-1
68a6ab43-9b68-44b7-925b-7edeebe7f3be,69,Male,171,2,No,-1
8c3a82d1-e530-4b5f-b669-a8bbbafb2729,46,Male,113,41,No,-1
715ae9c6-ea97-4c6e-a909-7ad4b163fc4b,90,Male,72,31,No,-1
8372eb29-81b8-4edc-a491-fa30ff189ed6,60,Female,195,6,No,-1
5b876b07-993b-4d1a-bf02-660217e407c2,39,Female,100,46,No,-1
d93282c2-ad39-4e6f-97ef-498835897107,63,Female,54,93,No,-1
ccf5d9cd-d355-47a1-84ae-5af54ac405bb,46,Female,189,54,No,-1
948e09c7-a498-454e-a9f5-db55aff383a7,72,Female,184,66,No,-1
76a42bcb-5f89-466a-86aa-71c64b728507,55,Female,152,89,No,-1
55e5e0fc-c920-4571-8de4-3103981c9044,23,Male,51,13,No,-1
7304e61f-f62c-4f72-8a9b-de440c4b072d,90,Male,95,40,No,-1
2e62ffd3-e41c-455a-ac0b-5436d271534d,49,Female,105,1,No,-1
b66eb0a5-e586-4eb2-be07-090597f7bdec,35,Male,155,51,No,-1
3183265c-b415-41aa-b079-2832fdfd9adf,52,Female,108,68,No,-1
259321a0-63a4-4676-8f54-6bb612851252,77,Male,29,20,No,-1
ecb89a27-2acd-4020-b322-afc89aa16720,28,Female,166,54,No,-1
5cde4026-7916-4585-8938-f9861ec3ccc9,77,Female,59,41,No,-1
8b8679e0-961c-4d3a-8118-6af393cdd9a6,40,Male,166,49,No,-1
d2ab6280-4d41-44e8-80f2-a487fe0173de,24,Male,95,76,No,-1
4a505233-c37d-4eee-ac6e-c6ecf774b2c4,59,Female,118,27,No,-1
7803bbaf-b8dc-4d82-b959-1e94d4ddb92d,75,Male,76,18,No,-1
fa4a1638-82af-4bf5-853e-2512b3a7aa63,76,Male,159,96,No,-1
a4b1c22e-225f-4c58-80d6-a6169ddf2c3e,73,Female,169,1,No,-1
2dfc89f5-5111-44d4-82b9-885e65ca475e,55,Female,154,10,No,-1
8cf034f5-4391-4765-a775-1652c509d468,49,Male,135,46,No,-1
721b2cde-f004-44cb-94d0-bf53abd2df5f,86,Female,179,24,No,-1
faa133e6-b641-4e09-a8ad-1fec45467c0e,82,Male,53,98,No,-1
880e56a3-c650-4812-973f-591472003dd6,83,Male,184,32,No,-1
fe613c33-370e-4227-a2db-eea8dffdc170,49,Female,81,12,No,-1
c691a520-26ad-4738-bcd9-17f44701d547,64,Male,111,75,Yes,-1
48d9d733-71aa-4cde-b394-da0fb9755d59,31,Female,105,57,No,-1
ae394d00-af58-4100-805d-862ac935b72b,68,Male,98,3,No,-1
2d4e00a6-fb14-4b0a-99ef-1f5b2258ca99,82,Male,137,49,No,-1
4a6411df-29cc-4fe8-8980-ed70a80e769e,69,Female,45,60,No,-1
ec691947-038c-47ca-8268-608ec6ff8bf1,39,Male,106,51,No,-1
9529aa20-4715-4b56-8203-1043ae99d176,27,Female,131,32,No,-1
84ff0da8-2584-46a8-b779-3317abcbdd1b,75,Female,108,26,No,-1
5c0654f9-82f7-4834-b496-d0944a4172e9,77,Female,120,68,No,-1
70742c28-c4fa-49b5-9705-d21a7a42d899,69,Female,62,71,No,-1
880d6167-2be8-4797-95c6-aa032eb727e9,79,Female,101,23,No,-1
4f08241d-8242-4eb9-a823-ff6803283c33,19,Female,140,82,No,-1
b6179878-7bc2-4ed6-8e8f-260329ca38c7,60,Male,24,29,No,-1
9a858367-1eb7-482f-9ed3-c570665fa43a,60,Male,109,65,No,-1
279c7815-ef53-4202-b1c7-6e50cc33d0d7,84,Female,28,47,No,-1
87ab2deb-133b-4cc1-8d60-5eee95cb5b71,44,Female,82,28,No,-1
5ef91342-fd38-4c55-bbf6-443b8ed0359d,78,Female,43,79,No,-1
a425d323-b5bc-4208-a20b-a119e7259796,21,Male,101,33,No,-1
0b33a95c-d4c2-4925-b79d-f614e10122ed,60,Female,54,23,No,-1
fb4d0939-2688-4bef-bdfb-6cd899438a26,69,Female,187,41,No,-1
bc6e688a-a4b0-441c-be8b-1d0507676168,81,Male,111,33,No,-1
bd40bb41-7d9e-47eb-b561-5a21d8272891,25,Female,164,57,No,-1
7679ccc7-22fe-4270-9d93-0ac9cb8af90a,56,Female,169,68,No,-1
4877e798-f927-4f5c-b15b-ed67aec88f00,73,Female,147,21,No,-1
a5c19171-19f4-4b2a-a3d1-44ac4fe80a07,37,Male,82,65,No,-1
28a4b795-b381-4a63-83e9-9cb225236217,37,Female,169,1,No,-1
9370e5a8-43de-4006-8355-cebf9dc9f235,22,Female,68,42,Yes,-1
47b347a3-c31d-41f0-959e-62ac4e631dba,46,Male,176,26,No,-1
34255a8d-f36e-44df-aee5-da7731fe0ecd,64,Female,194,48,No,-1
ef853d33-f264-44f9-8ed5-68bab7fe1997,27,Female,170,2,No,-1
0fdf41d1-24b8-48aa-b76b-551db055ef99,83,Male,172,1,No,-1
27ebeb0c-e24b-4e3f-af43-bfd975a6fb27,39,Male,79,30,No,-1
281846d2-8f41-4dd0-ae10-70e1f1137bfb,85,Female,179,22,No,-1
1d1cdaed-b12c-42e1-8131-e2b80fb10dc9,54,Female,98,7,No,-1
a314334f-4723-4a71-81a1-2d465bd85087,54,Male,181,81,No,-1
f12266a5-316c-4349-a7fd-fcdb52010e9c,83,Female,42,3,No,-1
08808d4d-5c04-46cf-bfb4-13edc1974071,77,Female,56,11,No,-1
9b7381d4-948a-441e-b78a-5f6a2be9ea7a,86,Female,83,34,No,-1
197d3740-133b-446a-804b-ed47d1fbc559,90,Male,169,93,No,-1
1cc89e49-61bf-40e7-a48f-26a6c4c61f49,89,Female,113,38,No,-1
89b2fecf-44c8-4e71-ab32-b8f8441c4ea9,54,Female,124,15,No,-1
6eb8d8dc-7c72-434f-9b0d-ce2383d8bf72,54,Female,34,4,No,-1
59c39eba-aac8-4404-be7b-3f91e6156fe8,23,Female,163,72,No,-1
c7e4d84e-11dc-4f5c-bbaa-f10e4e793f54,60,Male,43,19,No,-1
f11c36fc-a452-4134-acf9-78206d724520,80,Female,44,78,No,-1
1d8bbc95-772f-489d-b2d0-a15deb795e4d,45,Male,191,77,No,-1
17147b8a-9bf2-4b6c-a990-6a188ac0d904,49,Female,109,58,No,-1
4e310d71-c69e-482e-b4da-b39eaf679703,86,Female,87,31,No,-1
15c86465-e150-4514-90b9-87ce2b6861ec,24,Female,26,55,Yes,-1
44f2dd23-5a4f-4e02-902a-f5737ad1dced,85,Female,22,28,No,-1
18f256d4-3f41-47b2-9505-7af447e0a787,38,Male,169,26,No,-1
7060e44d-d250-409b-a235-515f794f29a5,67,Male,194,64,No,-1
54549b1f-83da-4d03-9c48-6bcbbe0b5ff2,50,Female,62,91,No,-1
044c26f2-4a76-4df5-8080-f809e394b900,56,Female,158,32,No,-1
3baaa389-3907-4f24-8082-6d14cc7f0e71,89,Male,90,14,No,-1
f6ced9a6-44fc-4678-8840-0fe9ed0390bb,76,Male,110,60,No,-1
e31f8704-b846-4d84-90ec-39bff3fe918c,86,Male,70,22,No,-1
a819c59f-b857-479e-8efd-9c0c7d3b816a,67,Female,193,56,No,-1
0803ba58-e67c-48f1-995d-f0a7f4d83319,70,Female,30,84,Yes,-1
c1a3f0cb-af06-4462-8c0a-32912f4ddba0,90,Female,135,15,No,-1
82896232-21e1-488c-bf6b-98d23979d458,56,Female,136,41,No,-1
f0b8c7c9-17f3-42bb-b6d1-69003c7546ea,42,Female,187,66,No,-1
bd8089d0-0e52-40d7-afdf-56aeead962fa,27,Male,31,39,No,-1
380df282-43f5-4256-b135-c4c923e16be6,54,Male,158,51,No,-1
ecc0df59-8ccc-4443-b470-2e0014536d6c,27,Female,88,67,No,-1
e206ca47-f41b-4360-9adf-71dd9104a83d,76,Male,78,23,No,-1
028f2f51-5434-4fd4-bcb9-8c67d15abac3,66,Male,90,72,No,-1
ce829e51-7364-40b4-9c13-05e18cae20cc,20,Male,160,90,No,-1
2c3c0367-055f-40b4-9417-9b52481251b4,63,Female,103,82,No,-1
825c5e5b-c4dd-449e-8b74-d73eeec709ec,18,Male,138,20,No,-1
7d280326-5790-4edd-b89a-dee9f03a0ee9,46,Male,31,3,No,-1
e3110387-6716-41d1-8fdf-9239f57bca56,22,Male,167,94,No,-1
a18f452c-a9f0-48d2-84a9-5b75e406f04f,36,Male,82,17,No,-1
fb2fb798-1963-401e-afe1-47d5503f99e8,47,Female,133,38,No,-1
1f985931-8dbd-49db-8bb1-12411c049f24,66,Male,139,18,No,-1
9997b07f-e684-4767-b54c-dd4669bb454f,71,Male,117,70,No,-1
7f5cd612-2d3d-4faf-b81a-97f3ea00933b,18,Female,42,41,No,-1
04322102-f666-4240-a640-5e767986acc7,22,Male,199,8,No,-1
ae2209cd-3ea2-4d73-8c47-d38f4b409c54,86,Female,78,56,No,-1
1398b3e7-4b58-4a2f-9fb8-22523e013624,49,Male,47,37,No,-1
ebb2692a-5ef7-463a-87f3-198c670e6c5b,75,Male,109,36,No,-1
d06f5526-27a2-4fd8-af37-3c8d06249958,24,Female,97,77,No,-1
3d6c0c16-2a5c-4cf0-b1d5-1b08f3cf14b3,22,Male,172,67,No,-1
043c3704-987a-4ecb-b45f-cb4961fd2625,89,Female,140,49,No,-1
5828c693-4e0d-48f3-a67e-259194b661df,86,Male,24,39,No,-1
6f765f0f-a27f-4be2-b6fd-c201e627dde8,85,Male,193,56,No,-1
7e759895-864d-44b5-a4d0-cc451bced177,28,Male,185,56,No,-1
876a98f3-2720-450b-bf77-91e4681102f4,75,Male,199,31,No,-1
15409d9a-31b7-4d12-a432-010bb14906c1,89,Male,126,38,No,-1
b13a4af7-4393-4003-862a-6fff0a998878,85,Male,20,54,No,-1
507e4308-3ac5-457c-a706-224c870c4050,51,Female,65,13,No,-1
d33a4c8b-2d15-4abf-a50b-3ff1b0978123,68,Male,175,44,No,-1
502f5afb-d401-4d49-b9d0-3fc16a4f14ac,89,Female,21,98,No,-1
4e4338ca-09e1-484c-a181-4a716a46b9b7,36,Female,55,54,No,-1
54563154-bdab-4773-b0d5-78b17277c99e,18,Female,186,39,No,-1
cae9b7ea-2465-4ee3-a5d4-02c53a0a7f4b,90,Female,151,76,No,-1
3a939f80-1791-4a6d-80b2-b9f6636fa42c,36,Female,34,15,No,-1
7f0b0a21-1fc9-4f02-81cf-3c0cebfaa3c5,60,Male,41,43,No,-1
158197ec-f29d-43ad-9a82-d6e608a34d88,45,Male,161,52,No,-1
f077d819-2e32-45a1-8a08-5591df3fc69e,89,Male,29,38,No,-1
9cfdf069-1a69-49cf-8f0f-9c0057ba5cc1,75,Female,85,41,No,-1
302f4ca8-303d-4026-ae31-e17270de5624,34,Female,148,90,No,-1
44c82568-6dad-43c0-81cb-309a55cdb0bb,37,Male,48,46,No,-1
ab300105-f8d5-4872-ae5b-98685eb6234a,21,Male,132,26,No,-1
52ede70f-b640-4dd0-8a14-7bc7102ac249,46,Female,183,75,No,-1
dbb2de15-b9a3-4111-bcf2-263bf001a04f,41,Female,162,32,No,-1
900fe0ed-937e-41eb-8a4d-89bce84b64c9,77,Female,97,86,No,-1
f878b4f1-59d0-462e-a1ca-e37372047a86,19,Female,116,28,No,-1
bfa54382-dc1c-4578-af9b-aa6291e43f32,61,Male,108,10,No,-1
79323a8b-3689-451a-9682-e083c06c0291,73,Male,75,32,No,-1
db6265b2-d1bd-4661-87a6-be6d28f46e3d,69,Female,86,37,No,-1
2be8e668-8bb1-40a4-9170-b743e323ffdb,83,Male,44,65,No,-1
10f40cad-e252-43ce-b7da-edb8ce13c6c1,22,Female,140,27,No,-1
bd40f59d-c830-4e79-9ab1-017b20833ef1,35,Male,175,3,No,-1
4280bd0f-54ee-498d-ad83-b9fe26e2d8b1,45,Male,51,4,No,-1
484187e2-5130-409a-8bc5-1456970e0696,83,Female,191,61,No,-1
e9ade86c-3738-4978-87b9-b3ecdb00624f,29,Male,179,69,No,-1
ba6a2bd5-baed-4c2d-86eb-db29613e6343,62,Female,96,1,No,-1
3833944a-d3d2-4c68-99f9-98b16c3db1e5,90,Female,98,66,No,-1
58bc3bef-c038-49ed-9cd9-5f9ee6d5a419,63,Male,79,25,Yes,-1
6b8a5024-af93-4e7b-bfef-7a8ac54db243,43,Male,149,79,No,-1
f54733da-0e54-49fb-b7e8-b2149439820d,43,Female,69,91,No,-1
1f53fd6b-c587-44ad-b6f2-a32bbfc098e1,40,Male,163,88,No,-1
f0c430c6-436d-40f8-8a66-d9e64e621725,25,Female,106,29,No,-1
874e408d-3ec2-48c9-8aa1-ea25c0aea325,84,Male,47,29,No,-1
a5e7a13d-9bf0-4b0d-99c5-c0410001a771,24,Female,56,29,No,-1
035ccc14-9aeb-4384-8b4b-f1c210850e7e,63,Male,33,17,Yes,-1
443ac441-a492-4282-86a9-3a7ec69bf15f,22,Male,159,34,No,-1
d1ca39ca-bca8-4c75-962a-a1dc306855dd,58,Female,181,55,No,-1
f3cba7f7-78fa-4f0e-9b47-a4b8ba7b4246,19,Female,54,43,No,-1
2f7d56e9-59d3-4ef4-b2f7-bf10d5302027,90,Male,90,68,No,-1
73e9c746-e41f-4c5b-a863-c7f90a3eadb8,51,Female,104,99,No,-1
bc7e225b-9322-41d6-b881-97d1f1d1b958,37,Female,56,14,No,-1
6142157c-a626-4ede-872e-4245754031f7,79,Female,20,37,No,-1
4a17aab1-5f6d-4a9a-aea6-4b1ebf9d29fd,45,Female,56,11,No,-1
8de1745f-0941-45f7-84f9-a638efbfb911,80,Male,36,2,No,-1
94d226e4-2aa5-4412-a6a7-f8c57b319b86,30,Male,115,70,No,-1
5c00c7f2-8a2c-4fd8-a290-af654fc9678e,28,Female,141,62,No,-1
feddedfc-62d4-4050-9b7a-7955db0638ab,29,Female,167,53,No,-1
8a9b5a01-d501-426f-acbb-96f3229603a8,60,Female,142,26,No,-1
8ffdb54d-5035-480d-863b-8dcbc883dd9d,40,Male,31,45,Yes,-1
663f643d-c672-42de-96e3-ceba0090e72b,45,Male,84,26,No,-1
bb5eb055-86f3-4c2f-8d0c-b6f953c4ef21,86,Male,147,51,No,-1
f2388bb1-28b3-4845-b62d-0d7928bd1375,71,Female,191,68,No,-1
9840f202-eb93-4dfd-a3ad-ed35b5662613,19,Male,145,18,No,-1
1115cda4-ab33-4480-8b9f-38c741307763,57,Male,163,28,No,-1
614bda00-1fd8-43ad-8668-c426d5e4706d,87,Female,122,18,No,-1
07a6d922-80ff-4589-a55f-dc2292f92822,18,Female,120,70,No,-1
1e489c07-965a-4790-bdc5-7ebd973be901,75,Male,33,11,No,-1
5c41d13a-8c40-45c9-a51b-c99f113d91c2,76,Female,92,5,No,-1
afffa92d-c229-4fd4-8934-31ba0415c433,20,Male,37,8,No,-1
cb253871-52b8-45a1-98cf-1a7345686ad7,89,Male,172,83,No,-1
a0dc7ae6-deca-4700-bc7e-80710e4dff25,48,Male,112,12,No,-1
6b0333b4-db7f-4ec4-8040-28018b0649b8,64,Male,48,51,No,-1
252799f1-887f-44e1-a356-113f47a0fd8c,50,Female,53,13,No,-1
e3407e67-aa92-4d1b-b927-0d37b83aa1f4,63,Male,145,8,No,-1
b12fbae2-4225-43cc-9a7f-a50e0aaddcc2,90,Male,181,66,No,-1
fca96742-9d9a-4cdf-8e85-1bb163c72f5c,20,Male,95,28,No,-1
d39ec14e-e5b9-455c-b94a-888ce655f0aa,34,Male,158,94,No,-1
c70f4afe-bb50-4843-9841-ca92f25767bb,57,Male,195,95,No,-1
64dedee6-d498-4a86-a767-5b96df9da712,56,Female,53,16,No,-1
1fa796b4-986d-4589-a233-56567f116a83,72,Female,42,27,No,-1
a1ef8b32-e535-4048-837b-6cbe960e3165,38,Female,29,41,No,-1
3be0ee86-f3e0-4d9b-a717-a26ce133fd83,31,Female,109,90,No,-1
57c28c3f-8652-4332-89e3-673ce87812f9,88,Female,20,85,No,-1
a382ac09-6687-46ff-b8c4-9d28e4e548f1,60,Female,78,26,Yes,-1
6b79907d-4faa-4e7c-a674-3be51bb3baa8,21,Male,93,67,No,-1
190a76da-e4fe-4b33-95cc-f779bc1f7dce,44,Male,31,33,No,-1
2875f5e4-0fb9-4eb7-9937-60ca86d1524f,47,Male,42,97,No,-1
97fc1560-7daf-42b3-b029-cd1398e729c0,74,Female,146,40,No,-1
b6527284-313b-497f-87b6-10f926e79806,87,Female,23,38,No,-1
f40d1eb2-5e72-4531-a88b-c0349f859694,42,Female,175,83,No,-1
f1511c04-c25e-4a1c-9c53-f7effff63e47,47,Male,185,21,No,-1
5ef42e50-6f84-4d5d-bf1d-b7c139a4c3d4,66,Female,194,3,No,-1
157433eb-7b36-4d5e-bff9-538d35ff09a1,89,Female,105,19,No,-1
3ef80885-9fd3-432d-b422-d320f5e1b344,23,Male,168,36,No,-1
68be522a-9b5a-4ad6-b940-50384d12d82d,60,Male,181,23,No,-1
7c2f0016-015b-4b7c-8a00-143784d8f57a,55,Male,144,90,No,-1
1d8b1082-0b3e-4d46-84d8-20474142d609,83,Male,29,74,No,-1
f93eb196-711e-4ee9-b95a-f4a72c79c266,50,Female,173,8,No,-1
77051b8f-70a4-4ce0-be92-76917bb32299,63,Male,117,37,No,-1
bb5167d4-4c52-414a-906b-e03f3cc4ed12,22,Male,98,51,No,-1
06865716-2056-4165-afca-95df6dc46936,19,Male,151,16,No,-1
dd572fec-fd04-4884-ad7f-5cccab9e9ce6,82,Female,64,25,No,-1
bdd01d79-1cb9-473b-9dee-173a17d43fa9,36,Female,182,96,No,-1
733044ae-de23-490a-856c-ae149c5cf6bf,54,Female,72,57,No,-1
392b1bcc-5739-4833-9a49-bbe351f88c88,31,Female,154,14,No,-1
669badfb-6962-43c5-827b-f930b66c81f1,76,Female,76,15,No,-1
5c5c51ce-04ef-4c5c-b509-40e7edc37eb2,46,Male,106,71,No,-1
731c024e-c2cd-4892-9a0e-d0161dd4cde8,31,Male,167,68,No,-1
90afb50a-1567-4084-af1d-d0bd41d570fc,82,Male,150,95,No,-1
1d501a24-e1b7-4a8f-a594-fe6d4e1bae71,36,Female,53,47,No,-1
6724db64-584c-4c25-ba4e-5dc3d3f2e377,40,Female,100,46,No,-1
e1ab4b38-3cd4-42e0-b43e-3d13bcfd5629,86,Female,133,47,No,-1
12f7f6e6-26ff-4a13-8069-41c0dd91f3dd,36,Male,170,67,No,-1
2b48c477-fc6a-499e-b415-b27693b961dc,88,Male,121,40,No,-1
28b6b748-82b0-4183-93aa-5c779c0f8a6d,76,Female,170,8,No,-1
98efecb7-f4b3-4e66-ba23-f4faccc7c556,62,Female,30,22,Yes,-1
241bbbd8-d374-4b3a-8eef-20459d86728b,90,Female,199,88,No,-1
4905627c-ff2e-452e-8215-064c0f196bf1,66,Female,176,30,No,-1
6e8e6e1a-04a0-4b6a-bc37-f384c386d4f2,76,Female,131,28,No,-1
a47dc21e-764d-4829-a14b-0b9a957c3962,65,Female,61,98,No,-1
2231c1ca-363f-43b3-8f4a-b92b1246f8fb,31,Female,85,87,No,-1
86abb2e0-be04-4e30-9b6b-0c341051830f,58,Female,59,43,No,-1
973dcee9-6d93-4c15-8cd7-33408f292f90,83,Male,86,14,No,-1
67abfd08-783b-49f7-8100-c04df27a83fb,84,Male,199,8,No,-1
25c7a80f-ab43-42b3-aa50-209fb8fc1f35,61,Male,97,14,No,-1
bf1ac776-c405-4d5b-94f3-1839b801af9f,32,Female,113,38,No,-1
1f0dc47c-2d02-4fa3-8b00-8f9fc961fd83,80,Female,49,39,No,-1
c4d535db-00b8-4f65-9386-dc8cdbbca56b,67,Female,127,28,Yes,-1
5bfff714-12df-4d44-b138-faa189c3aea9,41,Female,62,62,No,-1
7d415dc5-58f2-4b6f-be4c-e9f90ebd4414,73,Female,74,86,No,-1
c138b6b6-36ab-48c2-99c3-6713efd3078a,59,Female,162,39,No,-1
b72420d9-5b6c-4bbe-85ec-3b30aba9d544,66,Female,107,39,No,-1
23eaf4fe-ce46-43e2-85e2-9ace9df45a6e,23,Female,155,90,No,-1
743f2da5-bc97-468e-ab32-19666a13b5f5,47,Male,177,33,No,-1
2e21f443-b598-4937-8360-b6db8d78a4bb,72,Male,77,61,No,-1
fa367916-6307-4a56-b005-55b94db4fc5b,20,Male,64,44,Yes,-1
e7e6e760-3f67-4b5e-9b3d-2d8df273dc64,83,Male,37,29,No,-1
18f7d7bd-3670-41a9-809f-a3c2aa87a023,82,Female,48,75,No,-1
102294b4-de68-483e-b175-1893b62daa19,53,Female,198,63,No,-1
c0d112b2-613d-47af-af9b-c0c0b6b28894,84,Male,177,20,No,-1
8b8f4da6-2ca6-49bb-aa6c-3421ef58511c,64,Female,38,31,No,-1
a55588f6-b53c-4761-801a-3361902d3bd0,27,Male,107,82,Yes,-1
f7baa89d-d6a9-4fd7-8dd4-d9ed2a417a19,46,Male,158,43,No,-1
bfbf5be8-779d-4f84-b8b4-5837e4dc5cd4,38,Male,156,19,No,-1
b8db8ba1-012e-4853-9615-d9a24847e780,23,Female,172,1,No,-1
8775b025-544c-4d4c-aa17-841b72d54f0a,42,Female,146,23,No,-1
dacf2454-a78e-44ef-a824-5a9fb73ee744,36,Male,199,55,No,-1
648b7483-2e95-44f7-b081-9896c41abdd7,73,Male,155,38,No,-1
883be0b1-cac8-42db-92ec-6319a3e80574,62,Male,66,93,No,-1
c1e817e7-fee8-47d4-a808-09925d70203b,74,Female,188,93,No,-1
8d6a3d5b-bec0-4cde-a004-dd8fc1af2835,87,Male,174,61,No,-1
9f50093b-d003-433a-8924-bc385e122346,85,Male,111,37,No,-1
3ad94a32-cb68-4767-9d7c-43dbd78707e8,27,Female,140,13,No,-1
741bc706-8e39-49d7-9c54-2c5dff956db0,71,Male,85,6,No,-1
e089dbff-ea72-40ae-8b95-c1dff85fb443,90,Male,90,75,No,-1
bed92b71-f682-4e30-9b5a-8079e72645c0,45,Female,48,26,No,-1
574721d5-913a-4bfc-91f0-f585e5bc7419,66,Male,178,73,No,-1
e159f52f-e58b-4ebb-b3ce-81b6e7bfb17d,48,Female,138,26,No,-1
3fb80a69-9f75-48b1-b422-cd787cf5f88e,68,Female,94,9,No,-1
dfad4d04-507b-4a7c-a6b5-24ab679f1c1e,42,Female,101,21,No,-1
7fb7597c-ec35-46ea-a2de-5fcfd901336b,54,Female,157,88,No,-1
ae1a38fc-24e3-43d1-b973-566e9878a61a,32,Male,80,21,No,-1
1df42f42-38ef-470c-9dad-1181cb457c9a,39,Male,101,21,No,-1
3cc5c990-f70b-4fd3-b739-916387364c68,61,Female,157,83,No,-1
e6fcd949-f616-42ab-b842-33de98828c6b,50,Male,158,51,No,-1
102f30c1-e54e-423f-bf77-a1e1c39686d6,84,Male,51,12,No,-1
6d62c44f-d57c-40b7-b9fc-01573ee023f4,54,Male,47,3,No,-1
5da50a0c-4578-4942-80e4-7819616233a6,18,Female,155,55,No,-1
b26de143-f0e5-4ef4-aa3f-67cba90fdf6f,55,Female,70,46,No,-1
5c879c23-bdc5-4401-808b-33c382c257c9,34,Male,118,40,No,-1
6ca2e03c-3b63-438e-90ae-9791e2f75736,33,Female,102,62,No,-1
70c93743-a48e-40c3-a0da-fb9c6d989188,57,Male,140,27,No,-1
964763d6-59a3-4878-8711-2a54394a335c,65,Female,184,77,No,-1
1241c1c8-e829-4e9d-9539-5bc3afae3ba3,74,Female,147,8,No,-1
ba84e2b7-d1af-4c63-a033-7435447a1bb6,30,Male,165,72,No,-1
e12ce8fa-68d0-4d21-b72d-649db3f17a51,34,Male,49,73,No,-1
eb659359-806f-4aac-a14a-09ef67b940d7,65,Male,185,52,No,-1
1401eaea-6421-44ef-bc1b-a35c824ce995,45,Female,76,12,Yes,-1
e49590a2-e18e-407f-b886-783ed8b09b57,50,Female,175,72,No,-1
ee2d8c23-7f8c-48e0-8823-ddc00b6d8813,84,Male,147,18,No,-1
406b0d31-597d-4779-a726-da54e7e29cee,59,Male,127,21,No,-1
c1575a35-c355-4eea-b2c3-73546cd44d00,37,Female,108,4,No,-1
89eae5cf-3e2e-46bf-8168-d1e91e603212,23,Male,51,39,No,-1
1f77cd42-87b4-47a5-8b2b-539ff06153f9,80,Male,39,30,No,-1
c18d6595-4814-49a7-9a70-db406ac79963,71,Female,70,85,Yes,-1
1e5e8f14-656a-4fc2-89e4-83ed470fe1de,30,Female,73,100,No,-1
e4d32d19-310a-4228-ac71-f2a16cf8de66,39,Male,151,24,No,-1
53fb13ed-2afc-433e-a817-879596cc5d6f,31,Male,106,13,No,-1
f1036e10-326e-4a5c-afb9-d26c5dabbb61,31,Male,33,73,No,-1
b510e67b-5d87-4c2b-9b15-e55fdde2b375,32,Female,37,45,No,-1
7ccfb3b1-eeea-4e5f-b39d-94dfd0167975,73,Male,134,13,No,-1
6e5d262c-3e4a-4024-9179-2d10312e0fc9,28,Male,30,3,No,-1
aafb4d3f-3756-44bb-91ff-c0a019efcfee,21,Male,174,22,No,-1
92558f03-5d6c-479e-8f7a-d2b20298cfe2,52,Female,178,63,No,-1
923410f9-ee37-4115-8ea5-12ba136b7bea,71,Male,124,1,No,-1
6d29b9e2-807f-423e-be78-246991a56b96,50,Female,37,39,No,-1
29a16118-a24a-4eff-8c83-9cb6e18baeb3,80,Female,114,69,No,-1
42a3a66b-46f6-4904-b53a-656c5350ae5d,74,Female,80,100,No,-1
bfd4499c-995a-40ad-a30f-e8c5d2e41000,89,Male,188,35,No,-1
478ddbcb-4ad1-44a8-bd15-1e9ca741097b,71,Female,57,92,No,-1
679f18c2-684b-4547-adb8-6ebc0bc29b47,26,Male,67,35,No,-1
d9fee5b4-e09f-49e8-8a71-69433d2ed9a1,80,Male,171,85,No,-1
67d16d2b-a2c5-4982-bb6d-1a03ffcfd457,25,Male,141,90,No,-1
72536cd2-9eca-4390-9d98-434c2c392245,27,Female,170,5,No,-1
a614404f-1082-4629-b96c-05f657d77727,64,Female,137,3,No,-1
2a6d24c8-c36d-4c6b-855e-0f9c5850ea98,90,Male,156,44,No,-1
3da40c4e-3649-4212-8252-394fcf0aa2fd,35,Female,86,53,No,-1
5831a12c-c53a-4cdf-b3c3-498b5c069356,19,Male,158,46,No,-1
d33fa7b7-6fda-4c64-b6e3-ed4d7b368409,67,Male,27,81,Yes,-1
3f5e2dfd-2370-4037-8d44-47f0e57b70f7,19,Male,147,89,No,-1
de2e1b5e-3b14-4166-91dc-b4000a6c6d22,35,Female,120,96,No,-1
06de93da-5c13-499a-a8a0-22feae99e008,49,Female,51,11,No,-1
fb56fd48-1e96-4d95-b38e-fc3b757c5a82,31,Male,42,12,No,-1
3cb8067a-4f69-44e6-a35c-7fbe90751c4a,31,Male,49,46,No,-1
70f72ee1-898b-4897-a7bb-78f1e60011e9,73,Male,28,19,Yes,-1
f3163f63-9aca-4879-acb1-134a3824c938,82,Female,57,21,No,-1
9d93016b-7c4a-4349-83e6-9f2b7d941e54,57,Female,183,57,No,-1
08a9f159-83ce-4810-be86-5f0304a6d87b,28,Male,37,23,Yes,-1
2c2f2717-49f8-48bb-9cc4-e8e82af79b00,44,Female,56,94,No,-1
3fba7668-10e8-4224-83e4-43ffccefff23,77,Male,99,87,No,-1
a08b00bc-990b-468a-a999-8e49477d8733,47,Female,110,10,No,-1
45a8d5f7-2ac5-4770-97e2-c73d525c1253,90,Male,64,45,No,-1
4e962490-8a4f-4739-950e-ad9981e79e54,69,Male,71,44,Yes,-1
36f9a71b-8ce6-4f1b-8dab-74d82c04444b,63,Male,124,40,No,-1
d6b23513-faa6-4172-9653-8f9155eb123b,66,Male,90,90,No,-1
7beac235-1988-4798-bd23-ecac3ab2bc01,34,Female,198,76,No,-1
83b62ddd-0af0-474d-b91c-55cbf5d45ab0,21,Male,50,71,No,-1
275058b7-372f-49a8-9aa7-37aa7e6ead6f,20,Female,132,50,Yes,-1
3cfa0fac-939b-4924-840b-e34528f6621d,44,Male,67,30,No,-1
a903492a-ffec-4f85-9422-7566df49d864,83,Male,28,27,No,-1
c4593f14-c0f0-474c-b9ab-b9a8e9569eb6,58,Male,118,99,No,-1
32432a5f-3e68-4615-b9db-01362308af03,60,Male,59,13,No,-1
144c4877-fccc-4ba8-a26e-c2a610bf516f,41,Male,70,15,Yes,-1
3634836c-a89d-4167-9a30-2d0d14a65a06,83,Female,175,40,No,-1
63762793-9634-4357-9f00-16e5697e9c6b,76,Female,145,12,No,-1
ad2d8561-2b5a-4043-b59e-8349c921d078,55,Male,106,42,No,-1
fafca31d-d33b-4f51-9759-bf94ed1a5dfe,53,Male,51,47,No,-1
92d720f6-aeda-4754-a6d1-79a11dc70322,45,Female,165,42,No,-1
7966ac57-c8cc-483a-93e8-e2fee41e1a09,73,Male,73,28,No,-1
db0b2df4-c74b-4d83-b94b-9cec6ee9f6e4,20,Male,162,87,No,-1
591e301e-5b5d-4d4b-90ba-74ccd351d3b4,27,Male,177,70,No,-1
a96094a1-5bf9-4d41-bd6e-7abe47dd0fdd,87,Female,192,57,No,-1
719e2a31-053e-4a43-95bb-cf4ece5230b7,58,Female,119,63,No,-1
bf9a043c-9724-4f53-b532-846bf8f6fc45,60,Male,35,18,Yes,-1
1f2b64ce-c810-43e9-8c67-664557e3d1d8,61,Male,150,55,No,-1
792311df-840c-42c2-af9a-ba152040a10b,69,Female,180,76,No,-1
4d028351-9d44-4bd7-ac71-3f77fe82ff6f,36,Female,190,62,No,-1
eeb8107e-2baa-442f-8c6b-0be3a7e373df,77,Female,46,7,No,-1
0c25727d-7013-4cdb-b2a0-9c4fe619fa1c,55,Female,101,23,No,-1
a04c577f-e5a6-4f1b-ad5c-c83b9a05ea83,47,Female,169,79,No,-1
db98f832-b410-4fd8-bb2f-6c7d9a4b8c76,45,Female,170,67,No,-1
5b2d3133-5fbf-4ffc-a5a4-369c0985e287,67,Male,156,74,No,-1
1f6b7811-930b-48d1-9983-8f07d77ac713,41,Male,38,1,No,-1
b4f7f2b0-1fec-4cec-a345-215c8c562609,90,Female,48,41,No,-1
c912989a-4ba9-451b-9585-a68b82688d02,71,Female,147,14,No,-1
5fb0b94d-589f-4cd0-ba8e-4b5287fa6595,71,Female,128,80,Yes,-1
80edbc79-9448-4e06-b73e-0d7097a058c4,87,Female,130,34,No,-1
cfcec0fa-4c57-44ca-8d56-754a34e45c60,69,Male,128,55,Yes,-1
96eaf0f2-84b8-444b-b17c-afc9cfdc35f6,84,Female,57,46,No,-1
46f4b5e9-775a-42a9-bfdf-70d6604e169c,82,Male,55,94,No,-1
cadf96aa-68d3-4256-9b96-ba0df1f2c3c3,90,Female,55,95,No,-1
36abb3b7-e525-4c57-a926-a42e393fd97f,28,Male,47,33,No,-1
bf3295bb-b7f2-4d9f-a223-42ffa47dc31c,40,Female,149,48,No,-1
4188da66-e54d-4239-9b4c-9246a430e803,87,Female,110,58,No,-1
c6d283d0-2d9e-45bf-a1c8-32a4dc581d52,37,Female,112,26,No,-1
511134fa-a678-441a-82c7-2dd1f52c18b3,39,Female,22,56,No,-1
795d8e97-c1ef-4cf8-a8fb-8032ff65f88b,64,Female,141,6,No,-1
94f1eb3f-76c7-4d42-b296-827f7708a65a,78,Male,100,4,No,-1
c359277d-e079-4b69-adf2-59359a3bb786,83,Male,111,73,No,-1
ca47c539-d8a1-4380-b61e-dcb474b5e71f,39,Female,188,94,No,-1
2e64811a-aa24-4178-9ffe-7caf1dae30b6,59,Female,131,53,No,-1
77e26dbb-fd63-4399-8ff6-9cc98dfd6845,54,Male,159,47,No,-1
98885370-f806-4c10-8700-7f21201afddf,47,Female,136,88,No,-1
efa0af74-06aa-4f01-bf52-90d32c29fb0d,59,Male,39,26,No,-1
3726769b-3b3f-4fee-8d5b-c5af865c6790,89,Male,196,43,No,-1
dc7106b7-2fab-4941-b028-b249d28d5a3c,48,Male,154,21,No,-1
cf5190a0-2c37-4209-8f2b-6aca90e35021,60,Male,44,24,No,-1
40600635-a36d-46bd-b99f-ad5a4f892651,62,Male,154,42,No,-1
90a6be04-d26e-419b-bbd6-8f05df9c4459,75,Male,94,66,No,-1
9537046d-66b3-453f-b068-8200d3af3f04,36,Female,97,9,No,-1
6438b947-991c-40b8-81fb-8772137514d6,24,Female,100,67,No,-1
d248ea25-c34e-4aad-b443-471e1b98965c,66,Male,184,43,No,-1
481b7e6d-0974-46ee-a2c5-801078f703cc,78,Male,173,30,No,-1
2816698b-d8c8-4c6c-a9fd-ec7038b4b55a,88,Male,100,20,No,-1
e83496cc-0e77-42ac-a9e7-c75d25190c55,77,Female,165,53,No,-1
19089eed-5975-474a-b318-6e2e12d8f727,68,Female,102,85,No,-1
f6227ad1-84f1-486b-b861-e8513eb1dc06,37,Female,183,92,No,-1
be352edf-ff1e-4d5e-b713-48d0bdd1eac8,49,Male,92,65,No,-1
abde54d8-914f-45aa-9fd8-cd282c6ec046,69,Male,69,34,No,-1
e59de04e-5edd-48a3-91f0-daf3930d22e7,78,Female,21,18,No,-1
6b1c2cc1-f56d-42ae-8197-6706a80f94fa,64,Male,101,46,No,-1
5b608c34-d735-4aa4-9b2d-8c5d3be07b93,52,Male,200,77,No,-1
ee124688-97fb-4312-9ae7-a9790804d356,65,Male,20,22,Yes,-1
1fe4a4bd-2b0e-413e-9dda-e334336f5b3c,26,Male,35,30,No,-1
67f6e887-3ba9-4238-acf6-c79e3980d32f,20,Female,146,98,No,-1
e38e07f4-8cfb-47db-82c1-4c1a651429f3,56,Male,76,2,No,-1
c023f874-2962-44cc-bba8-1441f35fb8d4,66,Female,53,22,No,-1
050f11c8-76ce-415d-9f9a-0926b3747262,61,Male,151,78,No,-1
098ed937-7c62-4348-8f44-ff25307be459,49,Male,91,28,No,-1
9244e61b-bbf8-4cf9-a614-e12acec96b7f,38,Male,52,78,No,-1
49b237e0-892c-4aed-9123-4e451953df1b,85,Male,82,68,No,-1
646ce98c-72d9-4949-ba4a-951afa85a9e6,51,Male,107,56,No,-1
045bab85-6fb4-4e9d-9158-73f07deb00a1,23,Female,56,80,Yes,-1
b095144f-ead2-4f2d-85b7-356ff86d37bc,38,Male,35,47,Yes,-1
d15d5555-e9a5-462a-af08-6cbb3e71252d,51,Male,78,15,Yes,-1
234630ac-45a7-40b4-9f75-17b9d10fb3eb,24,Male,160,75,No,-1
0e5cde70-0826-4dd8-ae1b-0564c990f666,84,Female,59,50,No,-1
5156acd6-0d66-44f5-a9c3-2177f9d66059,58,Female,105,85,No,-1
b693e6cf-708d-4714-a8ea-33f9581bf5c1,46,Male,67,86,Yes,-1
7ad5d49a-95b6-44a1-bd1b-f263b4bb0506,71,Male,134,44,No,-1
f347ff17-ed29-46e9-9e12-5520c2647749,24,Male,169,54,No,-1
dace6d8b-d48f-4b4c-ba9c-3022fc788b53,81,Female,176,43,No,-1
c82e039b-f438-4a69-977c-d56ec1148df3,24,Female,154,92,No,-1
34b4ff2a-075d-4b6e-a9a2-3379898b01f2,33,Female,41,18,No,-1
1b6b9eb2-664d-4858-a97f-c60398a74d66,35,Female,46,49,No,-1
09fbe823-9e57-4788-a70f-f1c810a4aacb,24,Male,185,56,No,-1
0da06dc1-76ee-4cfd-8a70-b5aa3cc9651a,79,Female,164,59,No,-1
340084fc-faa1-4c87-8299-45d211d43a7d,28,Male,63,47,Yes,-1
3106b125-3602-46e8-897a-1a5be3150978,26,Male,39,34,No,-1
d418c782-3d1c-44bf-b602-563be46ba3dd,60,Male,155,16,No,-1
b8804be2-4656-42ce-85b6-fccd3acec3f7,44,Male,65,46,Yes,-1
0c9d7170-1090-45d8-bccc-47f73a4a0663,71,Male,136,81,No,-1
2152aa66-5436-4b53-b9bf-702e2dccc4a5,45,Female,27,50,Yes,-1
3a03234d-e6d7-48e8-898a-19ca8e076fa6,55,Male,28,27,No,-1
adf27c80-c845-4d22-bc71-c01f5a575041,57,Male,54,34,No,-1
207cdd2c-e543-4052-a831-d5e051d0811f,20,Female,76,58,No,-1
0110c1fc-e004-44f7-865a-3ae5c197c3c5,43,Female,141,16,No,-1
1904d621-8006-43a9-8310-3d761345a7a7,47,Female,199,67,No,-1
f68d0d95-adfe-4df0-be28-b8805d669aac,20,Female,43,64,No,-1
a622a877-f065-46b4-bb6c-490a4e8e7d7b,90,Male,139,19,No,-1
8bf35be7-e1fe-494f-ab2a-1c8b75c7cd40,33,Male,180,20,No,-1
254c57fd-e4bc-4abc-873b-30660154f334,77,Male,43,15,No,-1
92072c4b-dd3d-4efa-9c42-90f89c2976b4,20,Female,194,93,No,-1
5b7f1467-d44b-4248-85df-f13fe35d65b9,52,Male,129,29,No,-1
ab7cd4c9-bc43-4b74-b7df-d4fb1011fecf,68,Male,159,51,No,-1
fb6ea251-df6e-49e7-af52-57e45fbab43f,61,Male,160,82,No,-1
1f88091b-6f60-4026-ab60-ce65203252f9,78,Female,31,20,No,-1
c8e1692e-857c-4e77-81e4-ec4066b63996,75,Male,36,45,No,-1
4718bd36-cdf7-4b7e-83fb-86370e68ee16,45,Male,47,75,No,-1
bda2f95a-23d5-4624-83db-5ab724800590,40,Female,92,37,No,-1
98cbc898-bb5b-468b-bbda-3488ab0a4593,75,Male,149,95,No,-1
3e7e9d7c-5b5b-48e4-8592-f1be30910b4b,89,Male,172,72,No,-1
290de2f9-b195-468c-b2ec-9a30852e73de,37,Female,57,27,No,-1
5ca84982-f91d-4bd0-9745-1140a702c528,19,Female,30,80,Yes,-1
3245a229-8511-426d-a4c9-3329dc1f199f,66,Male,43,27,No,-1
8c403c79-148b-4443-9a90-5d39e66f61a6,37,Male,175,24,No,-1
5adba98a-489a-4fc2-9c0e-af0334812d86,59,Female,193,52,No,-1
2db945c4-d7f7-4112-9e83-f8505fe123ce,24,Male,144,21,No,-1
c1976fb5-bd70-4454-b047-f27d8ac4e147,80,Male,193,94,No,-1
31112d13-52a0-4b27-9638-f44d231743dd,57,Male,156,89,No,-1
59b6658f-f408-48b1-a5da-7714d41eb2b9,70,Male,147,89,No,-1
55e2d8c8-7429-4019-b9fc-42d3f756b3aa,89,Male,168,73,No,-1
a7800af3-5c4a-43f5-b829-60437618ec43,81,Male,163,68,No,-1
53ad6e4c-ccfa-4977-bbe3-55b5c0ae80f3,87,Male,34,83,No,-1
e9bfe998-aaa8-4171-bbae-0d2bf70afdc0,60,Female,32,21,Yes,-1
fd8d71aa-a183-4c10-9f96-466b2de4341f,87,Female,119,96,No,-1
48f364cd-58de-4ac1-bd1f-0598a160ade2,49,Female,179,31,No,-1
11190772-e741-447f-b1df-bb04f658e713,90,Male,188,88,No,-1
d5b41e4f-9b62-4bf6-bb0e-f2f4541dfa86,21,Male,149,64,No,-1
c0e4523d-7e28-483d-8b14-89fc3ecd790f,37,Female,195,3,No,-1
3b9dfcae-1d0e-4864-af6e-093dea8c92fc,66,Male,57,50,Yes,-1
d5abe356-58c2-4580-a954-3cd98dfc8366,58,Female,72,26,No,-1
39e5b377-decf-474b-855b-78fb222a1a76,28,Female,23,52,Yes,-1
36e547d2-9268-40a3-a597-716263334a17,86,Female,114,42,No,-1
5d9d949e-fa78-4566-8975-022ccba18633,49,Female,169,26,No,-1
a886e145-38b1-42c2-8d11-360e1bbf275f,50,Male,76,50,Yes,-1
ada2c863-1bdb-45dd-9450-6da93657cbea,37,Female,36,1,No,-1
fb819357-fbf4-4caf-8f34-49e299b2691b,50,Female,41,26,No,-1
3158a943-7dc7-4e1d-afd7-f8b6e9c591c3,37,Female,41,76,No,-1
467e24f3-e54f-4c7b-b8bc-586b960f5a5f,77,Female,151,63,No,-1
fcfdb448-d4a7-4c06-b160-144d4110760a,42,Female,38,19,Yes,-1
b08b8277-2a56-4a7b-93b6-f5048d32ba93,89,Male,91,3,No,-1
a28e0a64-6568-43e6-a1a4-487838403cec,82,Male,29,41,No,-1
c7bc9534-f68e-457f-bd66-1eacb12d7483,73,Female,64,34,No,-1
0a91512f-b2f8-41ff-b4a9-a39ddfa1078d,40,Male,180,34,No,-1
dc6dad66-fa9b-48cf-a570-f562673aaefe,72,Female,167,5,No,-1
bedba49d-2be3-497d-a7bc-1ac80a63943e,74,Male,107,98,No,-1
918a612b-29e0-46fa-b72a-467d692fc5ee,21,Male,106,45,No,-1
4687ac85-88ab-4bf7-9514-ebf94638c088,75,Female,189,53,No,-1
cebc14bb-c308-444a-ae62-52f268d49f10,87,Female,112,39,No,-1
2a607166-5e3f-4e7b-a9eb-4e73b7ce50bb,69,Female,112,68,No,-1
918f16f9-1d00-4314-b448-622c27a0d084,44,Female,154,38,No,-1
95f0e325-068e-4350-a26b-55fd39c5c001,48,Female,49,51,No,-1
5681bc92-dac4-49e7-9c73-b73806bcc87d,78,Male,57,24,No,-1
9aeed72a-ae85-40b4-a1b9-a886b91241ce,80,Male,100,14,No,-1
06434874-cd02-4e74-977b-08c4d9bf4439,51,Female,67,15,Yes,-1
cbe6fef3-aefc-40fe-9b06-0b1e509dffde,44,Female,164,1,No,-1
f43d2c26-8ede-4f38-bc81-adc70e35b7ea,79,Male,159,73,No,-1
f4fa351e-3c32-4427-9df8-4244e29575e8,74,Male,52,73,No,-1
44a85e65-1eb2-4e94-acc4-8a9c46d078dd,70,Male,31,83,Yes,-1
79b1bcac-36aa-44df-903b-b05d4b630f5d,76,Male,176,42,No,-1
d0f4084a-8cb7-4037-8c69-d21bcb959fd2,88,Male,187,83,No,-1
11303a80-3f83-4405-a378-e7633a77a9dc,78,Male,102,19,No,-1
e130025b-e4b5-40f2-973c-6cd703d8d2e5,51,Male,97,75,No,-1
fa4a33d2-0e09-4afd-9922-9d9cd042d8ff,23,Male,171,65,No,-1
2c6924b8-5785-42b4-a4eb-6b17202f2ce0,72,Male,60,14,No,-1
db8c50f5-aa9d-481f-93c9-4a83ccc04181,72,Male,110,37,No,-1
9f5a94e3-440b-4ee5-9397-e17aec260603,55,Male,56,43,No,-1
613eeac2-c35f-40ac-a3cc-8c1851442421,84,Male,60,85,No,-1
6763e0d5-427b-4aef-82ed-be2dd43d9149,72,Male,187,90,No,-1
34e84538-e90c-4acd-8b87-1bd84bdab5a0,81,Female,87,26,No,-1
d42728f0-390b-45d9-909b-a6d1721d6982,48,Male,188,58,No,-1
9fb2481a-1d34-4747-b926-21d417ffd73f,59,Male,33,50,No,-1
f22c6deb-d67e-47ef-a88e-1f6399b85c4c,55,Male,23,55,No,-1
4ba4c486-0e35-417a-bfa1-5f067f43f5ec,65,Female,77,64,No,-1
acae3cc9-8f6f-4145-8a17-6d266e7e6aca,73,Male,71,16,Yes,-1
1975cf6e-ae1b-40d4-8163-440013697b94,78,Male,69,95,No,-1
2f201908-fadb-4721-8532-a67e9856e2c2,61,Female,190,72,No,-1
952cb905-a7cf-45ec-8221-ecace48d670b,79,Male,156,27,No,-1
87ee1807-f300-4def-86af-32a87f05bbd0,24,Female,51,17,No,-1
14087ea3-9128-476a-bc6f-b7aee2219540,88,Male,158,51,No,-1
ef3334ec-2218-43df-bd8d-5170888ae5e1,49,Male,105,61,No,-1
f0a4672a-43d6-444d-91d7-bff18c51d7fa,57,Female,127,41,No,-1
39ef8a10-4260-428f-8174-03eb8f5b762a,78,Male,103,16,No,-1
6a81864c-aa26-424a-a960-cfc62c6d0064,68,Male,125,45,Yes,-1
2028a1cd-67ae-41e0-a2cd-da22cb7637f4,76,Male,190,58,No,-1
c90d7faf-ddab-444a-bee1-e65c3b62949c,81,Female,54,4,No,-1
a1b8e832-e40a-4670-b58d-dfc0ad1d791f,36,Female,112,78,No,-1
e2ea7227-4d5a-4540-8dc7-d2aafa5e5a9a,70,Male,38,26,Yes,-1
680716f3-5eea-42fa-a3fe-04e62f6602aa,69,Female,54,69,No,-1
0233125f-d738-45af-8e2c-1f22f5f9b24b,23,Female,101,25,No,-1
52b90fd6-cd6a-4808-b12e-1f446903d373,48,Male,102,17,No,-1
7560e328-a91f-4118-8d51-9c6247c64f9f,58,Male,67,49,No,-1
c4a88d9b-1036-4a17-912b-1671d022aafc,57,Female,189,57,No,-1
ac6ce9c4-1361-45c8-9d95-098fce5e97c1,59,Male,135,86,No,-1
8d28b414-2382-43da-9daa-181bbd44a250,38,Female,112,10,No,-1
716d804f-4167-4729-9dad-9fe5489a2637,19,Female,102,82,No,-1
91412d84-bacb-42f3-862c-f45172b97171,62,Female,68,61,No,-1
4b6ed01e-151a-4a39-8486-ec84d63af67a,19,Female,161,38,No,-1
a9823489-bf2c-4591-a4f1-a4acaecabb20,18,Female,54,44,No,-1
ce1f47e4-d36d-4b24-8b9b-0f85ca2e2439,54,Male,84,1,No,-1
8f907307-8398-4556-b68e-fb591f4c0670,36,Male,159,73,No,-1
350c591b-2de2-4b3c-adfd-d3d1d8b07bd1,57,Female,107,57,No,-1
b9c0036c-24d6-4cbd-b597-2ad455734eb0,28,Female,56,53,No,-1
984e5c91-cba3-4538-ba3d-bdbb562ecbe0,42,Female,85,33,No,-1
24a25352-33c1-4cc4-a39f-4b776f012eae,20,Male,135,48,No,-1
2c22b762-f11f-4140-8bdf-a286b3750374,55,Male,92,18,No,-1
4ec840c3-c380-4469-8912-df1861923404,64,Female,139,17,No,-1
b5b93d07-d6d5-43c0-9b03-6f45c8aca2c4,57,Male,183,47,No,-1
38819171-4521-49a0-bdcf-3f8b2af601aa,40,Male,58,35,No,-1
d8f1728c-5951-4941-a31e-8781bcb4b83a,62,Male,164,56,No,-1
1a8b24b7-ca8b-4cc6-b589-c00122eacf41,86,Male,102,81,No,-1
41a1f643-e083-485b-908b-a594deef0831,52,Male,141,9,No,-1
15d0ee9d-9a9f-4260-b980-c06134e7fa0b,56,Male,155,84,No,-1
467481af-c148-466a-8090-722a9ea8313c,23,Female,141,14,No,-1
e1a74a4b-4353-43f8-ac1e-65f9d96884ee,36,Male,173,88,No,-1
ee06d1e4-cee4-472a-8280-54c265805b88,65,Male,135,24,No,-1
e33e2ed4-4111-4a1b-9d10-e28a116420da,80,Female,36,34,No,-1
bfe86858-55e2-4f32-87be-80a26a17ea38,23,Female,94,17,No,-1
877c2034-5a0f-4395-94f9-7d1b097aed5e,74,Female,112,37,No,-1
274f407e-3e0b-4238-aa72-c3873502bf63,32,Male,142,78,No,-1
b3513586-f83f-4d36-b1ab-9a5763af668d,46,Male,164,90,No,-1
9409d8c0-2845-483e-930c-914c375d0970,35,Female,175,24,No,-1
3e0ee4ca-223e-49e3-b781-61b6477ae6ea,65,Female,174,73,No,-1
03cf0aad-26e0-4cc2-bba5-b61076158d6d,84,Male,102,27,No,-1
35d6f09b-2650-420f-98c5-51d0eaa9ad63,46,Female,53,79,No,-1
f2224cbb-ffa9-435d-8434-cf31535161fd,36,Female,161,59,No,-1
0a1e9cb2-fd3a-434f-a308-a52f92a6f679,39,Female,195,72,No,-1
46ce51ed-8964-4035-8996-0c644deeb826,20,Male,165,23,No,-1
cfa5fb5a-a700-402e-ae8b-963e97a72e04,32,Male,182,44,No,-1
0d102d8c-4d3c-4034-923f-de23a7cdbb5c,82,Female,155,50,No,-1
032db5d8-6cdc-447f-a601-cde770b04e8a,28,Female,82,22,Yes,-1
125044c9-a8dc-4008-b408-026e42b5442b,58,Female,110,34,No,-1
04868dc9-8e0d-4989-93aa-76426936b085,19,Female,148,16,No,-1
0ff1675b-b6d8-4b65-8120-e87532321cc0,90,Male,89,10,No,-1
9e8b6a8b-ee2f-432c-b5e9-a2935e6f3288,82,Female,103,67,No,-1
088258cb-4ead-4482-bb81-38d6af0a60a3,77,Male,38,31,No,-1
feb2e7b3-8b7f-4cd6-ae29-9b1f0453ce43,60,Female,111,65,No,-1
d3b81cdc-9add-4f68-b0f0-3776da3da794,66,Female,33,47,Yes,-1
7cc3823f-5bf7-4fe5-8db3-592b1b460a0e,53,Male,139,7,No,-1
2e7715f4-a08f-4b25-ae21-399643e706dd,65,Female,103,20,No,-1
ed0a368c-1715-4320-b4d1-b6380d1873b5,39,Female,111,59,No,-1
b67fd14b-f60e-4e42-9d46-7927471895c2,31,Male,144,81,No,-1
a4a20a7f-9951-4c82-9423-947f8d94adb5,86,Male,87,9,No,-1
47a9ee6a-63ee-4302-be4b-5c881bb8f4ed,55,Male,45,70,No,-1
2fd644ed-cf83-4f65-9d69-90b3ccd87284,89,Female,76,7,No,-1
10430ad7-889f-4ecb-96dc-03493d1fe427,33,Female,191,77,No,-1
7aec7126-7056-4256-9210-8d5a142a3c55,69,Male,166,53,No,-1
a2ce8872-22ed-456b-9fba-5a48bc5e3fb6,74,Male,58,74,No,-1
9d102bcf-afe2-4bf6-b905-91df7062ebec,47,Male,45,20,No,-1
278d896c-9ab1-40f8-9df0-cc3dac4b0c38,21,Male,184,38,No,-1
61aa3f0c-d567-44de-852b-88623bd1e22d,78,Female,107,27,No,-1
0a71b6bc-6b5b-4162-bb66-eba6a7cbca04,54,Male,191,50,No,-1
54ebdee7-9759-406e-bb86-cb0d9d746f6c,72,Female,59,90,No,-1
c774e6c4-ce07-4993-b7fc-5ad992386f8f,41,Female,196,100,No,-1
65a86efb-9f8b-4a81-9c94-bcefce63b9ac,47,Male,51,78,No,-1
671dc5d7-0137-4d5c-a4e4-4db7912f144b,42,Male,57,32,No,-1
6a4ef790-1e39-4f56-a579-8eafa2cee8ca,45,Male,100,80,No,-1
8418e57a-e6f4-4245-bc86-52602bdda9b4,42,Male,129,40,No,-1
966d7d41-3a3c-4e41-9b51-c927e9dfa100,42,Female,33,89,Yes,-1
5f8ca1fb-fcf8-4254-afd5-3d19cac5946c,70,Male,193,8,No,-1
3ef496e6-b54c-4cba-858e-ec89a0d87406,18,Female,58,37,No,-1
56716490-94c2-465c-9842-ad31756491eb,75,Female,104,59,No,-1
1f66ece5-baac-465e-adc5-f7b295c3124d,30,Female,159,95,No,-1
fe33018a-95df-4e1c-ad93-00567a3ef708,35,Female,164,79,No,-1
bb3bfcaf-fba5-4d8d-98c4-3e7bd741b058,76,Male,137,4,No,-1
0c6b3c88-53c8-432a-82e1-eecb8a4c4844,31,Male,21,100,No,-1
054c6dc2-8f57-4cb4-ba55-23893dab7a91,35,Female,27,44,No,-1
514baef9-3618-46a0-b8a6-97716f76b8c6,81,Male,155,72,No,-1
1f1b6e4d-647d-4d05-9153-49193042d98c,48,Female,162,54,No,-1
8c47be22-caac-4a2c-9585-0c6dc1143568,45,Male,42,66,No,-1
8a6ec40f-e3ad-421d-8355-a9deb7ef62d5,56,Male,160,26,No,-1
2d556f0f-bb01-4655-aefe-5db52389bb26,59,Male,61,96,No,-1
b9dea5cb-4902-4c53-9043-9c813185a117,70,Female,146,84,No,-1
f424fc53-3bca-4b62-b763-991b1a3748f8,40,Male,82,42,No,-1
448308c3-6550-4037-81d0-07a97fa71626,69,Female,116,41,No,-1
f189bfb5-ba08-4490-ac6d-631a712971e9,33,Female,98,43,No,-1
fa755445-3b2b-43df-87bf-225aa7306a57,24,Female,104,60,No,-1
bd49f47f-a5ab-40ec-b9a5-158058fdb816,53,Male,130,87,No,-1
b5f8db0f-6c74-4735-b2ec-f659f89ec998,80,Male,180,72,No,-1
122412be-a7a8-44f4-9c59-647ba501e3cd,75,Male,121,42,No,-1
b4f1c306-3bd6-4a05-a275-3fdb379ef4b4,35,Male,68,52,No,-1
54d66442-2953-4383-b0d8-cb8b42074621,51,Male,82,65,No,-1
67ec944a-6547-43bd-a554-2e5b2e2857a4,81,Female,197,55,No,-1
a98397a1-349e-4e8e-b54c-ffa11c3e4b0c,38,Female,59,21,No,-1
66dc808a-4917-4e2e-b1f0-08d6a7be53ed,89,Female,177,81,No,-1
1ef7c368-3967-4e41-8079-2c5ec50a8dfe,72,Female,89,67,No,-1
e9e318f9-f39c-4ab5-98f8-1fdc1b852ab6,36,Male,104,24,No,-1
d24bc446-b5b8-4f03-ad74-7bc5baf2b82c,21,Female,74,54,Yes,-1
226e1886-4937-4b89-8cf6-964417d299fc,65,Male,179,33,No,-1
e2c8814f-bdb8-43c5-b007-0851b67bc73d,83,Female,87,74,No,-1
b7d617e9-58b0-455b-a9b8-e6b9774c603f,30,Female,169,84,No,-1
0c79d508-e8d9-43be-b5a1-51c6a323c964,24,Female,176,90,No,-1
ddb5ba41-6805-4266-8fe6-0f0ac678d2ef,85,Male,148,25,No,-1
9160f767-9b7b-4ab4-a521-6e4d43278950,78,Female,41,44,No,-1
fe2f31f8-cb8c-4fee-8efe-18a50bd9e463,20,Male,82,30,No,-1
68b80900-a736-4fe1-8eb1-d00ad30f6aeb,25,Female,31,34,No,-1
e4f5a957-ada0-4747-b55f-4cb0fb88541f,84,Female,191,63,No,-1
799b07e9-e202-4da0-91b0-d9691e1aa371,61,Female,174,29,No,-1
b06744e8-9d21-41f8-a0d1-3c91e9a91e03,66,Female,109,51,Yes,-1
5556425d-e347-47cf-bcb3-bbb0f8cdc03d,69,Male,83,13,No,-1
a73ae90a-1c44-4266-b1e9-9193ba9231d7,67,Male,146,95,No,-1
7d9e4502-d0f7-43b3-9f39-bbbd8b57a39f,22,Female,169,43,No,-1
1947c3b8-b373-4a82-87fa-5c8bba734fc4,34,Male,169,8,No,-1
81cce4c7-a7be-4ab2-923f-5d3158820078,60,Male,87,63,No,-1
030f6e4a-f68d-442c-a429-36777af25bbd,87,Male,109,7,No,-1
063a5dad-5563-4e69-afa0-1f191d2c021c,46,Male,141,85,No,-1
7a3e3983-e3b7-403b-925f-5b55555fe38e,85,Male,98,45,No,-1
d545ad24-514b-4a61-ac8c-ed06d74c8eef,84,Male,104,10,No,-1
81d41a23-226c-42f6-9da3-d4cf0cbfc36a,65,Female,155,16,No,-1
35f98dd2-dbd3-4dab-9bfa-0e4d3a56ea0e,69,Female,29,2,No,-1
2e6d7a26-cc6d-4d37-8a79-efd8814b1366,68,Male,115,95,No,-1
7c36c864-1125-4c98-abcf-043601feffee,89,Male,170,90,No,-1
51c06ef2-942d-431c-aa6e-76e994615025,65,Male,106,29,No,-1
5c0342e3-7ba9-4bc6-a044-0a5125754af5,50,Female,195,21,No,-1
1f169cff-c796-4050-8f19-f36a726f3688,88,Male,97,85,No,-1
8cb9b97e-bd77-4c57-99ff-a51b64f4429b,45,Female,68,53,Yes,-1
6fb9186e-b539-4689-b6b6-0aace51afb82,78,Female,110,55,No,-1
3da47f5a-2b91-4a90-b50a-f7ee5b7e7f13,77,Female,46,37,No,-1
163273ae-7729-48e2-9946-c7ea6be010d9,26,Male,179,45,No,-1
c5579dbd-e8aa-4847-ac5f-6647c241a6cb,65,Male,147,21,No,-1
07170f9d-a742-45c1-bb81-9f1c6a55f0e0,82,Male,169,72,No,-1
931648fb-3fab-49c6-a3b8-6f0751303c97,61,Female,33,16,Yes,-1
be4f54e7-612b-4a8e-abc1-e68e3fda53b9,44,Female,166,4,No,-1
d5f5946d-8277-494d-9997-75920f01fe8d,70,Male,85,43,No,-1
3bda3bdd-c70a-4c6a-a362-e5be1e9c3724,61,Male,179,36,No,-1
2d78caad-e18c-455c-99d2-7ae594abe8ab,47,Male,177,97,No,-1
79cde7e8-377a-4ce5-9336-622e870eb9a8,27,Female,60,31,No,-1
86dbbf89-28d8-4a15-9e0a-6f1f898d6477,89,Male,51,85,No,-1
bea6eb38-9b7b-4926-a70e-2b02d7b88fdb,33,Female,147,7,No,-1
ca2c4a5e-d051-42ad-aa4a-906e45e258a3,80,Female,32,26,No,-1
0335d9c5-cc02-4c12-897b-ab34482b2800,67,Male,75,61,No,-1
c6ec6b5d-a448-49f0-aab7-aedb9e823f49,90,Female,59,73,No,-1
4569c346-dcc4-413b-99ac-6a4c2cb92be9,85,Male,108,63,No,-1
1f135136-90e0-4179-9ffe-6017600388ca,33,Male,52,46,No,-1
fb2086e1-fb2a-4cc3-bcf3-8ccf7696a026,51,Female,81,75,No,-1
19a129a8-3823-45dd-9f2d-94ab82a01752,39,Male,40,43,No,-1
551a1eef-45eb-428a-bde3-a9b09f469ce5,33,Male,165,65,No,-1
6a40ae57-fa29-439e-abaf-0aebb23322ab,55,Male,136,20,No,-1
9dd4b668-861d-4c26-b2ca-b08c3b34796f,37,Female,135,42,No,-1
b3b22f6a-95bb-423a-8c4f-22a9b76fc798,45,Female,162,47,No,-1
665e021c-c153-40e4-b7d3-cf435cfa0525,26,Female,154,91,No,-1
f2f6d9c7-2524-4bb0-bed4-ae64ff1f7268,32,Female,48,35,No,-1
4206a17a-0ce3-4c16-a43c-ee68dc8844a7,86,Male,117,19,No,-1
a2b9ea96-9580-4ba3-9335-5e16394e949b,54,Female,101,17,No,-1
b1976861-c5d7-4ce4-97a2-20e644e126cd,88,Female,185,32,No,-1
0acce9be-0703-4526-b59c-afdd5b1faa22,37,Female,91,2,No,-1
298309e3-738d-4ea0-b7cb-a1c2719964a5,32,Female,104,71,No,-1
946b9637-6fb7-4563-9876-91f7bba522a9,56,Female,87,32,No,-1
51757c4e-0bc7-4985-9d2c-2084e9d091e1,35,Female,52,36,No,-1
5154933d-da10-44b5-90a0-a84fbb5aad6d,70,Female,185,50,No,-1
426d866a-d589-4d6e-804b-6cadf33959d3,65,Female,136,5,No,-1
f8db12df-f473-4d96-a26e-7216c072550f,82,Male,105,36,No,-1
e9404ccd-7f6b-472c-a121-75332ac44052,21,Female,192,73,No,-1
b6b5a658-2b4e-4a4e-8b29-bc6212d718a6,42,Female,73,56,Yes,-1
39450c8d-687b-4565-a97a-93545f76b9d7,55,Male,99,62,No,-1
ab4a58a7-e368-40d3-a214-f3a19c9d015b,57,Female,34,20,No,-1
b369ec52-dc30-4615-8d67-bd807d9a9d5d,53,Female,173,10,No,-1
ea145b43-a376-4c97-97e8-738b4f00a15e,27,Female,180,35,No,-1
fd86a71e-78d9-43fd-8686-f036b1f00e38,73,Male,90,31,No,-1
0764223d-bf3a-437a-b98f-8b1d4f61d316,67,Female,72,13,Yes,-1
2b0dfab1-5a38-4ca9-8934-21d052b173bc,42,Female,34,33,No,-1
b78019d0-8aa5-46a3-bfe3-37b77c5af8b9,67,Female,64,93,No,-1
a48a347d-adaf-4a14-9ca6-668ef840e447,26,Male,82,2,No,-1
e4b39abb-dcca-426e-8837-c624b0a93e61,71,Male,80,10,No,-1
d7cb3057-fd2f-4be1-a49d-ee5e1d7c89d4,33,Female,180,36,No,-1
b09e9322-0010-485a-8a34-d88acc0ac15a,49,Male,71,50,Yes,-1
2178d21e-6820-4a43-b387-ee2bc0f25c61,50,Female,172,37,No,-1
1d1798bd-c970-409e-8380-0fcea6e3b482,71,Female,166,94,No,-1
cbdb0ab4-7b7e-4bcb-ba6c-b6c2bbd7ddc8,30,Male,177,11,No,-1
1f22713f-1c8d-4cf9-b956-822e9cf9cc90,79,Male,29,78,No,-1
f941ff2e-1d4f-4aef-bdda-ec2515914372,90,Male,182,65,No,-1
3aac87ce-3fb2-4276-b54a-2f6cd121141a,58,Male,101,10,No,-1
a56a7c79-93eb-4c2a-ad91-b07be87b91b1,56,Female,197,78,No,-1
c1a8c61d-0da8-4e89-a062-2b1315a4daad,27,Male,177,53,No,-1
2ea0e670-efaf-42bb-9f5e-b10aea00f288,49,Female,38,33,No,-1
b3d29a44-d68e-475d-beee-51d7dd1d951a,74,Male,139,20,No,-1
ac165c13-40a9-4ea0-b3a3-33f8df480db2,24,Male,90,63,No,-1
4962a4c7-72d5-431b-a969-b92069a13c45,21,Female,42,44,No,-1
e19477e5-4650-48e2-a224-ce2d706c58ff,35,Male,109,51,No,-1
6f8d6053-44d8-4839-9d26-c27ecac8af31,78,Female,181,1,No,-1
15b1dd33-682e-4809-881c-1eea8b7723b4,30,Male,104,49,No,-1
b08c6ee9-5daf-4260-b39b-b2ae3a904ca3,55,Female,130,39,No,-1
eed6371d-76de-4fde-93f7-95952d190cd7,68,Female,55,30,No,-1
29c835ee-da8d-44f2-8375-49b990e2833a,63,Female,23,25,Yes,-1
131c0da8-8653-494e-9baa-0df8ade6453c,61,Male,173,5,No,-1
0a41888d-ebd6-4c8f-b530-9d3647d40d2b,61,Male,137,27,No,-1
913dda56-7c73-4607-a21a-abfac1bf0311,63,Female,104,27,No,-1
c3ee857b-178a-406f-bb91-fc1c0b21ac42,90,Male,144,96,No,-1
4ec878c1-489f-46a3-97c0-6b08d2705386,47,Female,23,65,No,-1
705efa76-e99a-4999-a971-e698e920a4fa,21,Male,49,75,No,-1
be6e79ed-e5fe-48cb-92c3-4a672099c634,18,Male,191,91,No,-1
7e6809d7-2bf6-466e-aef1-73ec79e1dbe0,80,Male,96,21,No,-1
a559c05e-12a2-4a22-84d3-b0fb3550c1f9,22,Female,73,52,Yes,-1
8e7e6cfe-ab8e-4837-89e9-452578b0f26f,32,Male,149,4,No,-1
4f05bb3c-7d0c-4685-b0b3-e09c40ce385e,64,Male,170,44,No,-1
11553c8d-170c-437c-9c88-b8b97f825b6e,72,Male,138,53,No,-1
1038e58c-6846-48c6-b582-5e7d6a126df0,41,Female,190,61,No,-1
4bb5927f-a3de-42bc-956f-161a18ae3eab,27,Male,188,21,No,-1
8b0f8310-e714-4f66-b625-158fbac27199,37,Male,105,66,No,-1
64f90f65-a52e-49b3-b872-478a76c05154,55,Male,46,33,No,-1
7d17e9f9-2c85-4df6-a0a1-a0d8b610dac9,74,Female,148,7,No,-1
f1726c45-b2fb-4dd9-a937-90053b1cf3b7,36,Female,162,37,No,-1
8a0d1f3a-2a93-42cc-abeb-4527750881cf,87,Female,71,51,No,-1
c7b7d2eb-7f05-43c9-b4ae-5b30593d485b,64,Male,54,51,No,-1
9946993f-80f7-47d8-9248-fb89c2d53665,59,Female,143,90,No,-1
7b1ac13c-814d-43cb-921c-0fccecb41abe,22,Female,54,86,No,-1
f9646ae2-6db5-46d8-a1f2-e2f0db8bf332,78,Male,60,40,No,-1
7138c7f0-c986-4a49-b600-4df7d7744ceb,20,Male,52,31,No,-1
27078f84-a5c1-44ea-b527-7a977c1020ee,60,Male,118,12,Yes,-1
d73d49bc-06eb-4f54-a2ac-2165460cd83d,36,Male,27,40,No,-1
d5c096db-33e1-4a9d-8459-0acef88b3d36,65,Female,142,52,No,-1
6f70a2b4-b0ff-4e03-89df-111c42ae344d,57,Male,35,68,No,-1
595cfed1-6a04-4e1d-b931-cf6006adfaf7,50,Female,154,47,No,-1
cfe17c67-89dc-4cd6-bc1d-689fecba1ccf,40,Female,151,18,No,-1
a220b12c-2377-46c6-b024-d7c814eefb44,45,Male,35,85,Yes,-1
4e056ced-dcfe-4177-85c8-90ca212e3412,68,Male,144,26,No,-1
a1e60efe-1348-4ebc-a6e3-682c51a9e4ee,61,Male,102,53,No,-1
732a7c66-1d3b-4787-bc2a-612fb23ee81c,41,Male,150,69,No,-1
167927b7-4f8b-48aa-830f-0246f2edc40b,80,Male,179,58,No,-1
386f6bae-52b3-4fb9-9fdd-fccc4f21ec25,55,Female,200,55,No,-1
c96dccb1-a736-4eeb-89da-c7989ef7ffac,28,Female,159,19,No,-1
33755dba-bafd-4a1b-98a3-87e5e5366b9d,63,Male,192,9,No,-1
59ea6c53-6089-4d94-9c24-c189375487b0,22,Male,73,24,Yes,-1
baa65b38-3c5a-4200-be37-dc0829823c2f,70,Female,200,41,No,-1
94502a22-10a5-4c89-a9b2-d9ce802f3d68,80,Female,79,53,No,-1
d0a7c97a-c5d0-4783-a77d-d067bf6ebc34,51,Male,48,100,No,-1
cd1b50e3-6bfe-4f13-bca1-8acaa94ec627,35,Female,197,76,No,-1
92e01454-613f-46ef-a68c-3ed662dfabd3,68,Male,111,68,No,-1
ad9aa8cc-016d-4c7c-b218-bb103d7bb9f4,65,Female,49,83,No,-1
10465544-ed7a-4275-8ec3-bb55f0180b9f,20,Male,110,48,Yes,-1
3f418681-c033-47eb-960f-210b4173467e,51,Male,187,45,No,-1
200951fc-b6e5-4100-b16c-aab1ad46929e,30,Female,189,86,No,-1
2e5adb4a-6201-477b-bc00-ef1b123cbbac,50,Female,55,92,No,-1
0e165440-8a80-4009-92ab-872d1668f426,38,Female,170,40,No,-1
aea58cbc-3ba7-4704-a601-15e527c11e5d,30,Female,159,91,No,-1
f27ca2f4-4430-4f05-9b45-11fda2df1ea3,37,Male,105,44,No,-1
8d399c2d-a307-431a-a174-21adafcfbe8c,18,Female,158,84,No,-1
5a9a7766-50d4-475d-b27c-16328aeabe24,22,Male,183,65,No,-1
7dba760c-2391-4a44-9f74-d3e11bc2ba74,82,Male,37,45,No,-1
511d1819-b9fe-4926-9946-c3e61b88eeef,39,Male,158,48,No,-1
8f8d08f2-69d7-488a-a550-369409bf28f6,70,Female,174,5,No,-1
77975e8d-4aaa-4036-a624-a3f1872304f3,61,Female,95,3,No,-1
b0b88e8f-1228-4440-8930-7f581ef98e28,39,Female,36,27,No,-1
c4798022-4872-4c82-82dd-41636ad0b583,44,Female,166,27,No,-1
ee07cf0d-1892-468d-bdac-3386844141cf,70,Male,183,79,No,-1
6b9b44ef-8986-4b68-97f3-37da8f344a75,62,Female,195,92,No,-1
69b51a75-6fc8-456c-95ed-7f729e5e8217,28,Male,78,14,Yes,-1
8e8ac0d9-7a4b-42b6-9a33-002d48d39bd2,22,Female,84,8,No,-1
e5d0dd79-d9a3-4229-bf7c-a260a339c2d3,26,Male,46,50,No,-1
d8c1db39-04f1-4481-bb22-d79000503a10,28,Male,31,52,Yes,-1
5b5cb01a-7940-449c-b0c8-df4509fefb6d,84,Female,176,50,No,-1
4e998440-9921-4efb-bcb9-d5850467648b,51,Female,192,70,No,-1
90c22f9c-1ade-4004-bea4-c2670f838edc,68,Female,189,53,No,-1
731c380d-e733-4391-b944-116eed934ee8,22,Male,105,66,No,-1
0e63af47-ffac-4f72-918c-222680bcd592,29,Male,29,35,No,-1
82862865-8451-4599-9cf9-a9d70fbb7a7e,36,Female,127,57,No,-1
2f891d49-826b-49ae-97b0-5d54e018eab2,18,Female,168,52,No,-1
a066ac48-ed8b-4fb5-a3f4-97453f3d6724,64,Male,94,18,No,-1
9a925b5a-b4cb-452d-af4d-b32cc1ebda48,18,Male,187,41,No,-1
3b1f0a9c-bfb2-4185-bf8d-68126e910201,68,Male,155,28,No,-1
3d1d25d2-3012-49d1-85c9-a5e1710204e9,78,Male,46,2,No,-1
096cc1b4-41eb-4d56-ad22-737dff6aad04,56,Male,136,15,No,-1
3f2435a0-f78d-45c2-b7ec-9f4039ce36f1,60,Female,47,83,No,-1
df280ed5-7e5b-46ef-b634-1c968e8dc563,89,Female,183,85,No,-1
1826648a-b827-4c53-bff0-94351a3f8e66,29,Male,152,42,No,-1
f8bc74e2-2c20-48f6-9d67-f1226c94c8b9,42,Male,46,39,No,-1
37a251c1-1f9a-447a-9c28-4c2729183708,43,Female,36,1,No,-1
72a327a0-a4a1-4e1c-8ce0-cd5874065cb1,46,Female,75,52,Yes,-1
acfa9a05-5508-4d87-9fe0-23e91bbac86b,87,Female,168,55,No,-1
39ec7e67-1745-49da-a4d4-e37c5fdf0202,86,Female,67,25,No,-1
1941db4a-a59d-46e9-b9aa-28dd5436e75d,41,Female,46,79,No,-1
191a8643-d56b-4dcd-82b6-cf014b17f1df,28,Female,47,10,No,-1
dc941431-151c-4f45-9c05-9259c678242a,82,Female,140,20,No,-1
5a94e098-c0bb-45fc-b351-1d8ff0671617,47,Male,170,72,No,-1
4c622d17-2736-4faa-9d39-29d883ca7f5d,33,Female,104,23,No,-1
cf1eb85a-984c-4acc-a627-2bdaac32569c,66,Female,99,30,No,-1
a1c58ab0-031f-4c16-b03e-e4ac6e956b10,50,Male,56,31,No,-1
72e27f0a-986e-46cc-9d41-9eb1d01753b1,53,Female,89,35,No,-1
c3051bfb-99c9-47ec-bf11-067098c4fde5,74,Male,51,10,No,-1
21da7914-ec7f-49af-be1a-b514c1c5781b,55,Female,188,64,No,-1
06e00b4c-3164-4e12-b71d-4cfd71954961,64,Male,131,82,Yes,-1
77657934-c605-4ee1-a74e-0703d50ddb7c,22,Male,95,32,No,-1
f7f32ebc-852f-4fa8-a9cf-641f54dda127,48,Male,180,98,No,-1
13c98daf-ba05-45d5-9db0-acf66b454c66,35,Male,42,8,No,-1
8f2da659-db6d-4ee6-98c2-747a30255783,80,Female,170,26,No,-1
3ffd033b-7356-4ef7-b320-d96618596a64,68,Female,44,18,No,-1
c60a4e5c-34b4-43d6-87a3-518f47b4621e,31,Female,38,99,No,-1
08dc08b3-fd79-43f5-b06d-9c5e22a643f6,20,Female,61,15,Yes,-1
6d24b84b-18d0-41ef-8813-b9d427731e4a,29,Male,83,8,No,-1
2996a669-8017-49ea-acc8-37f09dd9ce0d,84,Female,177,97,No,-1
4c2f0c21-846f-4b23-a7e2-ce236eed3edf,29,Male,36,9,No,-1
6e65b9be-2790-4ecf-b6e1-1420029f89ff,88,Male,181,69,No,-1
6c73d520-09fe-4430-a3c6-947555b0d3f2,42,Female,122,17,Yes,-1
a56557c0-7c07-4197-a508-45a234cd14c7,39,Female,164,66,No,-1
301f9ed2-ede6-4be0-aed0-3aba050f4a78,58,Female,47,85,No,-1
767697a9-dd77-4b75-9da2-75ee2eebb435,21,Female,91,35,No,-1
a1b67088-0d5e-4deb-9ef0-b1f84807d658,63,Male,187,95,No,-1
6b70fdf1-a44c-4511-a947-b648f463d12f,65,Female,148,38,No,-1
19aa175b-71b5-4513-aaba-b424f2a2766b,32,Male,24,27,No,-1
8a27302f-621d-4dd4-9fdf-e7fddf921e92,85,Male,58,25,No,-1
f8b39b16-726f-4405-be08-15d97e9bc72d,50,Female,46,36,No,-1
55f37e00-c0a4-4602-8c20-48f8b9090a0f,85,Female,70,27,No,-1
1aad4a86-8530-4f80-a4b8-5c56af661cc9,75,Male,179,22,No,-1
b9a6787c-d99a-4ec9-8275-5120f1a85b44,57,Male,67,86,No,-1
49b82ab4-864f-47f1-8f7d-0750ca83fb49,56,Male,147,48,No,-1
5ec9a296-a8c7-4315-b507-bc2277d03044,62,Male,75,85,Yes,-1
9bbfc6d7-408c-43fc-841b-6dd3731330be,88,Female,87,91,No,-1
af50f2fc-247d-478d-b818-4499a6e0a929,66,Male,105,36,No,-1
b0f29526-3385-4008-8536-44b638eec77a,41,Male,65,32,No,-1
e0a4b626-3029-4bcb-839d-c64a98a228de,49,Female,134,84,No,-1
42f527dd-ab48-4511-abb0-f108a26fe0d1,46,Female,98,17,No,-1
72864dd8-ab80-4c00-a932-9778a1e8ced3,68,Female,28,48,Yes,-1
98fc7b4d-d1cb-45b6-89d4-61efeeafc825,60,Male,55,68,No,-1
87166c1d-5508-4bf2-9a98-bbd3e56f4511,56,Male,21,49,No,-1
15fe0e1b-6563-4745-b122-64084d441467,63,Male,72,52,Yes,-1
5cc09c50-413f-4833-921b-93aa7f204415,62,Male,108,54,Yes,-1
e95e09da-4de3-4981-9f2a-1c957c3cde95,21,Female,169,68,No,-1
6ac2fd89-0c4b-45f9-a459-1b79308b734a,60,Male,161,65,No,-1
e811a7c4-0c62-4d80-be07-d1d7a4e448ee,87,Female,174,73,No,-1
a5978074-6e70-45a2-8ccb-5c9833515610,49,Female,140,21,No,-1
80eef9b9-be90-4e58-ab6d-b62b50e34123,24,Male,97,57,No,-1
bf29cd0f-76b3-4911-8229-882c958d79cf,62,Female,60,23,Yes,-1
6ae5842f-75ea-40d9-b6c0-4b78d0c77d72,31,Female,97,39,No,-1
6b2e7e04-2732-41e2-b472-051a20683226,32,Male,171,34,No,-1
502b7ee0-ddbb-4244-ad4d-95788e255b3f,66,Male,80,29,No,-1
1da2a34c-072a-498e-b2cf-674128cacb63,52,Male,62,92,No,-1
69719fde-7a69-476c-bd73-b661d927c35e,75,Female,148,95,No,-1
2d478570-b965-4b9c-a4f4-e396452d9534,88,Male,122,68,No,-1
bd96e29a-5469-45f7-b353-338dc24acd42,54,Male,177,72,No,-1
4f53426c-ec31-4793-b559-6dc2161df5c9,71,Female,136,5,No,-1
20cc73ed-8ca9-475f-9ff7-9b9ad4bc0a73,70,Male,116,58,No,-1
fa4fe228-c29f-4856-a584-d8f81d95f892,62,Female,46,20,No,-1
d474174e-697f-48b7-b437-9a5b34c6d35c,43,Male,79,5,No,-1
604b8134-09dd-41a1-b506-a2124724607f,59,Male,40,29,No,-1
dbf90b1d-c08c-4d99-86f2-0a0f2420870d,31,Male,78,33,No,-1
f83ed133-8a15-49ce-971b-83f26f4c2aa0,18,Female,62,96,No,-1
b4a16a00-61fd-475f-b645-da6f90a6c802,85,Female,144,3,No,-1
eda307c0-9502-491f-9274-639777491adc,61,Female,35,25,Yes,-1
cee6a071-fade-48fc-9666-78309950b201,61,Male,31,23,Yes,-1
e43306e6-6460-4e9e-8255-f74f53340149,42,Male,103,70,No,-1
0936149b-fd7d-4b95-b6cd-6c8ea049e894,42,Male,31,48,Yes,-1
cac7a120-2970-45b6-a762-c9965fb6228d,65,Female,91,7,No,-1
1569d54b-b515-4069-a2da-325422287345,62,Male,50,6,No,-1
15f32dec-646b-4b1e-bfe3-7dca5d30f6eb,39,Female,164,87,No,-1
b8894c74-51e1-4118-9e7a-708193f108a7,37,Male,159,58,No,-1
964606fa-81fb-4ab5-ab73-bbfcc951a57e,54,Female,163,27,No,-1
4fa37696-1276-4340-992b-3f136f70f8c8,74,Male,150,94,No,-1
0150c2f6-4dec-42b1-a6bc-2a61006d8a57,34,Female,187,65,No,-1
c8e7aaba-436a-4fa9-a308-89f143eacba4,47,Female,184,70,No,-1
b36052c8-2320-4528-a465-8381e4d0d500,71,Male,166,59,No,-1
aae713a2-80fc-423e-960f-e71749b3a8b2,88,Female,184,55,No,-1
926f3faf-e48a-4255-b76c-611eb29c8571,75,Male,164,79,No,-1
d121579c-2f23-4321-bca9-4be0ea92bf01,81,Female,133,82,No,-1
01b9dccb-231c-4caf-9582-b5c7f77162f9,24,Male,21,39,No,-1
e9721be3-68ea-49b9-8b8a-07fded5f1157,30,Female,177,67,No,-1
831b4f9e-ba87-4007-be7f-5ba434402018,45,Male,25,26,Yes,-1
9f13ea7b-591e-4aa7-9f3e-207c47135a00,71,Female,176,81,No,-1
b0bc1c90-fb85-4fb1-8829-df2d03d7a80f,46,Female,70,63,No,-1
cb6bf17f-256a-41a4-95ea-87729cbb8f73,64,Male,179,28,No,-1
76d175d9-4480-4690-9137-40e5489bd39f,54,Male,40,6,No,-1
50f437a8-ad65-4999-9c16-71e1574300bf,68,Male,152,90,No,-1
694f93ab-a5bc-42fc-974e-c16344b029da,69,Male,61,18,Yes,-1
6baf771c-2b09-423e-b00f-6263166db5fc,51,Male,158,38,No,-1
fc1fc634-bc55-4ba5-b755-b08d7e8299fd,63,Male,159,57,No,-1
5e79a68b-459b-4a32-ac52-234368199774,20,Female,87,4,No,-1
78ad784d-fad5-4675-8fe3-65b1ac82fb84,79,Male,158,71,No,-1
fc8323be-beec-4eee-92c0-091bbce8d4a2,38,Male,111,68,No,-1
5b290092-6b52-433c-a5fe-ad4e4a221fed,39,Male,190,93,No,-1
e8456cb8-a006-4689-b8dd-1f3bf28447ee,57,Female,49,17,No,-1
880c3b95-7971-45ea-a476-e29e393536d5,81,Female,33,83,No,-1
891bc3d5-db8c-49c8-97bc-5653f7d983a2,45,Male,98,36,No,-1
0f713928-abd6-4dd3-ade7-c09cc19fd5a6,34,Male,69,51,No,-1
ab55e706-26b0-4b4e-bd5b-f16ecf6d4652,64,Male,191,17,No,-1
21ab5613-f56e-4a8d-aa58-86e5132a365e,67,Male,79,5,No,-1
9ffebdb1-4d54-477e-b8ec-ac318ceeee8a,71,Male,104,23,No,-1
f7a6f0b2-21b2-4f94-82ce-783827386858,47,Male,118,17,Yes,-1
b0992c63-ae62-4c6d-a9e0-3e2c7a01a0c5,63,Male,190,63,No,-1
c02d57ac-0026-45f8-a39f-820cf1d1d0e5,27,Male,100,80,No,-1
00182d76-c032-4d4e-94b1-9a562b3102e2,31,Female,184,1,No,-1
68eb6cef-0e36-4baa-a513-0e7b5c81a2c9,73,Female,50,25,No,-1
65576c49-69fa-4f08-a9a5-a09376363110,58,Female,99,59,No,-1
724b78e2-129d-4c34-877a-5627233dbaf4,74,Male,168,84,No,-1
2557df77-d9dc-4c80-b103-877b5e865c03,84,Male,187,82,No,-1
03482298-50e1-4c4a-ada8-16d5c3f0d299,81,Female,56,29,No,-1
953113a7-8155-4a30-8ece-ee147afab627,57,Male,33,90,No,-1
ff2a2059-e07c-4870-9a9f-99bec1e36cc1,19,Female,112,26,No,-1
cb95e40a-b496-45a6-9963-94a032b4fd4e,90,Female,62,15,No,-1
e575e9a7-01a9-46f3-978a-e00cef4f3f3d,26,Male,77,56,Yes,-1
6211966f-8c9f-4f18-82ff-a9d5e10a06b2,76,Male,94,9,No,-1
47f51674-8e40-4ff5-9bf2-8e6af02ad421,32,Female,66,48,No,-1
1c97cded-1ca8-466d-82e6-05e21890b7a3,45,Male,50,26,No,-1
fb115deb-7120-4569-b958-a66065171c5d,24,Female,96,9,No,-1
39ee0d14-e579-4c86-a2f9-4237fcf05249,75,Male,151,87,No,-1
2a3cea13-f935-4752-a04e-2fbcb122b693,53,Male,189,55,No,-1
d33b29c9-091e-4184-b50e-e7d9d204c4b0,38,Female,190,59,No,-1
e491f48c-4411-4bae-9dd7-2a2c42bb6f7b,45,Male,166,84,No,-1
070cc280-4742-4a2e-8bda-9d2ee56492b8,31,Male,137,84,No,-1
7578292a-d8e9-4863-a514-ed87a5e8cca9,73,Female,183,56,No,-1
a76b97a0-3ce5-402c-aa17-6097faed63e5,63,Male,116,30,No,-1
e8deea8d-c7da-4e79-a3e0-835ae920aa1e,54,Male,98,53,No,-1
d1a1d977-0bfd-4073-91ac-ba24daed767f,62,Female,47,16,No,-1
0bb13937-dcff-4f53-bd8a-d02eabf0e25e,34,Male,101,41,No,-1
405df51d-39e5-47c2-b944-fc48340d0500,72,Female,154,70,No,-1
8afe8271-bd5d-4c36-b464-8862289978fe,23,Female,151,23,No,-1
80881bf1-fb60-4557-8244-a44548b99140,39,Male,168,9,No,-1
1f24b93c-8bb0-4b6f-921b-d00296884679,62,Female,192,6,No,-1
a5e5bbee-b13e-4b6e-b175-6a20658d6006,23,Female,42,67,No,-1
34a8ec20-926a-4833-9498-8ab626dda923,32,Male,73,24,No,-1
743c4569-141a-4f0c-90aa-24fec415f512,73,Female,145,25,No,-1
347b05b5-11b3-47ce-a8f0-a920c1a84b42,44,Male,176,93,No,-1
d875af79-b6ed-499b-b869-99d35ffe5bac,34,Female,98,8,No,-1
1a8a8106-2537-469e-88a8-7718b7ee27bb,62,Female,44,15,No,-1
b28dea99-9f8c-4a49-aeb7-5dfb31450d8a,81,Female,135,27,No,-1
f6168a03-7582-4cfb-821f-7351b55384ff,26,Male,151,70,No,-1
78c1bde5-f836-4fc2-b093-f2e9627e98c4,39,Male,30,40,No,-1
c0a43c31-9231-4e61-8da9-323c22bc691a,48,Male,159,80,No,-1
af3b28a8-3f69-4d99-a913-1512bc8bdb15,68,Female,98,32,No,-1
114f8cae-56e0-4305-9785-155079eb2309,41,Female,178,32,No,-1
24cc43d3-37a4-4115-8524-78cb019e33af,48,Female,60,32,No,-1
cfa99cc1-e030-4745-9e56-eb354c3fd138,65,Female,162,31,No,-1
aecb0179-4c7d-415a-a2eb-49ccdda0d103,77,Female,58,87,No,-1
a77ff6a1-b864-4472-83d5-a385f66090c3,32,Male,127,30,No,-1
9f4e901c-7477-4eae-8d09-2203f0fe30dd,83,Male,81,26,No,-1
ce052c5d-1723-4c66-ab5b-d8a79a315d1f,46,Female,105,39,No,-1
4a1a032d-6701-4000-8132-2ca84fdede98,71,Male,63,98,No,-1
be4bb534-6341-4cec-8249-a41c85f8cb2f,36,Female,167,63,No,-1
13b8d476-c3ce-4b1e-abb3-19271441d644,42,Female,154,47,No,-1
256211a3-df8d-4a75-b18b-eaec6cd5967d,19,Female,47,39,No,-1
7dff0aed-5a2b-4e81-b945-5a31d5adef2e,29,Male,190,83,No,-1
a2aaab12-85b7-4e8a-ac74-1b29185c9bde,45,Male,115,68,No,-1
9f3c1817-f8f8-4ee6-b74d-24542dcd0b4e,84,Male,64,53,No,-1
3819f633-6dab-4a03-8f98-31c8a2bfaaa1,67,Female,159,30,No,-1
11ed2427-309b-4808-b395-c05ef2088997,83,Female,178,54,No,-1
99d63785-f460-4a25-9bb5-5dbffda528ae,30,Female,183,33,No,-1
0edc27a6-3b69-46e7-8389-e9a886469d97,70,Female,149,68,No,-1
9ec3f769-6a95-4aa2-946e-19ce88ee75e0,40,Male,40,15,Yes,-1
19cc9001-9eb0-44dd-90bc-9b93c0aedc14,46,Male,58,44,No,-1
52a220ae-f49c-4453-8ce9-a756db5e8ec4,40,Female,174,69,No,-1
7f22f8ec-411f-4477-9fb1-0fd755ac5089,43,Female,150,37,No,-1
f3baff15-402f-422c-9694-b75b153ea261,61,Female,87,75,No,-1
35c0ed09-e8c7-42c7-b5fa-4e86ea5a1af2,35,Female,130,30,No,-1
826da88a-3f08-4959-9963-60e7c131d2d3,43,Female,113,11,No,-1
4acae763-8068-46e5-bc75-9e21f0fbc85c,85,Female,64,46,No,-1
ce4bd485-c23b-4ffb-957c-94ba21ff74e8,18,Female,187,69,No,-1
994cd74d-6d77-46ca-af3e-0067d568729a,56,Male,116,70,No,-1
bbe9d763-6078-4465-be03-7607673818a1,87,Female,97,25,No,-1
f32082c8-32df-43a4-8253-e8dd2dcca4ca,80,Female,173,21,No,-1
4bfb2b66-4065-438b-8012-a6fbf5f53ebc,33,Female,191,62,No,-1
52df6953-e3ad-448e-bef6-d6d639d3c16d,63,Male,94,29,No,-1
29e9beab-d693-46ab-8d50-c37e425823eb,31,Female,74,65,No,-1
9257c48d-8af2-4a91-8d6b-1ff1a0579a42,19,Male,159,36,No,-1
3babf233-a489-4027-8aad-5ce6e2bc9e15,74,Male,54,34,No,-1
84cf48bc-c233-4e52-8530-2f04c630cd39,64,Female,96,68,No,-1
30cb6569-c40c-4514-8ca2-b628515e0a3f,33,Female,197,34,No,-1
2f0efd48-0c77-4860-b447-124ea12aac66,60,Female,92,11,No,-1
a9be73f5-3856-4269-a45d-3a75b393245c,36,Female,75,22,No,-1
c7d4bed8-6615-491c-a0f5-94e0c0c6d877,19,Female,48,45,No,-1
7a5e2669-d904-4940-8518-07fb7d5e5d4c,45,Female,131,17,Yes,-1
294c1523-667c-4eb4-9edb-45cd143f1740,27,Female,99,4,No,-1
afa73844-cea5-4311-9899-80c1aceb07ad,80,Female,103,40,No,-1
783934d6-0ad4-4374-b378-ed36a17e92a4,59,Male,196,65,No,-1
d9ef1bf2-ab5e-478c-996b-f3b75d2975ff,49,Female,137,81,No,-1
d9f9467f-66f6-4ee8-afcd-c83b88843442,90,Male,99,57,No,-1
062cfc8f-ba2f-40f4-b49f-6df42ef89663,90,Female,38,83,No,-1
b864684d-4713-4939-a6f7-f7b5d441e00d,77,Female,153,75,No,-1
ceffe873-f47b-45d0-b9fc-89dabd349e80,51,Female,165,51,No,-1
46052f64-6ae6-44a7-8225-9bcc2a705acf,66,Female,118,40,No,-1
d67e7cb4-0098-48e8-9797-e7287c9fd907,26,Male,158,74,No,-1
ec5d5877-5f07-4d86-b626-c9f90c32bdd8,82,Female,27,78,No,-1
31d115fd-53a2-4106-934e-090ca052ae77,40,Male,97,4,No,-1
501b2681-d611-4de7-9478-9ba14b31a16a,84,Female,76,14,No,-1
d0367b7c-4b6a-4699-b054-9e0ff1824f9d,29,Female,58,16,No,-1
39c17850-731c-4915-ace3-82657eb431dc,32,Male,28,13,No,-1
6cd7e30f-1225-491e-80d8-ed2fbfc0acaf,27,Female,29,77,Yes,-1
5fd439ef-0065-404b-bfe3-b8c0230bbebb,89,Male,163,57,No,-1
fa79b50e-7d9b-4678-b11e-6842a4c10721,64,Male,69,10,No,-1
6bf62a0d-2852-40e9-a1cc-87313d36f029,47,Male,107,36,No,-1
a0c0c2b2-90ce-4579-83aa-e8db0f8c8ec9,21,Female,154,41,No,-1
5de61cc7-41f1-4cd6-aef5-609cb06bd12f,22,Female,184,31,No,-1
849721a0-daff-4a9d-af61-693673b70313,80,Female,22,23,No,-1
2b0b05c4-253c-4be8-862d-b44d90d240b1,55,Male,28,47,No,-1
b241cdba-9cb0-44a1-9dd1-bdab057b7445,56,Male,36,44,No,-1
d545ada9-ee95-4f89-a18c-5aa2b1db5cee,76,Female,192,2,No,-1
9097b3e2-9250-4bc7-8ed8-be1a4e26c3f5,48,Female,164,3,No,-1
766405d9-0b4a-40c7-84f1-5e312057870a,62,Female,74,85,Yes,-1
446df8fb-5693-4110-b2e9-c3715618700c,52,Male,140,11,No,-1
3dfc2b71-0524-44d2-aaf6-7fcd21eecfc0,50,Male,60,21,Yes,-1
18133cf6-23f4-4f47-af49-17046d666602,57,Female,197,63,No,-1
76232374-e466-4a51-b2b4-0801ccb4c498,36,Male,85,41,No,-1
87cc34fc-75ed-4f51-a3b3-a93b6e3c147a,86,Male,139,47,No,-1
ec83f25d-8055-4506-bf11-781b1a1b8a45,40,Male,87,74,No,-1
944265da-86c2-41e3-b0ce-47f58430970e,33,Female,118,60,No,-1
5ee7a6f6-5c2c-4b93-881b-e3a4fd41b49e,90,Female,38,44,No,-1
c15c527d-1884-4bfb-93fa-15678f0214bf,44,Female,155,20,No,-1
2f69a262-97cd-4fba-a31a-ae0f4a3dd14e,86,Female,81,55,No,-1
0581e74e-3e7a-46cf-912d-172c020c0251,82,Male,179,69,No,-1
1c42c3b0-c17c-4c4a-ac70-b0e629c95718,21,Female,23,52,Yes,-1
020d888e-a1ee-498d-8721-67cd58e93e5e,29,Male,163,92,No,-1
ab766271-3e75-4f9b-a72b-97d0699c56f1,46,Female,21,24,Yes,-1
8fd8566a-b846-47c0-98a8-c048a475dac9,61,Female,140,80,No,-1
2c3ce1f1-a992-4ced-bb9b-3708147ccf9c,57,Male,106,23,No,-1
ad84971c-6c2e-438b-ad59-667ea11de1ea,89,Female,182,45,No,-1
806abb91-a291-461c-94f1-d0493bc6de0c,88,Male,115,37,No,-1
ae58f5d9-32dd-4141-87be-f7261baa1c3f,64,Male,158,89,No,-1
b3819aa6-b96a-4c9f-b47a-8f32f1b08bfa,80,Female,148,56,No,-1
887d3dbf-f47c-475f-b6d7-cc60a2dcc680,69,Female,155,35,No,-1
4106b2e7-a392-455c-a950-36707bb99ca2,90,Male,131,77,No,-1
45b1c49e-462d-4f3e-9d6d-ad769fc87a2f,41,Male,178,35,No,-1
2fba62c4-b176-4adb-b4ab-5d360cc537de,39,Female,79,40,No,-1
1f992464-a498-458e-a317-d2e8c7cc4e3f,77,Female,35,15,No,-1
b1e21cb4-b208-482d-8cab-1aa57b123a1a,74,Female,115,64,No,-1
c9c7e57b-b4e2-4839-aac2-f407f2dd3cd2,55,Male,98,57,No,-1
e1bc035e-ee2d-43ad-820a-240504d0f4a8,89,Female,132,81,No,-1
f6f4b2df-3932-4a47-bb41-91ae09163059,69,Female,78,28,No,-1
216ee05d-5efd-49c1-b128-ae40a8fcb5c3,49,Female,53,28,No,-1
cc7ed94d-9c1e-45e0-ae2d-02ea356f37b0,31,Male,200,20,No,-1
2a024cf4-945f-4222-a4f0-2a7a8dfca9db,30,Female,150,5,No,-1
4f93da52-2869-4cd4-9316-9ffe2ae8edb1,43,Male,132,27,No,-1
772419cb-469a-48b5-9c5d-b7e45729fb54,39,Female,78,76,Yes,-1
153ffe79-3dca-4867-8150-9da563cfdce7,44,Male,136,7,No,-1
d23f0410-55ea-493f-a99c-86b191defbce,23,Female,139,52,No,-1
9645fe64-89ea-47e6-9c8c-e0c9b542042f,67,Male,36,41,No,-1
9eafe260-a816-4e17-910c-ba5c8db5dab9,65,Female,175,2,No,-1
a75e3135-9129-4150-a547-f79b7891a081,53,Female,143,50,No,-1
d8b2e9cd-8ae2-4a5f-9847-91553d64bb41,74,Female,188,54,No,-1
0dfa8bc3-07e4-4eff-b3cb-e4af01369e96,34,Female,178,54,No,-1
acb33237-f337-4de0-916a-f56998ba60b4,67,Male,184,100,No,-1
4467a6f0-80aa-475e-9588-698e37a8061a,71,Male,134,90,No,-1
59c6ce62-e152-44a1-bedb-709e4c3a596b,68,Male,170,68,No,-1
fc39fd83-a6bb-43e0-a350-13338c357378,38,Male,50,26,No,-1
e4699c10-5a2e-4569-b94d-27279c46d78c,79,Male,166,67,No,-1
6f3a2497-d126-4406-a5bd-380eb8d66bf9,23,Male,59,30,No,-1
6cd37f19-4329-48c4-ae71-fda482da0b86,68,Female,172,10,No,-1
da5bd7fd-b806-449b-9840-3f8623d85de1,85,Female,48,18,No,-1
02e75f7c-4420-466d-a6cb-615469bcd340,19,Female,146,53,No,-1
bddc2fb5-c54a-404b-81b2-50cc5b775b75,22,Male,34,82,Yes,-1
d92ccd40-b851-4d66-a384-408de43e7e70,90,Male,153,41,No,-1
58248933-b27c-4c98-a1c2-17b0828143bb,84,Female,142,76,No,-1
7fb813f3-e8f8-4863-be63-a70eb1179501,85,Male,152,53,No,-1
6e03ed50-bc49-4f1f-bbc0-46cfcd525d83,29,Male,155,82,No,-1
0ee87902-5831-43e2-bf1e-0e851d88600b,47,Male,69,19,Yes,-1
0b540ce8-b212-4e71-93a8-4ba2878e6a0e,66,Male,173,95,No,-1
c61e6b23-19f5-4bc9-9071-81a27340cb29,68,Female,126,42,Yes,-1
9d7baf46-8ba1-4a3e-93c2-608b0229d691,53,Male,186,88,No,-1
def3f01b-aa45-4496-abde-b31650dbb8a4,31,Male,30,33,No,-1
9a59b356-5e27-4afc-aadd-eead8b24bf40,55,Female,156,10,No,-1
8822ab15-15c5-40a3-9db9-0d68c7023587,55,Male,48,6,No,-1
592f40a9-44e7-48b3-8dd8-9c22680cd7b8,21,Male,93,52,No,-1
c4bfc0c1-9a93-42a7-8535-4048000612a3,53,Female,85,27,No,-1
7ab9caa0-3ad5-43be-8c13-1f473ed0e6db,68,Male,60,35,No,-1
bc2a296d-5876-4e86-92a5-e47472073df8,56,Male,74,33,No,-1
f3d1913f-2752-44f6-9501-81bcbfd1af7e,77,Male,113,47,No,-1
e85bf3cb-c523-41de-bf90-9993f00c0058,21,Female,112,69,No,-1
4b67305d-c6a3-4c20-b5f8-8b164ebb401f,18,Female,105,9,No,-1
3dd6461c-9b8c-4159-8dd4-013314fc2831,28,Male,47,82,No,-1
3d8c83df-9fd3-4102-aafb-567c319f1ca6,67,Male,57,72,No,-1
a7344bc8-c318-4727-8356-686b17b1a88b,29,Female,106,13,No,-1
e7fa140e-7d77-4feb-ae69-b111afea4406,28,Female,176,37,No,-1
2606a01a-3d50-4275-ab84-dd49191e7154,59,Male,165,93,No,-1
70cefe49-b2b1-4f19-9b1c-9db1f5624b56,44,Female,106,42,No,-1
3aa39e42-9b15-49c5-bad6-505882b72a1b,80,Male,158,53,No,-1
7269274c-3c65-4ed7-86b1-98587db45180,73,Male,40,60,No,-1
366ca6de-350a-41c0-877b-d54e40864861,61,Male,173,48,No,-1
8db74ccf-bd52-4d6b-bc44-9e7097f65ec3,67,Female,67,30,No,-1
1f61106a-4202-4457-87de-ab8f375dd708,55,Female,153,12,No,-1
45329900-5b73-42a5-80a0-e9b29f10ac1c,48,Male,190,67,No,-1
57efc2b5-6eae-4c34-a2de-1ba4814a846a,32,Female,168,80,No,-1
79716e5d-7c13-41a8-9e20-c7689e55b64c,27,Male,79,27,Yes,-1
f77146d1-4953-41bf-9a1f-88934802c5ec,38,Male,48,9,No,-1
965f690c-9256-4041-90fe-3d5193014380,45,Male,185,25,No,-1
00d47412-156a-4931-a3fc-16a343dcac87,43,Male,163,27,No,-1
34728dd5-1162-43f0-947c-238db1b155c9,90,Male,184,45,No,-1
7bffb415-7994-4130-b976-d1e652924a54,74,Male,180,2,No,-1
7fe2663f-5915-4875-91cc-8aebbb32dd22,76,Male,104,46,No,-1
125000e6-d7ae-4576-8e1a-49560129f0eb,70,Female,149,95,No,-1
f5683840-0475-4efc-8001-c3cc7f3c6bf7,31,Male,46,39,No,-1
a1a862d5-7e91-441f-82d1-64f59053cddf,30,Female,187,34,No,-1
1569b0d1-09f7-4a18-ac66-317a94e79a8e,43,Female,63,63,No,-1
772ae796-99be-4037-b651-c0f5adb31b0b,58,Male,103,26,No,-1
96a93085-892e-4d92-8990-3ce8b2076581,80,Male,150,39,No,-1
922ba522-6808-4b33-8c12-7be6e1df6725,58,Male,28,27,No,-1
8b564ad4-82d2-439d-8bff-bb2eb3e2a02a,88,Female,57,24,No,-1
2b91cfd4-e658-41f9-bc50-84e4eca8bd86,74,Male,196,74,No,-1
67a12f68-5301-48e8-bcb6-21e92a4f21b5,44,Female,176,55,No,-1
fef5aa13-f81f-44c5-8de7-5eb9d73ca114,59,Male,148,19,No,-1
a6643aa2-2c14-4352-8be8-dcea0813fc24,38,Female,94,39,No,-1
9bed98a6-c491-43e4-8c2b-c00cee63bc2a,54,Male,199,90,No,-1
8d0f9ffc-63d5-4f6b-a9d0-0db274e98345,70,Female,55,11,No,-1
c87f3d66-b27f-4629-91c6-c91b33d067df,29,Female,93,29,No,-1
dde7059e-7b9a-47de-8ca6-7756898b3d3f,30,Female,197,74,No,-1
26df3b28-7549-4526-831f-3363b97e0325,82,Female,29,5,No,-1
c0b904ab-02ea-4ea0-8d5a-1a02e6872faf,62,Female,58,73,No,-1
14ed4357-ec4d-45b6-b38f-21ce0afc5095,41,Female,102,67,No,-1
129de669-ff95-47b0-872e-c8292bafae61,42,Male,52,38,No,-1
d61ab014-a5cf-41c5-8275-8d508b67ff59,90,Male,128,31,No,-1
78f7ac98-5715-43dd-9bdb-6566dd85414c,50,Female,60,13,No,-1
85c354b5-ffae-4caf-81a4-b771697fca18,73,Male,42,34,No,-1
25d8221a-826a-4fbe-a998-65ce0cfa0e62,44,Male,127,58,Yes,-1
4b8c327c-e338-4be7-bf04-d50b878f4560,21,Female,160,29,No,-1
66ee0a05-6791-41df-8597-59a71fcd15f7,43,Male,189,39,No,-1
1bcae4cf-1241-4e1c-a2d8-dfaa9d8cdc8f,67,Male,165,6,No,-1
b3fd6a44-80c9-4ec6-835d-e1bd0ee2eaf6,50,Male,57,94,No,-1
8e4cb90c-8d69-46b2-938a-50d7b33f8841,89,Male,128,40,No,-1
b610116a-5002-4b05-b974-a52921ee7d0d,78,Male,48,47,No,-1
cc8b7cda-8ecc-4db1-ae5a-fa626c974aa8,21,Female,39,27,No,-1
09a6732d-76d7-4aa2-82dc-438f4aee25f8,54,Male,88,75,No,-1
d40f87fd-e8ee-4ab9-8bcb-8ad449f60d30,61,Female,137,50,No,-1
aa06228f-a058-44c0-89e1-e7ce43bf7a92,60,Female,49,15,No,-1
d7685d9b-ea67-492f-a0fe-85a9b4be6f9a,49,Female,105,50,No,-1
258454e2-34c1-40ff-837b-10ba7fec6d35,21,Female,130,51,Yes,-1
6ff35925-9963-41a9-963c-e6473a9989b3,18,Male,59,38,No,-1
04596ae0-aedc-4189-b547-9f0cc8a43a62,88,Male,196,70,No,-1
19d38348-a4b0-4ca2-835f-14e0cf16ddbb,63,Male,171,25,No,-1
97470e7b-efe0-49d4-8d6e-99597c560f42,53,Male,148,64,No,-1
2ffb1fe4-289d-434d-9d96-3672231c0aa0,38,Female,86,88,No,-1
2229b06f-209b-4e00-9cb8-da93dcac8d83,47,Female,109,61,No,-1
27874784-c867-4632-9039-0f80f5e62c1e,35,Female,65,29,No,-1
20631563-abed-4bda-9db1-5815e2f00f91,55,Male,100,79,No,-1
ec44c743-ddc9-47c3-98b2-578bf3236a35,19,Male,199,84,No,-1
4a891247-7d5a-4ef7-a122-cf1b925ff3cd,48,Male,46,94,No,-1
099200c0-6205-438b-89d2-fcc10ef61527,72,Female,32,92,No,-1
c3a9ee90-2453-438b-b18b-2f93655ce272,88,Female,198,53,No,-1
3fb4a473-7e91-452e-9c0d-afd6748b5121,84,Male,49,39,No,-1
dfcd036e-8dc9-46c2-90f8-16748587521c,41,Female,114,37,No,-1
1df1a1e4-7753-4d6f-a0ac-8a7af75aa11c,29,Male,196,100,No,-1
7162c1e4-720a-4c7e-9e47-6b992a4175e8,29,Male,148,75,No,-1
e0081a4b-7d8c-47c6-9ce8-a7ebada3733d,53,Male,163,93,No,-1
e5c11bfc-29f0-4720-b188-705dd637b228,39,Female,112,53,Yes,-1
7cd5b938-1320-4f71-bba6-06680285a3f3,65,Male,109,68,No,-1
5ba3154d-c720-44eb-8938-3f278cfefce3,74,Male,155,85,No,-1
2268750e-3bb7-4bed-803b-21c1a3203d32,54,Female,146,6,No,-1
4065ca27-65eb-4bc4-b74c-e8331a56ad76,36,Male,169,55,No,-1
75492552-bb91-4fa6-a5ad-2cf432275405,65,Female,55,34,No,-1
8b7949c3-5123-49e7-80e5-10a84f0887e3,65,Male,106,41,No,-1
855e5957-c1f2-42df-a02c-7ffd05102ee7,27,Female,71,54,Yes,-1
7a3ae0da-b208-4e0b-9ffe-6083090d54e1,80,Female,61,37,No,-1
6608725f-f08b-4192-8c84-c5ea9f346d0b,79,Male,91,31,No,-1
d7da3ed0-f26c-4752-a660-1a7fb39fdc78,65,Male,146,25,No,-1
6cbadff8-fe04-4f03-ac5d-381aeea75d92,52,Female,188,91,No,-1
5839e0b5-a49a-4df3-9ea1-949e326e9c54,64,Female,172,23,No,-1
35a234e0-e26b-4ec0-9bd0-6ccc53bb289d,86,Male,55,39,No,-1
92ca2916-7439-4bcb-a621-421aeab3a898,22,Male,34,15,Yes,-1
48281e81-af79-44c9-9312-c8b4b4494054,53,Male,168,39,No,-1
52423570-4dd3-4cd4-b563-2633930d9b35,41,Male,96,28,No,-1
6dc4d441-fb8d-4c10-a9e5-3a913ad0e4a2,26,Female,166,91,No,-1
c3ffaa46-ad4e-40be-a132-5070da15a750,42,Male,68,8,No,-1
1f93ff07-0e7b-444e-b833-ebbb53560196,20,Male,60,35,No,-1
a4c07c7e-ff27-435a-b6db-4238d11e195b,79,Female,92,3,No,-1
b696717d-86b3-4375-8b2f-3c8efc1e0bd3,82,Female,146,51,No,-1
49912fb5-4ec7-4b88-8cff-67343db1ff60,30,Male,154,7,No,-1
9dd13629-43f0-48e1-9449-ba1b15e871e5,71,Male,94,78,No,-1
fe223093-95fe-4e0c-82df-c99501faa426,84,Female,108,62,No,-1
a47233fa-45bd-4212-98be-63e1c2649508,69,Female,191,66,No,-1
bfcae79b-e7da-48f4-959e-5f61e85b02aa,87,Male,86,73,No,-1
80141bd7-3f62-4ff5-b567-0c792abd364c,82,Male,185,51,No,-1
912427fa-07a0-4a48-8b40-6b37f4d9c10f,85,Female,94,88,No,-1
d2a8fa7a-7a2d-46cb-b634-dfb7173b0c77,60,Male,173,37,No,-1
4c736f0c-bc7f-4ebf-82f6-672386533bd7,33,Female,149,40,No,-1
2833e814-3cd8-40c3-a904-8d34222a2b66,20,Male,100,17,No,-1
9b25a377-dd8d-406d-94b6-93fb7425b5d0,46,Female,57,100,No,-1
1ff13445-d61c-4a44-80d5-537e08f853dc,31,Female,195,68,No,-1
f184dcae-adfd-48ec-a4ff-aa34ec7f5dd8,70,Male,71,28,Yes,-1
e0a517d2-1fbe-45e2-9574-387ac93183c1,57,Male,175,19,No,-1
76be2b9b-f9b8-4a04-8d4e-774c4ed8cead,43,Male,29,32,No,-1
c9f37a51-5bd7-41c5-b2e7-932cbd50455d,30,Male,184,20,No,-1
88b8149b-dc01-4c2f-b553-a78a83e1b983,57,Female,128,39,No,-1
12931ee2-4fa4-4924-845b-a3bd72726c6f,40,Female,39,14,No,-1
6f960a8c-49c3-4519-b1e8-a454db73a9af,39,Female,36,31,No,-1
d086e721-03f9-40be-8913-b550da2abe2c,55,Male,132,41,No,-1
45ec6816-6847-4ddf-997a-df0737125439,67,Female,165,85,No,-1
aefc2341-9df0-4eb6-8407-50fb372cf59d,51,Female,159,19,No,-1
280745c0-6f23-43c6-947b-0312467ded7a,59,Female,200,8,No,-1
1d745aee-faf4-40f6-8955-82488f2a1fe4,79,Female,181,81,No,-1
535373ab-a3d3-4f8f-8233-c29591b9c976,34,Female,147,28,No,-1
b0bab2a4-7eb3-42d6-9935-1d2b062b03ad,53,Male,105,97,No,-1
73b93103-8d6d-4310-982c-15f7279f7e71,45,Female,79,21,Yes,-1
924fba3f-4f29-4d66-a52c-4ed0a315cb16,58,Male,59,93,No,-1
491bb25a-3a79-4cc9-a5ce-e4ac2f78508f,61,Male,196,100,No,-1
f9c906b4-70df-441c-be8a-c6fa1783a69e,53,Female,86,72,No,-1
9bbb7c15-1e39-41c9-bb58-59ec596c3f71,32,Female,173,58,No,-1
c0e469a4-c416-4ffe-bdd1-c6ea25a9a5f8,25,Male,133,82,Yes,-1
585c4848-c328-40e5-9189-63d4b0306386,57,Female,141,93,No,-1
f8795a7a-c53c-4a99-b2df-789ad9728d63,90,Male,187,41,No,-1
a82fd11d-de9d-4b9d-beaa-c5316a1610b5,67,Female,166,32,No,-1
f958adec-5ea4-4a9d-b7a7-ad00b554245b,77,Female,46,50,No,-1
2c4dd09c-e04a-4ce7-b98d-92674d83a243,90,Female,188,74,No,-1
b1b66656-b0f3-4959-981f-6be8f7d90672,46,Male,110,11,No,-1
795cd2c5-8a68-4d8d-b61f-e9dd448cec33,77,Male,105,6,No,-1
ffc22f0b-c429-4a77-9450-ec595a6f5d97,74,Male,33,19,Yes,-1
82a10cea-5c84-4136-9712-aded5133d6c9,65,Female,36,16,Yes,-1
964723c5-8649-49cf-9f10-379ea46ce9e7,82,Male,49,20,No,-1
6d091968-e758-476a-8836-168ea99cd51b,45,Male,197,52,No,-1
2bb28d59-b946-4a2a-969f-dd1ee8e359f1,53,Female,130,75,No,-1
111a5c11-6df1-4051-aa3c-23ca7a3df86b,63,Male,171,40,No,-1
849fcb23-401c-4566-9028-f6f32da2ac12,88,Male,47,80,No,-1
33860819-eefb-4215-b154-1b2f49ca8a97,19,Female,154,87,No,-1
976ea7e9-3871-46c3-adce-8fbba9b051ff,44,Female,178,9,No,-1
47a2284f-7c76-464d-b8a5-152772b9e307,35,Female,179,67,No,-1
0fd6280f-6b1c-4e5c-bf51-36762801e241,42,Male,62,47,Yes,-1
9671b3f6-f11b-4f7c-a80a-35b04393dfdf,24,Male,65,14,Yes,-1
78dbca57-66c6-4abc-ab97-2036047e361c,44,Female,180,73,No,-1
9fb753e8-4bdb-44ba-9a9f-ad1dce53ef42,63,Male,78,7,No,-1
e7afb23f-d4d3-432c-bc28-d4c808954b49,40,Female,116,44,Yes,-1
d9afe6d4-c980-4d3a-be1a-f73342ffcaaf,88,Female,34,20,No,-1
26a2b055-8e17-492d-97f6-4c4d9e884a05,47,Female,119,15,Yes,-1
b7d59f96-2bf7-431b-a44f-2c8e1e3f4db2,52,Male,84,88,No,-1
b967c439-1294-452d-a86a-b51fdd2fd9c8,68,Female,190,22,No,-1
96dab232-43ad-4b33-a919-8316551eaba0,72,Male,168,42,No,-1
aaddbd36-f3c6-4a5b-a5e5-b4d985adf69e,48,Female,101,46,No,-1
0aeea8f6-9931-4a49-875b-e75c19537bda,87,Female,66,47,No,-1
062695b8-fade-4dce-9e10-4f6c41c27037,54,Female,98,47,No,-1
fc2724dc-6027-4bb8-8a45-20cde440492d,26,Male,176,96,No,-1
6581faff-4703-4d60-8675-514a77ba1b5b,67,Male,181,17,No,-1
2fcf6324-457a-4c5e-8d4d-77e818a37930,66,Female,68,12,Yes,-1
09b8c9ae-1887-4c6c-bdea-d89e6e252dfe,35,Male,73,10,No,-1
ab7ce2bf-1712-45a5-9090-26f621855113,78,Female,159,87,No,-1
84ebff02-7462-4a22-86cb-4ff7a65ea5b0,60,Female,199,77,No,-1
2485020f-33b5-4735-abfa-79d5704f79ce,86,Female,189,51,No,-1
10a1d625-e263-461d-8fc9-6dc68424e2d6,48,Female,187,10,No,-1
538d0e4f-4fc3-4e3f-a4e7-0fae8b86a627,77,Male,72,64,No,-1
e9741fb3-36b8-4e9a-8c51-fcbeb779ad53,53,Male,94,63,No,-1
5efd834d-af42-4bc8-95b4-64a5fa18538c,25,Male,93,13,No,-1
0c0cc8a8-1496-4c5a-b1d3-afeecba92cdd,56,Male,108,30,No,-1
d3a84550-2b1a-4724-9e63-4b2d36cb2291,36,Male,141,20,No,-1
93f3db37-0eb0-4b39-bc46-d69d136ea377,22,Male,68,44,Yes,-1
6546b48a-3252-40e4-b1e8-f2abf7978be3,90,Male,155,74,No,-1
de3f65f5-7bd6-4287-b94e-27d557e98d62,33,Male,136,98,No,-1
06dd29fe-bcd5-43df-80fc-f7512f461b06,50,Male,122,39,No,-1
4ba86c5a-e1c6-47d3-be30-eb224d6a2e3f,47,Female,101,46,No,-1
5d0893e9-3164-42f8-b8c9-ec3e55795e11,29,Male,21,24,Yes,-1
0292b0c7-20ba-4047-bf5e-cbb2fedeb00e,37,Female,25,9,No,-1
cdbf07c9-82cb-4865-b23a-46530aecebc6,27,Female,173,54,No,-1
85f104b1-e2e2-4a79-a8d9-8921b14e3467,56,Male,47,49,No,-1
de975d01-a6ab-4fd7-b8d4-c24b2b600c5a,35,Female,195,37,No,-1
0abf1012-8bb3-479d-be76-1ea630f9132e,90,Female,48,72,No,-1
d4c1183b-bdbb-4796-a465-446a3ab8bae6,31,Female,34,50,No,-1
3148e718-4353-4d85-b85d-3fcc9c331033,22,Male,63,85,Yes,-1
cd9d6604-ee06-47c1-afb5-e8657ebf5704,42,Male,148,41,No,-1
94891796-76a9-4954-9e0a-121c7e4281d1,57,Male,190,73,No,-1
557e68c8-0c57-496c-a927-34d72dc491b9,84,Male,167,28,No,-1
a1327874-7cdc-49f4-b603-bb0581a8e27f,56,Male,102,20,No,-1
72a8f795-3aff-4d27-8113-e12295a232c9,57,Female,56,40,No,-1
eefc4356-9b5e-45e3-88a6-baf771b240f5,88,Female,44,93,No,-1
2740a4ce-b4e3-4e5e-b432-3d864d88b39b,81,Female,174,95,No,-1
8d0b1db0-bb3c-4f60-b9a3-288c86ef9b57,79,Female,30,41,No,-1
7f355b48-1b92-478d-94bd-5be1ec2a2a51,34,Male,176,2,No,-1
bec5d528-5e59-41ef-805f-31551d2925f1,79,Male,105,37,No,-1
9bd7d00f-4879-4f10-9650-5a96c63b4344,27,Female,106,6,No,-1
c62066ba-04be-4619-9728-cddf2bf2f482,43,Female,195,51,No,-1
952cbff8-9077-4c90-9219-82fbfa776d68,35,Male,45,60,No,-1
205be026-4a21-4b52-ab6e-8b0d6ab9a652,29,Female,147,4,No,-1
789a7cee-f94c-41d1-9499-cac09efbb994,87,Male,151,38,No,-1
29493298-5ece-45ef-bf4a-d8fadb2ccc2d,58,Female,66,53,No,-1
2deae714-f157-44c1-ad3a-ac93f3622bbb,72,Female,76,22,Yes,-1
0092d0e3-7822-4eac-ae74-d682b9795686,51,Female,88,32,No,-1
baca9ddb-78d9-436e-83fb-ad7d8712e6b7,61,Male,125,80,Yes,-1
e6498503-4f54-4268-9e19-44fef2ca1c8a,72,Female,46,71,No,-1
86d39eb6-4b6b-4aab-86a3-d7df1d5a5165,24,Male,156,68,No,-1
2972fd81-20b8-4555-9c78-a60c2962c20f,21,Female,43,97,No,-1
acc6eadd-89b8-4d70-b753-1f29da6c0672,41,Female,99,14,No,-1
cc703202-d9d5-4a09-a74f-15e3bb6f694f,90,Male,114,47,No,-1
b6f7cfdc-4e88-4993-a653-6cc524abd0db,87,Male,161,73,No,-1
ec5644c3-7972-46f6-9672-788b3652d6f5,85,Male,151,49,No,-1
b0a913a2-c58f-4997-81a7-2b28ed943984,61,Female,31,13,Yes,-1
14682b61-ec0e-4839-a47d-5f1adb4b78e1,21,Female,187,73,No,-1
56f417d4-4171-42ed-bb17-34333028f3a0,30,Male,42,1,No,-1
8eb46ab5-61f7-427e-bfdf-1f19053cb512,71,Male,95,54,No,-1
dfb62f60-7a4f-4bf8-af9f-ac4da6c49d40,29,Male,181,63,No,-1
21ae298e-7b79-451d-a2d4-c837ce3a6b66,30,Female,113,60,No,-1
7fd1f0e0-909b-4705-91b1-3af844f608f6,80,Male,155,96,No,-1
b049af8b-0541-4f4f-99be-9aa445cd8286,25,Male,52,90,No,-1
58bde2c6-669e-4957-9ff7-c6c3084dd795,45,Male,170,42,No,-1
d992a874-c20c-4f9e-9619-832d355acd74,59,Female,44,40,No,-1
cfdd6340-e41b-4598-8a09-f5596ff92167,78,Male,159,76,No,-1
8b9a8d7f-d7d6-4209-9166-e024aa2d3a64,75,Female,140,82,No,-1
3d95f36e-4bb3-4566-bddb-dbf82a9eb660,58,Female,21,50,No,-1
f8262789-f390-47de-a65d-4ccc86d9060f,24,Female,193,22,No,-1
a2e9e954-fcd5-4161-b868-fb9f1ec9038b,75,Female,129,57,No,-1
1d1bbc47-8d9b-4529-a5f5-0aa3c17f4032,30,Male,87,31,No,-1
4bcd1fa8-816f-40d6-8731-ff1eb7890303,57,Female,73,33,No,-1
069cb341-7fcb-4f65-82cf-4c8716a7d7d5,40,Female,149,26,No,-1
7edbc597-e220-43bb-bf6b-b120d1c7143b,60,Male,84,31,No,-1
92abf4d8-e86a-437a-ba25-e6bc55fefe43,25,Female,95,75,No,-1
6a6b007e-a22d-4a66-bf58-82064c0b1425,20,Female,188,58,No,-1
7896b26f-4d3d-4813-a5db-ef51beeae2f2,48,Male,111,28,No,-1
a629af16-2531-4b38-894d-f20b9b41b6f7,36,Male,78,8,No,-1
75280805-f45d-45ec-8617-aa75d7152854,68,Male,99,67,No,-1
ea55c1a7-932a-4875-94d1-9ce2f6b377ea,59,Male,170,7,No,-1
bdc33a57-fd0a-48da-bb93-83218204e4f7,40,Male,56,71,No,-1
77dd81a9-f019-4292-9491-1e9c8009b615,84,Male,57,17,No,-1
0a0be030-0447-4190-b141-0a8a20c0c1e7,73,Female,106,82,No,-1
69a4cda6-3c3c-40f2-a988-80789becc43b,18,Female,47,8,No,-1
2beadd96-e387-4979-9104-eacdbaeddd99,30,Male,57,77,No,-1
ee46e945-3e30-41ba-92e4-305d6b7dde2f,65,Female,150,6,No,-1
8c5a6bbf-4af5-4334-9c1c-c6fca4f137e7,55,Male,181,98,No,-1
0bc58e32-4929-44d2-9bb3-885fb2774a26,82,Female,199,67,No,-1
f16b4b7b-891f-4b13-9f37-c9e95422fa2d,88,Female,113,52,No,-1
4445712d-0e92-44a2-af2d-d2ce4e0d1cf0,65,Male,152,52,No,-1
de61bdcb-9004-4bd3-9f22-17942a292085,55,Male,138,84,No,-1
5c56a484-09ac-4611-9f50-aa73e8d966e7,40,Female,45,30,No,-1
9d553cfe-2498-42c5-8e02-85f7be7b849b,77,Female,101,35,No,-1
969fd2e9-7edb-4dde-92ce-ca9695ab8b66,26,Female,72,65,No,-1
3cc7103f-f599-4924-896d-d8d2fceb7269,64,Male,143,86,No,-1
e8feb92a-a005-46a6-b0a0-74945c9ca516,32,Female,188,68,No,-1
ef5298ec-d863-4d2a-9541-d92b38bbcd8b,78,Female,45,75,No,-1
d96def85-54fc-43e0-bbf5-63f70bcb501b,65,Female,158,24,No,-1
812b3da2-c2ef-4b11-bc29-a7c62cada83b,73,Male,71,61,No,-1
77b917cd-0005-4462-b407-a3a38bed36c7,20,Female,101,46,No,-1
f9516307-8442-48ce-a86c-3751dc2ab799,32,Female,93,88,No,-1
4595c645-6413-41bf-9aaf-5a40ef4dc7f3,73,Female,49,18,No,-1
b6cc7490-95ab-41b7-bbab-405bc0416f3b,39,Male,108,41,No,-1
60aaf8b1-632b-416c-99dc-f1954755b7e0,34,Female,132,26,No,-1
39801a05-4d0a-48fa-8317-c9beb4fa105f,43,Male,172,61,No,-1
f373714a-4724-47ec-b4eb-37a9ce9e0a1b,59,Female,79,54,No,-1
a399df0b-3ea5-4b49-9cd9-d0bbbdfe4dee,62,Male,99,48,No,-1
e6c2dee0-b3a0-4e50-8399-837466650904,56,Female,162,91,No,-1
76281a27-02b9-4df0-b772-c0f1335d51ea,38,Male,88,72,No,-1
b6330acb-fa99-441d-a8a8-11b60b338711,50,Male,186,38,No,-1
ee8ea13e-2338-4da5-8f78-66827fbfd288,46,Female,185,40,No,-1
926aa63e-5462-4a2d-985a-00ad54440c59,30,Female,91,2,No,-1
375242c2-c0be-4a30-b0a5-1b2aa6495f3a,37,Female,166,24,No,-1
8c7bd150-64b3-4203-9966-f08ca1702d4a,90,Female,196,69,No,-1
be61b8a1-b856-46eb-ba5f-0ab7f5c5c633,51,Female,172,59,No,-1
44012f2c-c811-44cf-a6a1-c82c97532323,76,Male,162,34,No,-1
d3c4d72b-8ae9-4f50-86b0-73d1c214c60a,40,Female,133,50,No,-1
d4196c55-b0ea-4d1a-ab4a-014609991c37,59,Male,61,96,No,-1
68ddb1ce-827b-475d-8133-18bf3a110f20,27,Female,157,43,No,-1
8253d688-37c6-47cc-aab8-ac205e538ea9,39,Male,170,32,No,-1
d926051d-e6da-43da-8694-7d31885e333c,88,Female,128,43,No,-1
918756ac-0c84-4190-9431-97e3008d6792,34,Male,198,2,No,-1
1d05aa72-0ee9-403d-9654-56f7877149a6,27,Male,182,76,No,-1
4856b714-da3f-4e52-80e3-4511d454e7fb,30,Male,166,44,No,-1
55563930-ddc6-435c-837c-b9f757dcd4e3,69,Male,22,28,No,-1
ae137857-3a93-4bbd-a43a-d1a963f8e89f,41,Male,33,41,No,-1
903cc13b-fd70-4237-953a-19f55a6f524a,74,Female,128,29,No,-1
3d8bcee0-89e1-479c-9674-8d64038bcf53,68,Male,189,67,No,-1
db2bcd56-63bd-464e-8898-f16c86eca28c,59,Male,108,5,No,-1
3e74e158-066d-46ff-a985-f97ff6f5b44a,67,Female,171,67,No,-1
0a5c381d-757c-421f-8b33-ca036e42cf4b,45,Male,75,56,Yes,-1
3fca14e7-00ad-44e0-b99f-278af04056f0,26,Female,187,51,No,-1
4666e3c3-125d-4480-a6d3-e2ae3b95e8be,69,Female,40,5,No,-1
5ecbedb9-5413-46fa-bde6-d2c4d886e42b,81,Female,102,100,No,-1
1a33c9f8-34b9-4895-9fce-f7877e08e204,52,Male,194,5,No,-1
7ef1cc45-1b19-4614-acec-e298f08d6c41,42,Female,84,13,No,-1
908dbcd4-c61b-40a0-84b5-5be1a394215e,19,Male,87,72,No,-1
ea8ea497-ab35-4b25-a289-9adc6a508307,54,Male,111,46,No,-1
d492e5ca-65a8-458c-a581-65d1922fd50e,76,Male,105,52,No,-1
d75ce804-39d3-4067-beb0-a0bbac985ed0,37,Female,109,86,No,-1
8af35998-65d0-4dc2-9550-a6fad4db64a7,21,Female,198,62,No,-1
6921cc9a-217d-4a7e-83af-62cd9ffb0bc3,40,Male,196,7,No,-1
be1bf64e-f3c0-4d6c-8e62-545aee11d02b,61,Male,26,47,Yes,-1
3d3c55ab-9ee8-4ae2-8490-334b1181424e,85,Female,85,74,No,-1
48a1942a-ed80-47c0-9483-65e66467f3c5,41,Male,68,27,Yes,-1
57a51e44-98a4-48bb-8e3f-56a33a0e3b4c,28,Male,91,80,No,-1
b25ac459-8564-4b82-82e5-9eece251c7d0,86,Male,98,41,No,-1
a71d3a9e-2df4-458e-8968-9fa179cee136,87,Male,104,27,No,-1
57895e34-2f89-4d84-b6f4-96fa2300e12b,24,Male,167,53,No,-1
610d09e1-9c9c-4eaa-b485-98c2876097ba,27,Male,136,100,No,-1
8f25074f-eb25-4541-83c8-24989fdec8a5,40,Female,160,61,No,-1
642e132e-eda8-4f9b-9a38-118b4a5d697f,65,Female,79,26,Yes,-1
b931b424-01ec-46a2-8d9e-2edc0d320e2e,35,Female,142,19,No,-1
7eabeedc-0677-4d11-8eb5-ebd2247d5865,75,Female,69,87,No,-1
3c887f6e-9109-49a3-ae13-83ccb404f14e,88,Female,149,97,No,-1
e727a412-edd2-48c1-a1e8-a799ba0e3a72,84,Female,183,64,No,-1
2c876af7-4dff-4fb4-85fa-5793dd340637,72,Male,100,57,No,-1
2f24fb70-559c-4e96-89de-a1107416f279,80,Male,102,56,No,-1
a11f1d85-fc4d-4253-ad6d-34103a3b2b86,75,Male,97,79,No,-1
b1de3275-fde1-433e-aab5-d0fdb57204d6,24,Female,52,100,No,-1
6734c177-1182-433c-8aac-e85e33f229db,35,Male,147,40,No,-1
b744365f-fd0c-4e71-b7ea-7204e8caf304,60,Female,43,48,No,-1
c3bee31f-6c8c-41da-b64c-b832ea28a52b,33,Male,137,5,No,-1
f448de75-b937-47aa-8fab-9d147995ed25,72,Male,66,96,No,-1
fe3feb86-f232-493d-a35d-602f49e2c2ee,46,Male,181,25,No,-1
f9a60a02-253c-4daf-86b8-97c335a8a340,27,Male,150,42,No,-1
25a697b7-176c-43d1-a925-e33004441fbc,63,Male,80,8,No,-1
b48fd481-c436-434e-8e13-7aca612fdde5,34,Female,101,59,No,-1
3f40cac8-88d9-4f90-8aae-3cdc3354f840,36,Male,64,85,No,-1
22b46624-4b9a-492b-a936-434652f32d92,55,Female,44,31,No,-1
473fc5cb-5e04-4e17-8784-e713499a174a,47,Female,42,83,Yes,-1
121ba20f-0d67-4527-be56-bc9b0da8fef6,48,Female,79,2,No,-1
c9daa459-ee9f-44a8-a622-305680ac5df4,29,Male,86,18,No,-1
8ff633ab-5580-4439-a5ce-a1fa2e9084af,55,Female,171,29,No,-1
0dab695d-e804-49e8-b735-0d11b38c6137,38,Male,112,41,No,-1
f6480d7d-3a0e-4d7e-96a3-eb06a7251726,22,Female,28,24,Yes,-1
a07cb469-c883-4875-9722-1a7252fb1966,67,Female,134,99,No,-1
6635ff8a-4196-40dc-badf-1f5136e0a485,20,Male,190,69,No,-1
3a696f5e-aeb8-42ca-91f4-c66cdfc297af,58,Male,171,81,No,-1
231d1f78-d2c7-438e-9aea-a5659121cc67,34,Female,142,26,No,-1
3dfa99e7-8da0-4e15-8c6e-c370f3d18f0e,43,Female,158,92,No,-1
3fd96751-f78a-4ff2-8d12-9afc920d4811,88,Male,36,40,No,-1
81566d0e-e749-4b1f-ac68-c84a3d23aee9,50,Male,47,80,No,-1
cfca0560-a490-4acb-a846-f47a4e5ff891,81,Female,150,53,No,-1
e4189764-e607-43e9-9578-462cfec06404,18,Male,167,8,No,-1
06969434-e24e-47bf-8c63-49e0f4fcefc8,77,Male,103,62,No,-1
b2b2db95-aeb5-4e55-b4d3-69c2c1e09b53,24,Female,53,34,No,-1
727fe833-afe8-4a88-9041-12f3e0c73f4a,58,Male,196,2,No,-1
1bd50a2d-8287-40ee-858e-ebc73ac58811,83,Female,166,34,No,-1
dd172922-22f9-4194-b187-50e4a3b60c4e,62,Male,177,26,No,-1
b692e588-fcdc-457d-b272-fd4d2c6b1fdd,35,Male,53,48,No,-1
532a071b-c254-4526-bf27-1b4fefd6ced6,19,Female,26,27,Yes,-1
04d9905d-4e8f-407f-834e-09c75a4c5c74,26,Male,70,63,No,-1
6601eade-294d-4f4f-a919-fd57f18573d2,18,Female,185,58,No,-1
48d255da-7639-4b2d-a704-9abae7e66d16,60,Male,28,54,Yes,-1
589e6157-9633-4994-82c4-bd5714e44c88,27,Female,177,42,No,-1
e97c0d53-d9ba-4305-a247-e875287d073b,61,Female,103,99,No,-1
d9a0894c-1379-4804-af15-5d0ebe939411,37,Female,96,41,No,-1
c7448618-669b-4a69-957f-fa73664bdd94,71,Male,182,29,No,-1
707e3a99-9f31-4b8b-a156-7d942ad7fa6e,66,Female,175,17,No,-1
fad3de43-92ab-4cbe-8c37-9c0f1dea417d,25,Male,45,66,No,-1
e9a4bf22-0465-4c3d-bdd9-47225465a7c6,43,Male,54,28,No,-1
58b9e272-cb89-41f8-98c5-dc8c9b358133,86,Female,22,100,No,-1
45fb04c3-51f4-474c-87d3-b62c13e6ca89,22,Male,115,95,No,-1
cd90e91e-01c3-4ab0-8a04-b5bec8434806,40,Male,116,70,No,-1
43db418a-2aff-43ee-99a9-326998983183,47,Male,52,84,No,-1
bb7332f4-5e4b-439e-a436-b97b954222be,89,Male,107,82,No,-1
8db16662-878b-472b-82d7-0fa23d0faca2,61,Male,76,100,No,-1
0e02fb88-0b19-42a5-a5b4-52e420d2e4b2,77,Female,195,84,No,-1
4ed38853-f11b-4cf8-a594-625122a07273,58,Male,115,30,No,-1
c185600f-af49-4470-8191-a316b367963d,87,Male,155,69,No,-1
f8b52c93-4ba8-4191-b192-894ebecb8498,36,Female,77,58,No,-1
083739ec-bcd6-40d6-9ec2-1c2723f94659,38,Male,22,98,No,-1
7383e73c-a062-47d0-bfc4-ad97d88ef8a3,88,Male,25,52,No,-1
030f481c-ab29-4f33-a49a-a8b9572aabe8,27,Male,147,97,No,-1
953625a8-a8f7-41aa-afde-b0a7658a8773,73,Male,47,40,No,-1
ead35eae-d99d-4cbc-8868-55ee52588971,36,Female,147,3,No,-1
8b5d63b7-455c-4a61-95bd-4f213cadee1c,23,Female,94,31,No,-1
d9566d21-934a-45b2-9cb6-62c66d2c4a1d,68,Female,53,86,No,-1
ee7fb4b8-33a9-48f5-b39e-fc9115be15b7,26,Female,195,56,No,-1
4a2dd86d-e9de-424a-af1d-2b4ee24c2e94,86,Male,182,34,No,-1
00bfc515-82fe-406d-a997-c8f8eb4f9008,83,Male,68,67,No,-1
cfd9a128-25e1-4225-90f8-4e2daaf226d4,36,Female,168,54,No,-1
5d5d2a3d-bb59-456c-bd36-ff9ab28e42bf,66,Male,67,43,Yes,-1
65c082e0-d5c2-4a12-9b5a-39432c6083fd,74,Male,146,96,No,-1
f2db6549-54c8-4bb4-a69e-cfd6ba86243a,57,Female,91,9,No,-1
bbe9f4ed-f67a-4bd6-9625-0c6ceeaaf396,19,Female,21,84,Yes,-1
86c55c35-0b5a-41e8-b972-bdb101e8dd14,36,Male,156,93,No,-1
43c035a1-fa6f-49c7-8384-0a8084973f97,52,Female,103,48,No,-1
e54231d0-23c2-443a-9042-0d3eaa22171e,62,Female,115,39,No,-1
acc31450-d522-4b16-8d9c-22285930eb4e,49,Male,24,28,No,-1
74c0d4d9-13e0-4595-8113-e9795fe95cca,22,Female,147,97,No,-1
4635df4c-1afa-4842-8227-4ac308cb501c,78,Male,83,33,No,-1
909a12b6-e616-4971-b21d-c3566c6bd21a,84,Female,109,65,No,-1
6a747a72-097e-4fd0-b30f-eeca0d0963aa,34,Female,71,45,No,-1
da30b615-bc13-42ea-9fe2-199adb5abc72,25,Male,178,23,No,-1
a4757c28-4130-4749-b409-9294bfd4fc74,38,Female,71,28,No,-1
4a8baba5-eaa2-435e-b755-890894f8a5a9,69,Male,32,76,Yes,-1
c4af2fee-882d-46d0-a32b-70369873153c,58,Female,85,33,No,-1
d807c893-79e9-4cb6-bb44-c14c3d5008af,80,Female,36,13,No,-1
aea62e39-f9d0-4237-85ee-7fc49da07634,70,Male,155,89,No,-1
899d5819-d1e2-4256-a4fb-99b2182ba577,57,Female,61,49,No,-1
199a86b0-b763-40c8-94f3-1590c2b6e915,82,Male,29,22,No,-1
fecd4a79-8560-4919-b6c8-ca91b1ba4832,63,Male,147,11,No,-1
0cb1c672-946b-4143-84ae-07672ae6d5a4,71,Female,77,31,No,-1
9ff48da4-4bed-442b-935d-612241138ef3,49,Female,163,69,No,-1
8876251f-f309-40fe-8391-e17ede0b1b7b,78,Male,99,69,No,-1
f435f8d2-04e5-4e60-bc73-4c1ef541b81e,64,Male,130,81,Yes,-1
93818cfa-bcde-4dcd-b963-7269f0f89735,31,Female,113,37,No,-1
9e46adda-5e0f-4744-8bca-17c0cc054f2e,37,Male,66,27,No,-1
0d8e1da3-c19c-42e9-8400-219930e1afff,70,Male,177,78,No,-1
3e3053cb-46b6-45f1-9d46-d891afc54c36,62,Male,99,39,No,-1
abbf7687-a31b-4c87-b49d-6e75dd153227,39,Male,66,24,Yes,-1
35618a65-2cde-463c-88d1-af96e79d3400,24,Female,54,86,No,-1
462c2848-3bce-4955-93f1-9a11fdbd1775,68,Male,158,42,No,-1
1ff0771e-2839-4c27-b253-7492661b4ec6,56,Male,153,34,No,-1
a9b695ca-ec0a-42e7-adcc-4ea10e9268b3,37,Female,98,34,No,-1
9f7bc0ce-9460-478d-b319-a481781fcc71,23,Female,49,42,No,-1
842b0fa9-159f-4f50-854b-d71877888a4a,67,Male,105,65,No,-1
7ff3f42f-f9c2-4430-8347-a74950170f60,26,Male,103,29,No,-1
f049fd42-44dd-4906-9090-31b51344de3e,84,Male,47,2,No,-1
984f1611-e26d-4197-b052-5e6b7b3f18bb,22,Female,164,62,No,-1
16482734-e9d0-434f-b235-e39f3e7bd727,76,Female,164,69,No,-1
2f34d441-e7c3-41a5-884a-7f6a9eda1ad8,72,Female,88,28,No,-1
bd9739d1-8dcf-4266-b337-5bcee634aad8,50,Female,59,86,No,-1
76d2e79f-2dc1-4297-aca7-25311359456f,63,Male,86,6,No,-1
81ffe3e8-a264-4dff-ba39-64158617de6c,61,Male,97,84,No,-1
a11f3c33-ff7b-45ec-8849-18d1922cd890,38,Male,94,13,No,-1
b12571d6-d992-4370-9c34-4f1c4b0356d0,74,Male,195,68,No,-1
d1762e6e-47e5-4323-ad6b-c059803b084e,73,Male,151,22,No,-1
90fffade-ec29-4f49-ab49-d6e93a1cc878,46,Male,54,4,No,-1
8912b4a3-6a7f-44e5-ab3e-1931baacc26c,34,Female,25,29,No,-1
d67fc2cc-d523-4abe-9c66-b02b17342d96,89,Female,47,70,No,-1
690b418b-e5db-4df2-b03d-990d0cf83181,51,Male,49,46,No,-1
3bb81fda-d605-4e82-9b5f-eb2bac02dc0d,41,Male,147,80,No,-1
ec81f76b-75c0-4938-8c86-4e40cdad3c4b,26,Female,181,99,No,-1
b2db0b06-31ad-48eb-8bba-b3a5365ebedb,59,Female,145,53,No,-1
d55e5353-6c22-4d6f-a4b3-882005102e06,81,Male,67,22,No,-1
d9ca6a2d-6e4d-4ff7-9a79-7abb8f4188ed,65,Female,145,42,No,-1
9d4dc8b4-7268-4cd7-84a1-0b65292b3683,73,Female,116,68,No,-1
1eaa8ff8-846d-4d1c-b828-777357c06d96,84,Male,143,16,No,-1
d01979a6-bebb-4be8-a1f6-6cf4eae42404,38,Male,81,34,No,-1
549c4927-e9fa-4775-90d2-f815633905c5,69,Female,66,16,Yes,-1
0ccbdc5b-ea23-43a0-82ed-cfe5702cc27f,71,Female,95,52,No,-1
a98e4e50-70e5-4b92-b5e0-0f241b3b4657,33,Female,61,44,No,-1
50e3879d-f75d-490f-be31-1304c9dee4b4,87,Female,180,91,No,-1
fc6afe20-1abf-4d80-8c6f-b75363fd1153,83,Female,198,72,No,-1
e90e5dd0-43d4-4e35-8978-172ae950fd13,31,Male,141,12,No,-1
4679ab83-c0b0-459e-8e0f-5a29219e22dc,56,Female,195,9,No,-1
a57c6c66-9c3b-416a-9023-1608d3f54b4e,29,Female,78,55,Yes,-1
68a89ebe-920e-4034-a0e0-5927a961c2f5,82,Male,43,26,No,-1
0250c274-bac0-4098-801c-f5045e0b7878,82,Male,196,55,No,-1
7d189576-acc9-4cbd-8b36-762acad6beef,52,Female,44,28,No,-1
d9d95309-9ba1-475d-a937-82befaaec754,59,Male,97,22,No,-1
9d80c0e8-68ba-4aab-89c6-203fd7774a45,63,Female,198,61,No,-1
85d97cab-e09c-4b1e-914c-2dde2fa9c849,44,Male,141,85,No,-1
ccb86004-28b5-4ffe-8a93-17d28c9d2c89,18,Male,103,8,No,-1
2a0a60f9-3fea-42c2-87d2-e10655e3ca40,66,Male,29,25,Yes,-1
c79af57e-e5c2-420f-9b2b-07ba40b95e98,46,Male,52,36,No,-1
9a28dc28-bad0-4c38-b5bc-a32ace8ca6a5,77,Female,36,27,No,-1
9b33e382-e692-409a-9a20-0f50813ec57b,28,Male,172,45,No,-1
9d826138-747d-4895-99c9-10db65ce774b,54,Female,62,53,No,-1
3581ba4a-772f-4f1c-a543-09cddeaf0b89,35,Female,180,1,No,-1
2371e0b1-b6ec-4ec0-a2be-66160c14f967,33,Male,165,27,No,-1
a9095581-8458-4575-9a09-224f374add3d,42,Female,56,14,No,-1
ea396b11-c5ed-40c3-bf2f-6a7d733ae6d6,57,Male,153,25,No,-1
efe17c9a-7312-4f21-a177-c71438029a5c,21,Female,48,85,No,-1
1b79819a-55a2-4ab0-829d-74127aa6beb4,44,Female,44,43,No,-1
8af5b6b0-e399-4222-8a8b-6dd99f78a355,39,Female,193,9,No,-1
df4c8b5b-11dd-4090-ab55-e7b52a129947,80,Female,36,32,No,-1
15ab601d-7172-4db6-904b-437a9bffda78,38,Female,192,6,No,-1
6001b2d1-ba93-4b44-ae0a-26dc44150df9,30,Male,129,45,No,-1
83bb2b07-134b-40fc-aca1-44cf5641dffe,43,Female,81,2,No,-1
85069ab0-1012-49f8-b1a9-f23ae02ac852,23,Male,191,25,No,-1
c19fb1b6-6221-4482-ad08-674c4b309016,35,Male,45,32,No,-1
98aa536c-c758-4fc4-a4d5-f97c13f6ba77,35,Female,174,52,No,-1
47ee6a72-360b-47bc-9259-d0021a0604b2,25,Male,151,48,No,-1
4d28e9f4-0403-4609-bc74-9dfd10bdbb98,77,Female,135,16,No,-1
2b889c84-50b6-4be9-b6dd-d45802cba269,78,Male,143,89,No,-1
695d17b8-ebb2-4e65-af4f-c181d54b7d3b,87,Female,67,42,No,-1
2573f739-39e2-483d-9352-8e34ad0f86c3,51,Female,177,67,No,-1
07dc39d0-19c8-4a28-85ea-f15d30526bb7,44,Male,187,83,No,-1
cb31c6bd-c0a1-4b04-b1c2-500aff9dfe4a,54,Female,42,13,No,-1
92962cdc-8453-4a74-8403-1bd7a2d6a5c5,69,Female,65,52,Yes,-1
cf91f428-331c-4fb2-ac09-d617c941916c,78,Female,137,42,No,-1
231447e9-7ab5-4dae-838d-01d5773ba5c2,72,Female,63,12,No,-1
aa651e16-05c9-43c2-a023-02feb4869d6d,66,Male,147,80,No,-1
a4596dca-2ec8-4d40-88f0-8a29dfaab2c0,30,Female,48,47,No,-1
69b28298-be3f-46bb-8a68-46b7d1c2b290,71,Female,81,17,No,-1
aa3191b2-85c9-4967-9335-0f4b8eea082f,28,Male,87,32,No,-1
424ee51b-c7ca-422d-a548-a4f054687228,50,Male,143,75,No,-1
e5db7cde-2538-42cf-8967-366d2ea5bf25,33,Male,166,35,No,-1
249f2c82-39dd-468a-999b-81be8499b92e,56,Female,54,70,No,-1
9425ad32-9a8f-4fb4-b61a-fad72057f4f5,65,Male,64,46,Yes,-1
4526e5dd-fd32-4447-b867-b8b3fa7516a5,38,Female,163,85,No,-1
154dc9b8-b9a4-4986-a977-af6cdd399192,26,Male,163,37,No,-1
2c573ee8-79f6-42ee-96ff-a360c402ec82,32,Female,114,8,No,-1
01ff2e31-beaf-4829-9cf0-a8a58aff05a3,45,Female,193,66,No,-1
a924ade9-0978-44b1-908b-0fa9eb779439,74,Male,133,44,No,-1
221cf03f-99f0-4c90-8894-b659c3e7878e,34,Female,188,5,No,-1
0b289a68-dd8c-4f83-b338-8b5b9f2d927f,80,Male,35,19,No,-1
32df5b07-99e7-4b52-b33e-862baacc4ccf,88,Male,68,16,No,-1
8a71af4e-8692-437f-835a-03820bdd6975,72,Female,45,10,No,-1
64824f1c-34dd-4e0a-b53c-262b27b1092c,26,Female,43,3,No,-1
6aa337ef-b94d-4a28-848c-546cf79120aa,41,Female,195,84,No,-1
dbb47ba9-55f5-4613-93c8-48609d44f7a9,23,Male,199,75,No,-1
84b0bd3a-21f3-427d-b1e0-ac90a2e36fbc,80,Male,69,19,No,-1
33adb5f8-87a0-4ce2-b317-1931f69525f6,50,Male,96,79,No,-1
d556b507-32e0-4b29-8df9-07ce52a8781a,80,Male,58,25,No,-1
23411167-8a9e-4dc1-b5e3-b9117db1d969,72,Female,62,23,Yes,-1
95224003-4f99-4261-8214-1ae78f0f3281,46,Male,88,3,No,-1
b3cc2bd0-0f07-4ce6-b13c-9e71dbeedae3,49,Female,168,74,No,-1
4956bdfd-ccb5-42a1-b076-111a35ad41dd,58,Female,92,42,No,-1
e3d23e7b-4a62-4f21-8b1e-196c83b2a7b8,43,Male,53,11,No,-1
f666f92d-f89a-4a27-a3e1-a2eca6fc568a,72,Female,69,19,Yes,-1
401ce931-7f39-43c3-b2ca-02816c210d1d,71,Female,128,42,No,-1
b3fef609-2e02-4a63-8b5c-c43749ce9e5d,67,Female,40,5,No,-1
4465e6a8-4918-48d2-b7cd-c0c2f1a96377,76,Female,131,98,No,-1
2cc57c80-e90e-484f-9e7c-143807f92905,65,Male,198,21,No,-1
01686d83-11a9-4972-9840-977c704873db,58,Female,172,73,No,-1
6ab2c001-54a9-41aa-a13a-157fe330c935,63,Male,89,31,No,-1
7f0a4a63-cb00-4878-a2e1-229bf8fce90b,20,Male,34,15,Yes,-1
33a34016-2af1-47a8-a93c-59e1d9cbd58b,49,Male,198,8,No,-1
c4ce9e84-02ca-458e-a832-96be518454b3,51,Male,140,76,No,-1
5220bba0-5ea8-4252-8b30-1efab38e75d9,36,Female,37,23,No,-1
88e0a2ab-c62d-4907-b186-2ee7c777fac2,67,Male,137,81,No,-1
202179a3-f0f4-40c0-a2da-2e419a2fc0d5,85,Female,82,73,No,-1
e38664c1-577e-4369-84a7-841e855f9887,74,Male,185,41,No,-1
fa7a2f73-01fc-4c1a-a3fb-67f443af3415,34,Female,62,62,No,-1
cb49cec3-6954-4864-98cb-a71ea1be2ec4,90,Female,112,31,No,-1
fd0ab3a9-c224-422e-941c-31d245160e00,47,Male,126,50,Yes,-1
49159479-ff33-4941-aa51-ee5876c3f27a,38,Female,177,1,No,-1
cbc8bcc7-df45-49d2-b426-94ee1ff55736,55,Male,102,64,No,-1
0b239552-716c-4948-aba9-e7b8e976a8e0,59,Male,185,44,No,-1
eaab4ec8-eacf-4d62-8e96-9332c3d456d9,78,Male,172,69,No,-1
a688e903-cea8-4373-a58a-0d3205f564e9,86,Female,179,64,No,-1
ffb6ea81-56c7-433b-9717-217fcd18573a,57,Female,172,52,No,-1
339d7923-9b11-4d99-bb94-4b5eca1023ea,22,Female,149,88,No,-1
7090404d-6b18-4d73-8f00-90b1c7bf5600,21,Female,49,1,No,-1
8719bcae-1a6d-4b20-bc82-5b9d92cec3b6,27,Female,50,34,No,-1
dec1c8b7-73b6-488b-980b-ea598e050791,51,Female,79,52,Yes,-1
ecf7a65f-f700-4534-8aab-f0781c95dc8a,83,Female,103,19,No,-1
7f64ea86-b7c0-4dca-a5b9-77db48512957,58,Female,160,2,No,-1
4ca65483-5d75-4900-9c2c-cd8555bd0006,25,Male,131,90,No,-1
794e4ce5-64b6-4182-88bf-9ef8b3cc84af,85,Female,187,38,No,-1
2ff7a318-ffd2-4d3f-9ffb-ca0dee99da8c,84,Female,176,66,No,-1
2c58cf32-ae5e-4318-b359-fb6025681c02,77,Male,99,42,No,-1
0e6a32bf-cfb7-447b-97bc-72c067b01040,30,Male,113,49,No,-1
798e09d4-2d60-45b7-849a-2d4ca64ddf32,70,Female,83,2,No,-1
a62d858f-82b3-43ec-9eb7-f26b37902c43,90,Male,155,28,No,-1
c6ec509f-a462-44bc-bb0f-885ed993d161,61,Male,90,18,No,-1
fd7c4509-526f-42e8-a491-53a2ff6418b6,44,Female,27,38,No,-1
14bc5dc7-3452-4fd9-b5d9-1bb9db77544a,77,Male,40,42,No,-1
cfc90a91-ea79-421c-8739-df355402690a,33,Female,69,95,No,-1
987daed8-3838-416b-bbfa-1bd706aa4e79,39,Male,160,25,No,-1
36c85b14-3f48-4c54-a057-f4325a1d4446,25,Female,128,23,Yes,-1
bfbc32c1-8d2d-4adf-91de-15f7caa4da0b,26,Male,132,50,Yes,-1
ac89bce3-ec13-47e6-8b3e-0a764b1e5fdf,63,Male,37,38,No,-1
92cc6ed7-8bda-4a01-9d22-53f2e13f44da,83,Female,74,61,No,-1
e94082c7-2c41-452c-ad73-721c2d708517,88,Female,193,5,No,-1
cfa2394c-5a85-4a97-9e08-47bf219cd10b,71,Male,130,89,No,-1
0154494e-0854-4a5e-817d-b4dd39ad2c15,25,Female,130,52,Yes,-1
503ce804-d536-487c-8203-f0f73bc15c8c,85,Female,190,2,No,-1
9b9050e4-df02-4ec0-899c-bd5e9486dcc0,45,Female,162,49,No,-1
944b04d1-cc6a-4526-8ff9-dd260e40bd1b,42,Female,143,83,No,-1
e254312d-a02d-49df-b33a-ea0aa1b835b4,51,Female,86,33,No,-1
c94bf68a-ee30-40be-9283-59c6d29e92a6,24,Male,186,96,No,-1
b765a9f4-62f5-4979-8512-f402875fffa3,66,Female,62,16,Yes,-1
208617b4-8c1c-444d-89e2-5644df425cc5,78,Male,44,65,No,-1
cc12a98b-6f80-4962-98aa-9723d399bb96,21,Female,110,56,No,-1
a57e98c0-79e8-4861-8f50-5c32d23ef6fb,26,Male,182,23,No,-1
b9cf0873-dafd-4f67-8b09-f222dd3c88f3,35,Male,90,6,No,-1
c08e5cef-5330-4cc8-9469-1dcccfaa8949,26,Female,72,58,Yes,-1
f3411153-abc0-4799-8ce4-0fedcb750945,32,Female,56,12,No,-1
80db55c1-6e8f-4434-b779-85cf39b3a9b5,42,Male,81,9,No,-1
ff04685c-4bdd-4f0f-ada2-e9314ebfb0ae,46,Female,168,60,No,-1
9aa8ef20-c58d-45f8-b7a1-e26a281bfa35,33,Female,43,83,No,-1
cd8b9b9f-7d93-45ae-973d-78d0e1cee946,36,Male,119,16,No,-1
6cc10627-5fa9-48a0-b3f6-07851cd0490d,65,Male,166,34,No,-1
3f5a4f5c-705e-43ec-80c3-5cb733d22e59,66,Female,40,32,No,-1
6c78e7aa-6fa6-4402-9977-6493d252db40,21,Male,138,16,No,-1
55e94fad-7287-4c78-a068-d90c61428039,25,Male,158,50,No,-1
7749aa5d-c025-42ba-a9ba-b38535bd2cf1,24,Female,192,78,No,-1
8193ad5b-430c-44b1-9716-14626ce661e7,37,Female,69,17,Yes,-1
edc2056b-24d3-49a6-acf0-a42987f8b860,50,Male,109,8,No,-1
a471489d-1f2b-49e2-8318-335e998a2c45,46,Female,197,66,No,-1
3b43f45b-8367-4383-8720-38766ba33fb2,69,Male,147,13,No,-1
86a17aef-453d-43a4-b221-db008f3aeed4,20,Male,142,54,No,-1
5dda1e60-a39d-4eb2-8c67-63c2f4815e3e,76,Male,48,95,No,-1
497e5b37-e398-4e30-8a7d-5515029fb4c9,46,Female,112,71,No,-1
445aa5c6-0465-4556-b157-e330f6f2cf6f,52,Male,120,69,No,-1
c05418dd-902c-4555-8116-5eee6f800cb0,82,Female,74,54,No,-1
42ca36de-4400-4476-93b8-d11bbd89fd85,39,Female,193,72,No,-1
87c4a7cf-1ef1-4609-a7b3-3983a7ef4eb4,85,Male,77,58,No,-1
77f1b44a-0eb3-4fba-82e4-d3acda6b2539,25,Male,108,33,No,-1
8bb7ca47-de0b-46fc-a8ee-2aa1e153b801,38,Female,81,30,No,-1
b591058d-b803-4ea2-baf9-6ca1a5a6a7fe,72,Male,40,29,No,-1
e2078101-fd9a-47e9-a1f6-bdf4b33faff5,83,Male,184,23,No,-1
1fd73fd3-3c0a-4def-91b8-f3140aa15026,78,Female,176,47,No,-1
04cb8c5a-07ef-432e-8261-3b0011ba2750,88,Male,83,4,No,-1
240f6fa9-c993-44bf-b26f-7e67d440c78e,78,Female,127,26,No,-1
8abd1b97-1185-428e-85f7-9642162e13ab,70,Female,138,52,No,-1
a78c7916-ec83-4862-a5da-2cdee6e1af8d,31,Female,170,64,No,-1
a4c5aa32-cd3c-4985-b8af-47d1d0c767ed,47,Female,61,50,Yes,-1
f337c834-e977-400d-86df-f436853c0dd4,46,Male,58,13,No,-1
118320fb-da6c-41f5-926a-fdd1fbb43d68,86,Male,28,38,No,-1
d378154c-bfaa-48e6-a58d-47afecf46846,33,Male,135,87,No,-1
fd33dc9b-e3f5-437f-ae5a-c7ad9c548a79,90,Male,117,95,No,-1
1ebea43c-1b4f-41e4-ad64-7c62b500f491,31,Female,152,48,No,-1
52f6fb8d-d9ef-4f4a-b411-4c568d2355f2,64,Male,71,10,No,-1
bf86f47d-1e65-4ce6-94b0-22068bf561ac,49,Female,134,81,No,-1
dc659ad1-70dd-4d3e-86f3-7de4662091cf,55,Female,65,86,No,-1
d8ed3e81-8773-4eae-aafc-4fb9d34a187f,40,Female,56,45,No,-1
ff07e705-c2cf-43fd-8073-b64d080f3274,59,Female,92,19,No,-1
4aefa19e-767c-4b5b-86b8-a6aa94d12158,50,Female,191,100,No,-1
b7a5ed94-a080-4772-9fc6-029e562cbc05,71,Female,62,30,No,-1
81f4ee6a-3459-4a4d-bee2-3fea5aef4255,29,Male,144,20,No,-1
5d2a522d-5fe8-4a12-ac66-64943338fcbc,80,Male,64,84,No,-1
be9ffb28-da75-4624-b33b-4d250901a393,22,Male,54,50,No,-1
021a2260-0476-4a95-8800-ed080d752349,45,Male,34,15,Yes,-1
3d363981-10b6-4e40-943d-5699af881e65,72,Female,33,84,Yes,-1
a65d60c7-39f7-4895-bdfe-53bf1d9e9101,90,Female,160,36,No,-1
764cf08b-baea-4a0d-9a64-af204c698505,74,Female,126,22,No,-1
83b32fdc-30e0-4b4b-a971-e55b0c02fa6e,39,Female,164,46,No,-1
59ef99fd-4f30-4af3-932c-3b62ac7b5e54,53,Male,53,70,No,-1
ba68e110-8e16-4f92-8a9a-a2faea7be530,78,Male,167,33,No,-1
fd3bf3d6-7c36-48ef-a3db-ef31c156df20,66,Female,52,50,No,-1
a6167669-fbbf-4c37-a579-61adde214e02,36,Male,199,73,No,-1
1c02493e-2201-4c09-b8b8-f6c11b7d664b,18,Female,139,99,No,-1
651cd12c-0101-406c-9ba5-8f76ade8a88d,76,Female,172,57,No,-1
389113d8-bcc7-492d-a4a8-075454579452,63,Female,193,65,No,-1
eb4ca15f-c10a-42a8-81f6-6ebb3f4c7822,22,Female,49,94,No,-1
83ce800c-4328-4ba4-b77c-47b6aabfad53,55,Female,125,1,No,-1
d00a37ad-8c10-44df-916b-b78cd951a885,20,Female,100,67,No,-1
2b46fcc9-f6fb-4455-8bc8-7cdb77e6b1b7,42,Female,65,51,Yes,-1
8a7a8df6-c91e-4e7d-8523-beb4b5866a6e,31,Male,92,31,No,-1
5e6c946e-aec6-4a3e-859d-41df937c8e9b,77,Male,23,54,No,-1
86a68dad-9365-477d-9df0-de181736cba2,89,Female,94,77,No,-1
f6d24db7-a565-436f-9e21-0cc2ea16cc98,82,Female,109,35,No,-1
a30d5b36-3ebc-415a-bacc-2455425b9502,80,Female,165,32,No,-1
aafe10e2-5a9b-4b06-b581-0808a284b8b0,19,Female,80,31,No,-1
1f6d39a6-58c4-4735-8817-4b6b538ef310,55,Male,105,100,No,-1
af7836ba-a1c8-4744-80bf-416b938803fe,46,Male,85,14,No,-1
16593e3b-a5d8-4401-9c39-c5115e821fde,56,Female,153,56,No,-1
c89039b4-2d5c-44d9-a4a0-b903a8d8203d,20,Female,155,67,No,-1
fdc9a78d-9363-4b5d-9e57-fae7f084c5b1,25,Female,88,69,No,-1
d8dafe82-8386-42e3-8d41-8e8dc032cb67,36,Female,50,43,No,-1
f6eb4804-40f8-4cad-8783-ec2ca1793f54,24,Male,155,51,No,-1
9f3cc0a9-fb4f-4422-acaa-8df8d2f12790,80,Male,42,9,No,-1
0041fede-7d01-4ebe-9780-a6112657635e,43,Female,118,70,No,-1
1d3a6955-1f67-40cd-ab54-7514776e570e,28,Male,198,55,No,-1
deaa932e-b206-470f-8c9f-ea1a5f9b0c21,89,Female,163,58,No,-1
33a8ea03-1f45-47b3-9ae9-e151cf51b5d3,67,Female,66,21,Yes,-1
8339eb16-dbae-49df-a291-903075796986,39,Female,161,52,No,-1
46995fe4-283b-49d0-909f-1e279b5df72b,47,Female,77,30,No,-1
e5508c10-506e-4eec-a293-00da6cae06b5,48,Female,97,62,No,-1
e8ce1e05-d59f-4ff2-8084-7869effe2a56,55,Male,68,65,No,-1
eb0961aa-2f19-415e-b5ac-47efc7f38fc7,51,Male,75,53,Yes,-1
b40bd3ce-b506-4451-be56-2522ab07d629,31,Male,132,88,No,-1
95626c4d-a8c9-4951-9f79-878ebba7bc38,50,Female,32,40,No,-1
5fca1925-6e28-45ce-a48b-b1a7f38370d4,90,Male,181,15,No,-1
99bd0734-1d7f-4553-aa2b-2fb8e952092f,29,Male,88,11,No,-1
413571f5-98f3-47dc-8f06-89f3a68e4c9c,28,Female,55,77,No,-1
3b145bb1-c897-416f-a120-c503850dd924,38,Male,100,7,No,-1
891f4d6f-b1e1-4801-a2f0-18aa7d16c1be,55,Male,97,78,No,-1
3a8cfd68-87da-4959-b8ac-5839b89bae2c,76,Female,129,49,No,-1
4f5e7bb1-672a-4e04-8ddb-12387eee3828,20,Female,168,65,No,-1
9127b429-3b51-4581-ad3e-609bc459197f,85,Male,134,85,No,-1
5c430ebf-7900-499b-9ddb-6201d8480032,67,Female,130,94,No,-1
06e571ea-9d84-4f33-a213-7f0739ded0ae,20,Female,94,34,No,-1
29848893-6961-43d6-a17b-08b3fbef0b0d,81,Male,46,32,No,-1
1108a386-a29d-4093-a01b-84a7f50c5114,76,Female,77,20,No,-1
14803107-089c-4825-b5e4-da043f6b223c,38,Female,168,33,No,-1
5f2e4b5f-bcb9-4d9c-b2d3-d8a5ad030588,90,Female,166,31,No,-1
e8fa56c9-82ef-42c2-bb3a-da2371908acc,43,Female,162,91,No,-1
9eae2c30-d753-42ad-a11f-4594fd779fbc,69,Female,178,21,No,-1
7e217b8b-1847-4bd5-98f2-3bc39eb955a5,88,Female,58,40,No,-1
f4cb184c-cdc2-41a8-89df-10da4e818f06,90,Male,189,95,No,-1
3f8e4bcd-2572-4fea-a0bf-4841293cce2e,60,Female,65,17,Yes,-1
c3ca1417-2b8e-4fb7-9edd-014d672bc0b1,34,Male,51,34,No,-1
b7f59bca-1255-44e5-8d7f-6d39be0e0d6f,56,Male,163,50,No,-1
3e6b4557-d4d1-42c0-930d-ad0d848901b0,20,Female,103,80,No,-1
aa6dbde8-6833-4b8c-9447-29760f08714f,24,Male,65,88,Yes,-1
4554b5d3-0e02-4980-ba83-11e7394728ef,43,Male,37,79,Yes,-1
976d3346-d22c-446c-9856-0402774342dd,65,Female,198,67,No,-1
7dd5de34-46ab-4c3e-a987-3e28ac46229c,86,Female,47,40,No,-1
4d150f21-fab8-4ba0-88ff-67e13fe9f5b3,18,Female,89,66,No,-1
adb3c2fd-dd7a-4d68-b7ff-7d03ac7d5105,74,Female,151,51,No,-1
8a17b236-ba7a-4ad1-aa32-b35888cb7ba8,80,Female,158,78,No,-1
3ec4a6f8-1e60-45f7-bb3c-e32490d523d9,56,Female,43,42,No,-1
6c0db6e3-cc77-4943-81fc-910d22133377,78,Male,179,88,No,-1
57665b51-9e4a-4b96-a256-fe9ef796986c,86,Male,21,58,No,-1
9e311903-6172-4c4b-b964-5bfa586d5b25,43,Male,119,73,Yes,-1
9afc8ff4-ca2c-4877-a975-e8f9bf5d569f,88,Male,23,24,No,-1
00ad020f-d75b-4a7b-9977-19a46746740b,43,Female,154,25,No,-1
452daccc-e816-495b-bddb-66298df94465,26,Male,160,36,No,-1
cd00e8b6-f051-4b51-b026-802397d2818a,41,Female,70,66,No,-1
d6298bec-adbf-4cc5-8056-3bc930ba2064,82,Female,99,26,No,-1
3346b474-d62c-4810-93f6-f63f26c7d34e,85,Male,66,15,No,-1
31bc0185-36f7-4360-8577-40c576f5624e,20,Female,132,25,No,-1
2c7e4805-f25c-402e-80b0-a350bd654093,44,Female,149,49,No,-1
0ffedf3a-b3d0-4d68-933c-69d5756931c9,57,Male,111,65,No,-1
023a7b92-daf4-4bea-b0ff-933ddf3eeda3,63,Male,192,31,No,-1
215dc322-ac78-4b06-8eaf-ed2beadeb164,50,Female,43,31,No,-1
9644a0ac-5dfd-495f-86d5-8468fa8046c7,48,Male,145,15,No,-1
9f37ed95-11c6-4ef6-b1b7-1adf3c46d050,42,Female,31,79,Yes,-1
916d7209-c456-4870-80e0-fb91e0e09730,32,Female,197,94,No,-1
a2f4dc15-8a96-4e8a-955e-a81fd43e9227,62,Female,132,55,No,-1
0958c7de-f94a-4e5e-90b0-2e4c8ee0abd8,88,Female,149,11,No,-1
f9778bae-e3bc-4d86-9d13-124a77c01979,47,Male,194,57,No,-1
43bdbbd5-a207-49e0-a1ea-929792c302d2,20,Female,139,4,No,-1
1c8ccb01-7352-4f2a-8bca-5a6407fcf450,65,Female,85,15,No,-1
496e7c51-4358-4a29-b5ad-a198228af7b4,86,Female,105,68,No,-1
6090d6c4-c5b1-40d3-8cda-2cb0b68201df,62,Male,59,83,Yes,-1
b94635de-ce4e-4766-a483-21409499e0d9,20,Male,153,71,No,-1
060e04dc-e64e-4d30-b928-aa986de1ac1e,63,Female,94,39,No,-1
4c3b1d8d-14f0-4e49-a79f-b4f3ca102f89,55,Male,166,63,No,-1
051ee949-c130-4050-80fa-1e121d7ab2b8,64,Male,153,12,No,-1
b9911c2c-da90-4801-bd43-99af8b34afce,54,Male,109,70,No,-1
a12cefee-114a-4deb-8151-1d1df85fd925,88,Female,61,26,No,-1
a812bcd6-c276-4acc-9e32-b92292330f23,77,Female,144,97,No,-1
fda0f22b-95da-431f-80a9-57acfae920dc,71,Female,44,96,No,-1
f2611d0b-0ad0-4b73-9f36-f966fd2e0c58,55,Male,168,92,No,-1
63969ed4-bebc-4a22-9668-5ee6ce06a546,19,Male,75,16,Yes,-1
4e398c55-e6e2-4061-82f4-f9908b712271,31,Male,52,76,No,-1
b239afc6-42da-4bfc-8735-9a6eb0a0b455,62,Male,32,13,Yes,-1
03042798-edcd-4b18-8ff8-7b3c3f94bd4b,46,Female,162,38,No,-1
3dc73c4a-9d5a-464d-9d2b-49ecd5b5bcdd,48,Female,103,81,No,-1
bfa7e490-22f9-482f-ad29-37522ef51225,74,Female,178,65,No,-1
01806c3b-6035-4131-bdb0-779f08b56853,25,Male,178,22,No,-1
967c24ad-0371-4163-af20-78d9f91f3391,70,Female,47,19,No,-1
56306b2d-c36c-4d65-b7f9-2e0ef4e64f2f,22,Male,47,69,No,-1
7cd336cc-1b00-45ff-bfa4-9be4b6cdebe0,51,Male,40,45,No,-1
138973cd-ba01-4557-924e-3f70010a6eae,69,Male,108,86,No,-1
259d2060-5c74-4826-89ea-13642e77d833,44,Male,153,22,No,-1
bcdde737-7e87-4a47-b1ec-0446d3d04fde,82,Male,47,7,No,-1
f673bc1e-5ccd-4093-8fb2-08268132728a,18,Female,150,49,No,-1
a7feebbb-c890-40e0-a1e9-16b9d169c015,21,Female,95,24,No,-1
ec47c3e6-b46a-4fde-896a-ad0d8b06f0ee,41,Female,105,25,No,-1
689f4d83-7670-41d8-94b5-6ff5a15fdf17,33,Female,150,28,No,-1
cd25f331-67b0-47c1-b4fd-5ebbad0559fb,25,Female,194,1,No,-1
fcc674e2-f7c3-422b-9be4-86a86f388b39,72,Male,190,65,No,-1
4a6f9a5e-505f-4cec-8cf0-617eae940a34,66,Male,154,53,No,-1
146c3cbb-0ff6-4aa8-a042-6866d6e73eac,18,Male,39,18,Yes,-1
955f05f7-9e7f-434c-b6b0-352b12cca195,27,Male,177,85,No,-1
fc20f39d-c6ce-41e7-893e-d72680c24cc0,35,Female,53,2,No,-1
b435f5c0-1ac2-48db-9c23-1e53159bf7c8,25,Female,103,39,No,-1
f4b76d31-16b7-4039-b15c-3ace0abc7d36,26,Female,166,44,No,-1
f1e4e694-e973-4adc-9a76-76b17f9ca8d9,82,Male,50,11,No,-1
26ac0ac4-752b-4c2d-9b8e-cf0b97ae64ac,33,Female,186,22,No,-1
89f450b1-1403-46a4-b94f-e7259f1c6072,32,Female,66,97,No,-1
17934504-27a5-4ca4-843d-819011034940,49,Female,199,35,No,-1
02bc6b6a-1604-4db8-ba96-844ff523ef10,25,Female,110,61,No,-1
ef6ce7e9-ac95-4cb4-9125-47634b6e8430,18,Female,49,18,No,-1
c1eb955b-ec5f-457a-81c8-ad8964f1515f,66,Male,49,75,No,-1
2d27fe2e-3cf2-403f-bf50-e02d7999e048,19,Female,179,34,No,-1
d0f8805f-68ef-45ce-9272-c09a66fad78e,51,Female,95,11,No,-1
5323b846-960c-4861-8780-ddee30f8bf14,86,Female,20,99,No,-1
e488a54d-d9df-4173-9e52-6f7b669428c8,30,Female,110,39,No,-1
50570522-498e-408f-8210-d0e5f2db847e,69,Male,134,89,No,-1
b6ce300e-2dd2-4c38-a240-d3a865c401e7,31,Male,53,41,No,-1
2df2c359-9db4-4d8c-aa98-f4de2d9da7b7,41,Male,141,82,No,-1
3f24db2b-34e3-4bb0-9fca-b7680fda5682,44,Female,100,69,No,-1
d39bae03-91b2-4010-8e80-80626a53d9a6,34,Male,50,74,No,-1
99ec2f25-1e47-4fd5-a856-1c72f64ebb57,58,Male,41,26,No,-1
502974fd-0cab-4e98-b48f-14f0aa529c7a,23,Male,173,48,No,-1
3ee0f1b2-6a2b-49e7-a96b-73a183982602,54,Female,177,18,No,-1
a5189727-c7b6-4ee3-ae9a-3284328e79bb,71,Male,56,35,No,-1
2092abb7-9c37-486f-b180-70307a6c5a50,72,Male,27,83,Yes,-1
db638bab-1de1-4a8a-96ca-1864102b33b5,39,Male,147,51,No,-1
c64b1878-f217-4192-b14b-ae9919ccf135,37,Female,132,44,No,-1
c963216c-3045-417a-bce6-35793843cedb,18,Female,75,21,Yes,-1
5eb1c261-14f7-4fc9-a8ec-c0f10a6a7026,24,Female,97,38,No,-1
34bbb331-e22a-4532-8333-3c5da134c058,33,Female,150,52,No,-1
b1b80976-ce1d-4971-97c4-e3af44e0e4ea,31,Female,75,18,No,-1
253162fe-5e73-4fd9-9df8-689f22998100,72,Female,82,28,No,-1
77eef12e-df54-43ee-a279-0a1dfcd3a054,61,Male,104,16,No,-1
1b1e93ae-3299-4e42-a9d4-4ce949de1fc6,83,Female,162,34,No,-1
1c1918c8-fe1a-4588-98d5-e574a22c3650,56,Female,27,44,No,-1
3b2c33ee-d5bc-43d1-b02d-f35a49e2dfc7,20,Female,158,72,No,-1
ae638153-50d9-40b0-8612-43adaa658f79,55,Male,27,23,No,-1
9a3ea8df-ff2d-4694-9e06-1013bc3a1dcd,74,Male,162,3,No,-1
05352e2c-f9e3-414d-a37d-6b298460a4ae,25,Male,129,34,No,-1
a3e4e46c-f1cb-4a14-9e11-6a49740443d0,78,Male,195,66,No,-1
081cf0bf-c7bb-4ab5-b6d8-d1918ca2097a,54,Female,153,87,No,-1
f93ff113-504b-4133-8cef-d6ed43673538,18,Male,195,78,No,-1
a7b2730b-6d70-499e-8571-8662bc28b550,85,Male,114,73,No,-1
76f0088d-c56d-4677-aec9-9add5e03c1be,48,Female,166,60,No,-1
b52e059b-53b0-494e-ba15-3319aa3b26d2,38,Female,159,60,No,-1
8924c469-f28d-45af-9cb1-a69470e712bf,88,Male,96,30,No,-1
6088c045-44ca-4717-8b31-f1e770e748f0,45,Female,139,15,No,-1
26467991-0020-4f3f-9bec-ec5daf71a7a3,77,Female,160,43,No,-1
f63e2973-68c0-4cac-8d1d-de1c77d04841,59,Male,81,67,No,-1
6cc8e09d-84cf-497e-8773-22e484123f69,87,Female,193,25,No,-1
78daa0ca-176a-4612-a516-fc27385739e1,90,Female,29,52,No,-1
16ca9188-ddfa-4393-ade0-fa79658be845,85,Female,25,54,No,-1
60446456-ee34-4783-b375-f08cc848afd6,66,Female,169,82,No,-1
a82dd754-479d-450d-8604-f257dd095b2d,40,Male,60,18,Yes,-1
8896f882-9336-459a-85ac-3a464c459738,45,Female,134,52,Yes,-1
b8691a63-46af-49f6-828d-461b13af0a2b,58,Female,162,48,No,-1
38f2a782-5a2f-4f55-b98e-5779cb9bcedc,83,Female,128,47,No,-1
3f7b294b-b66c-4825-b013-24aac13deeb2,59,Male,40,32,No,-1
da4fab6d-adc0-439c-a419-5812fe7be15c,69,Male,56,92,No,-1
6179f86d-8ff9-4291-b7b7-b54a3e328817,42,Female,157,70,No,-1
f96c2d8f-6cc9-41b3-96ac-2d096d0da706,46,Male,31,53,Yes,-1
ea05c943-d5c2-45e4-911c-e164c47e5fa0,33,Female,176,49,No,-1
a582cf00-43ee-4aaf-97b9-a7a1a2da4d6b,18,Female,51,12,No,-1
26c5b825-aa51-43ee-8db3-9e9a1a0f07a1,71,Female,36,38,No,-1
983f60c4-ea05-4795-aec0-08da3854cd06,40,Male,25,5,No,-1
9d339e6d-b74e-4fb5-9714-a32b12bbd100,86,Female,41,43,No,-1
e49a5ec7-6c26-4ef8-8db0-a40c67821095,71,Male,95,21,No,-1
e84f6d75-bc9e-4463-80c1-55fac487d97a,29,Female,27,9,No,-1
91b2111f-aa3f-416c-a605-fcf41168a4b5,63,Female,106,6,No,-1
85b12c8c-c2fe-432f-b626-2f01847722fd,32,Female,88,8,No,-1
b8a2f13d-e4ce-4393-a23d-ebe64e9c1499,74,Male,180,66,No,-1
8c02218e-4bd5-4785-9c94-2b96a65e12df,66,Female,144,42,No,-1
4cf4ec37-0029-42fb-a014-5ecf66df8ce5,42,Male,176,93,No,-1
31a683a5-1b3d-437d-996d-d993ac088b51,20,Female,150,89,No,-1
0a91aab3-d603-4ee2-a589-2af6b0e4d124,18,Male,119,43,No,-1
8d0e20df-1e6a-4d5f-bf5c-739acf8783cd,74,Male,176,55,No,-1
17a17645-2e16-46f4-a235-497bce3bd468,73,Female,161,75,No,-1
1382e216-8e21-44e8-b66d-e90434dc7019,73,Female,140,97,No,-1
c69f631b-059d-4eaa-a3e1-8b73a5e9cf54,52,Male,167,84,No,-1
35197ede-d5fb-4eb5-91a4-5e2903d03c9b,50,Male,172,4,No,-1
8ea29751-4ed1-4783-bbd0-9ff11392d0bd,57,Male,37,22,No,-1
b839f5bb-560a-4666-988c-48986c8dd23c,23,Male,50,18,No,-1
81697d09-d566-403c-89f2-d6c89d6984c9,30,Female,91,64,No,-1
d7aa96bf-31b1-4f0f-9776-a2c5b31e0d39,85,Female,150,36,No,-1
71845470-7cd5-4b8b-a77c-45c9dd1200af,70,Male,21,96,No,-1
a3fe3e37-6a02-4fde-8632-091b51e7c9c6,81,Female,186,68,No,-1
670a88a0-c21d-447b-928f-398bcb5ef7cd,18,Female,157,97,No,-1
99b36e83-3845-4e7e-a089-d2c55be2f46a,75,Female,168,46,No,-1
fde57d98-fa4c-477a-9e25-7154fcc1b65e,34,Male,87,2,No,-1
bf0a20ae-608e-42df-ab6f-3f297e681eef,20,Female,43,46,No,-1
f449c8b6-1e69-4d46-a2f8-fb0fcca7f6b1,51,Female,49,60,No,-1
8ffaca7a-739d-4b47-a284-a54a690d27de,42,Male,79,26,Yes,-1
ea7d0ca9-f343-40d3-9988-8ab4513a4166,83,Female,142,48,No,-1
68f2b205-fc16-48e4-96c4-1eff01c158b0,86,Female,56,89,No,-1
d01dbcfa-6617-4fec-a73d-66be0182a12e,60,Male,53,83,No,-1
f2fcc54e-c45b-4c09-b007-a49d6e669aa9,18,Male,195,50,No,-1
8c967acf-c8d1-4ed0-9739-f14689d10680,86,Male,190,24,No,-1
2d5b8123-fc67-478e-9130-b6bfc9400722,48,Female,67,10,No,-1
4b0d288c-d4c7-4686-859d-9c64aaa4feef,77,Male,187,63,No,-1
8b7013f6-e266-40fa-ab85-f86ea71341a9,33,Male,183,81,No,-1
2f26ba47-bc24-4a4e-8b83-91ac8a176712,63,Male,73,18,Yes,-1
1d416713-d3fa-4fe1-8f09-260b1a1dce01,82,Male,114,25,No,-1
8af88d59-8e14-4d8a-b2da-bc5e3976647f,65,Male,153,82,No,-1
cf395421-5ca3-4337-9595-13397751b7ce,22,Female,164,67,No,-1
06324136-54bf-4f93-a3e5-d1ad26e9a64d,21,Female,44,4,No,-1
d1675afe-2f98-4cbe-ab19-46f523ebefa1,42,Female,106,46,No,-1
96cdcce4-9f87-421e-99f0-eab0fe03b35f,64,Female,54,51,No,-1
1857262b-89f7-4dde-a92c-1297ccafdc63,47,Male,157,41,No,-1
fb28f231-8de0-4baa-87a2-753989115be3,18,Female,32,13,No,-1
b07b5c98-6c67-491b-9404-2a0290a281de,33,Female,185,22,No,-1
9c649f9e-0d91-4b5f-acfc-9146eab7d0d2,46,Male,134,92,No,-1
2ff0f11a-2607-4020-ab95-c7e62ac04881,56,Female,56,78,No,-1
c1ac1891-b5e2-4249-9970-6aaa98046979,46,Female,137,99,No,-1
4d53cd9f-76a3-4673-be5e-a19d1026cb6e,60,Female,104,48,No,-1
3cd68e99-4c57-45e3-bccf-cf7d0982d6af,70,Female,150,28,No,-1
27310d8a-294a-4f3a-8fce-837c2b73f7df,87,Female,122,19,No,-1
963fbb13-6952-40f3-bdca-80c6f60c107d,79,Female,71,18,No,-1
fdf305ea-995c-4277-9422-b587ff952168,31,Male,33,13,No,-1
8c83310e-5736-45c2-84e0-79db520f2ca4,45,Female,182,37,No,-1
417a4669-dbe7-430b-a335-2901d348c737,87,Male,177,34,No,-1
d074fad8-7d74-4c37-8c81-f46c32f15626,34,Male,40,18,No,-1
3701320c-c6a8-4d7a-8fba-0d321d356868,31,Male,161,57,No,-1
b23c8fbc-292d-4089-885c-18ed716aada7,59,Female,152,48,No,-1
09395d3f-a110-4134-861b-e1629225494d,41,Male,95,14,No,-1
a968d445-d93d-439e-bd65-b180a220e877,18,Male,178,55,No,-1
b3c9cc86-024a-46c2-bf5a-a661a49d2039,37,Female,113,57,No,-1
eb2d1a79-155a-413a-9b1b-bf25c8447e4f,53,Male,146,7,No,-1
870e7a82-b7b2-49c1-8fc9-0ef97e4dadae,38,Female,162,3,No,-1
4e713fff-7c21-4205-8401-cd2bc55c8458,78,Female,180,68,No,-1
e9947303-cd0a-43ea-9c76-ba2987c1f6dc,86,Female,65,51,No,-1
4083f637-0fd6-460a-8a7f-dbd9f311e80f,71,Female,97,43,No,-1
cc33cfb5-3e96-481d-bf8b-1a4cdf6d5abc,89,Male,53,26,No,-1
142c6e79-f8a7-4d46-a40d-9238f7c89fbf,79,Male,119,67,No,-1
993d46d1-ac76-42f4-96d1-3cd7f0d12cf6,50,Female,189,21,No,-1
7a82e1f9-1931-4dcf-b905-32bd1af28586,40,Male,103,98,No,-1
cd6919d7-f880-43bd-84eb-211b89ad3c80,52,Male,61,44,No,-1
19d933b3-5000-43ef-befd-1b97c3eb39b6,85,Male,163,27,No,-1
16be2348-ddc1-48a9-867c-4b8da17cdcd3,81,Female,46,30,No,-1
74ae8678-a029-4066-95fe-b746ea9d4a8a,67,Female,155,23,No,-1
61a779d5-196a-4343-8308-ed357688f4c1,40,Male,105,42,No,-1
2d85e595-2abc-4d5a-9d4e-11e8ec257e31,89,Female,189,44,No,-1
1bcab1cb-6734-431e-b44d-bfd31e4ecece,20,Female,188,35,No,-1
f05335c3-f278-4433-bf5f-03c9beba8034,53,Female,145,30,No,-1
8f3a48df-6bc2-4fee-b3bb-90207b3f4b33,27,Male,135,48,No,-1
6c1eaa59-beb5-4aee-bc4b-dd1522042e73,39,Female,193,93,No,-1
32eb89a8-9a6e-4967-a0c2-e547dcbb6581,34,Female,179,42,No,-1
343fa24f-7343-41a4-ad5d-913e6293c6c1,44,Female,110,38,No,-1
e9545b9b-d57e-4dfd-b594-4a8569d646d0,41,Female,97,76,No,-1
c310d27d-9066-48e5-91c6-79e443b6048a,27,Female,191,32,No,-1
130135ac-d66b-4641-a913-e493f009ce88,72,Female,148,17,No,-1
e6356f3f-898c-4efe-8d19-8c7a88360ce0,60,Female,126,42,No,-1
67faf92c-738e-47df-b842-6efac16e6fcf,20,Male,69,24,Yes,-1
67aa0e1f-5470-41bf-81a9-fb06df62f026,69,Male,105,67,No,-1
3bd41ee8-e0e1-4f3a-b345-e37a5a2775fc,56,Female,80,3,No,-1
4140caf4-b760-45ac-9d76-43149bb624bf,32,Male,148,55,No,-1
a584ce4a-8419-480b-9bc0-eeeef3ee860a,52,Female,52,31,No,-1
3e61dba1-1e46-44a6-a319-51c979a81a0a,55,Female,178,59,No,-1
0cf85e61-d2bc-47fe-82c7-fd126efdc490,62,Male,132,19,Yes,-1
9748307d-108d-4388-8ed4-829890ed15e1,48,Female,78,42,No,-1
ef0624fc-4a08-45d1-9b41-a3f73a3bd70b,33,Male,85,32,No,-1
c857e397-93eb-4056-ae6c-eb0e65783711,41,Female,191,22,No,-1
4b6e29a2-4264-452b-a06c-0327b2c84188,39,Female,52,44,No,-1
5a521234-9623-4add-b5eb-e2e7cc100f5b,25,Female,189,2,No,-1
e7e5f87a-ca91-4727-8e62-020028f4ac28,37,Male,52,94,No,-1
3800d006-6c7f-48c0-a76e-590a82bb0ffc,19,Male,171,83,No,-1
40f4c4d7-ec00-46f7-bad3-d2c291ebc63e,33,Female,188,2,No,-1
bde240d0-68d3-4659-a1a9-9fb0fa164d7b,69,Female,102,57,No,-1
60b95468-ffd9-4c9f-b998-124e0cc78ef3,22,Female,40,27,No,-1
4272d111-6e07-41d5-84bc-ef5ecbbc20a6,30,Female,174,84,No,-1
28872c45-d5ee-48ce-ba64-45e55eddef23,30,Female,146,100,No,-1
9ae8634f-63b2-47d3-82d8-c73b89203570,39,Male,44,37,No,-1
03bd0f2e-1e22-4651-9318-098ea412a67d,46,Male,152,77,No,-1
bb5cc854-35ab-4dcb-969d-f14a31fe9ed5,20,Female,64,95,No,-1
0e8556db-06bf-4781-a646-e8ad3a6af816,20,Male,186,81,No,-1
4310faf4-dbd1-4e4a-aa37-ec82a3ebef40,30,Male,144,28,No,-1
2ff48566-e69f-4fda-b62c-e4f945dea74a,54,Male,55,42,No,-1
b7f8c2a1-2d80-4173-92e2-d16f863c6928,81,Female,146,67,No,-1
8d5ec9ce-8709-46fd-95b3-23e514c4184b,74,Male,162,68,No,-1
3dfa922e-0714-4574-9479-4eda854a26e0,80,Male,59,80,No,-1
f2fac304-1af3-49b4-9364-3e723eb4964f,24,Female,108,75,Yes,-1
70835d8e-7e09-4207-aa2c-a50f9ec7e906,61,Male,102,18,No,-1
cf94d4a1-0bb8-456e-b6dd-9cb81223347f,41,Male,73,20,Yes,-1
0a49a39d-4322-462a-98bc-a5208b143830,78,Male,51,37,No,-1
586d9d04-172c-4775-a9f7-648194e4133f,57,Female,188,39,No,-1
55ee165e-e74c-4589-9be7-a61a00cfce46,65,Female,95,33,No,-1
2b7a32fc-7124-44ae-898f-6c3af1d8f724,23,Male,126,41,No,-1
57a43677-10d5-48a3-9a06-87bd500086a1,21,Male,118,41,No,-1
1627daa6-5f21-4448-8d3a-bc446a91ebf8,23,Female,190,22,No,-1
7d6e991e-afab-412f-98b0-bc8ce8894ee6,82,Male,95,42,No,-1
0c5cdd12-880b-4182-87b4-e7759faadb8b,51,Female,145,76,No,-1
4946f1a9-ab13-4893-9d7f-9e28faf48f6e,64,Female,116,67,No,-1
16f8ef99-91be-4510-b958-b36e3a48da72,28,Male,130,31,No,-1
b3835323-800e-4359-89bd-f9ed2119a141,62,Male,193,48,No,-1
f613eb55-4a9f-4aa4-95d2-c79d15541071,33,Female,152,37,No,-1
e9ee6954-c09d-4986-8161-c1d94abc3324,31,Female,131,27,No,-1
ac52cf00-51fb-4377-a6c8-32c71822be1f,72,Female,163,50,No,-1
78ce8e2c-0f31-42c2-9c61-268ce7b4d4be,71,Male,137,99,No,-1
d9c8605d-ef73-4a5c-be03-2d6f08a80646,64,Female,92,27,No,-1
3c23b96c-4537-482b-848e-d7e2eec11f9b,59,Male,66,67,No,-1
c7dbafc7-a630-44b8-bdd3-d07f6e2e55bc,76,Female,38,78,No,-1
36aaa595-97de-4d38-a6a2-b0d50cab90ab,67,Female,150,79,No,-1
0abae60c-ce48-4307-92b7-50de65a4c361,64,Male,110,70,No,-1
fa306643-1097-4a47-a447-ad56c93e6a54,19,Male,97,69,No,-1
4c220062-6465-4c9c-aa9d-ed06b5c04e19,64,Female,185,1,No,-1
ba611ef3-6ea1-4953-8c0d-6b8bfadf6092,50,Female,80,74,No,-1
a424bcb8-acfe-40d8-8940-4f38edbbcc27,18,Male,101,22,No,-1
3532d4ee-f590-4d9a-957a-933d0cc62d90,73,Female,180,26,No,-1
f21ba175-648d-4c03-aa31-95d0032c78e8,26,Male,84,43,No,-1
f195a090-5205-4bb5-a1cd-92cecfa31547,45,Female,24,47,Yes,-1
c8871d1e-524d-4add-905e-d1a6577c18d6,25,Female,143,42,No,-1
c18487ab-8aa6-42d5-b4bc-3b2b0cdb1feb,68,Male,35,100,No,-1
fe0cf3a1-7157-4cfc-9f1a-3c18cae0b98c,32,Male,130,14,No,-1
234d492d-049e-4e27-a0e2-94453d1fa489,55,Male,26,57,No,-1
b1d3f514-b97f-42e4-b564-261a24c2951f,88,Female,110,72,No,-1
d9137f51-9049-47a4-ab4e-240a0b137b6e,29,Female,60,92,No,-1
5db07c20-fe07-482b-8e0f-216aa4abf735,75,Female,109,89,No,-1
4a6e5fd3-6ffc-45ab-a6ac-061d4d0e8273,30,Male,186,49,No,-1
82822e13-6bd0-4236-9002-8d28836972f9,64,Female,176,51,No,-1
1a650ede-ab07-43bd-aa14-b606cade80a3,68,Female,126,34,No,-1
37136b3b-70d9-4699-91a0-53e55fa55b0a,52,Female,57,13,No,-1
aa44551c-6ca1-4556-a812-708d372f87fb,52,Female,93,67,No,-1
ddf116f3-8a86-4e5c-820c-2a97c32404f6,34,Female,41,7,No,-1
b25e6314-335b-4be6-8698-368f3cad27ee,80,Female,131,59,No,-1
cf9e980e-4c6f-4e9c-8b8a-f31466786225,48,Female,54,90,No,-1
569da121-db5e-427a-aa63-e25a07dc9e9e,80,Male,155,55,No,-1
7e432437-9427-435e-bdab-a32bc2281cef,45,Male,173,63,No,-1
ad6c22fc-a989-4ba8-a08d-ec1984511f3d,72,Male,73,28,No,-1
625c5b77-2db8-4959-be54-f18c6f8a61d7,54,Male,115,65,No,-1
23338bdc-27d4-46db-8d81-fb37947ed24f,63,Male,63,2,No,-1
95c2d15d-71b1-4126-ad03-08c41e6364a1,78,Female,74,49,No,-1
7c769645-ac67-426f-afb1-4a9d4a226640,81,Female,52,6,No,-1
f5f05e3f-1ffa-4489-aab7-fb2cdb5896c5,70,Female,94,75,No,-1
33ddc928-085e-4197-abed-8a07404255d4,31,Male,170,82,No,-1
3f3472d9-9015-4c7a-a881-e2e9bf90f5f7,78,Male,45,11,No,-1
176f08c8-7adc-4d91-ac7d-b6c1b5467c16,65,Male,150,40,No,-1
ecd43bdd-2b30-4473-879b-56b32cc6dac7,31,Male,153,82,No,-1
9d9b96db-25a2-41ac-85d3-742cc202772e,25,Male,149,14,No,-1
cb1b7157-fb08-49ed-856c-4a0f497045e2,51,Female,89,76,No,-1
0f299a13-eb05-46a3-a7cd-28ef3069f134,19,Male,56,23,No,-1
977bdb6c-58c0-4875-b6e0-f715d25123f6,32,Male,27,46,No,-1
8151016f-ad67-4872-aea6-56e5ed1ca5fd,68,Male,41,44,No,-1
c59ff6a7-4668-4930-8519-dadb9317b39e,34,Female,200,5,No,-1
613b1f2b-2ba6-4b35-8ad5-04e63b5698e2,88,Female,198,86,No,-1
372d9537-766e-4585-b837-6da7d0f8dd71,35,Male,105,37,No,-1
44703b3f-aded-4d46-831b-401e3a17729f,48,Female,49,27,No,-1
3b271a37-0eb5-4d87-851c-eab3b565868f,36,Female,138,15,No,-1
1d6f608e-92e2-4931-8db0-0200dcad1c9d,75,Female,66,8,No,-1
9b405eaf-b2fa-45d0-b002-29198c3a83b2,67,Female,22,56,Yes,-1
2cb78180-5853-4540-91d3-07e6e1337675,78,Female,100,8,No,-1
f3b9dc57-0271-4e87-9dd1-a25365db60b2,48,Male,135,98,No,-1
8522e619-92cc-4f25-9410-c5c9e7fa3fd6,58,Male,166,64,No,-1
192d6016-e1b7-40b4-8c04-410f6811cb98,21,Female,106,30,No,-1
8ab80628-fc1e-46d4-988f-8348d141470f,45,Female,64,46,Yes,-1
9db65ca4-6624-475f-8157-496e2f490e77,55,Female,156,39,No,-1
6f37fec3-738c-4846-904c-7bce465957c6,88,Male,63,14,No,-1
f380b3c8-2528-4616-9a39-8d50a8b38344,51,Male,93,10,No,-1
e60e2c45-09cb-4abc-bf3b-e97877c717d2,39,Male,32,80,Yes,-1
3e04491d-df2e-43d0-ba0c-322f424680cc,20,Male,125,5,No,-1
db51798a-d562-4b20-9829-4b43bdffc50c,83,Female,98,53,No,-1
357ed27f-de66-468c-9c40-7b55a8c21792,24,Female,62,24,Yes,-1
01c03241-bb2e-4cce-8907-72c3a024aa6a,22,Male,49,30,No,-1
f419b2d0-bafa-4dfa-a640-82e8a62400ac,18,Male,177,54,No,-1
d5b3dc4f-01a9-4084-ba4d-de0f8f71b4cb,88,Female,124,19,No,-1
c9f6c65a-afbc-4885-a81f-b8eb7d943eaa,58,Female,71,23,No,-1
fdf13ef1-63c4-43ad-bc00-e8aad95a4591,48,Female,109,10,No,-1
7af56085-617b-4470-9aca-ed0a15fc5bf8,43,Female,61,33,No,-1
0058d7fe-f36a-49ef-b51e-76e8dddff76d,53,Female,66,50,Yes,-1
0b1425dc-7d15-4e00-871d-b52efdecd83c,24,Female,192,99,No,-1
af8bf586-47db-4f68-a781-e9f19d825fce,33,Female,104,11,No,-1
ef05baa0-1b2c-4d0f-9626-0269fa18350f,71,Female,50,25,No,-1
f4829244-7d48-4367-af55-c98e4d2fba31,42,Male,119,14,Yes,-1
67755c82-a68c-4857-b268-94fa996ea0b7,50,Male,79,23,Yes,-1
d54b4c76-e002-4393-a1d1-6d47e52655ae,76,Male,77,50,No,-1
59615e11-addc-47a3-b887-435e74e44d6b,45,Male,156,54,No,-1
16295903-6c7f-4b76-ab40-3f8257dd6824,63,Male,164,90,No,-1
4f047f35-af38-4634-9a0f-53bc99345712,68,Female,84,31,No,-1
df2d8ea2-a1de-4229-a50d-afd4b520cfa5,40,Male,119,83,Yes,-1
9f35878b-6b93-4407-9dd2-10882810c0ed,53,Male,196,9,No,-1
b5182b3e-f0ef-41e5-a634-337e5557e817,69,Male,100,24,No,-1
1e2c820a-1345-4305-b484-0780eab56a95,90,Female,197,77,No,-1
40db1252-ad43-4a9e-8955-4850d08a1035,22,Male,187,72,No,-1
ea934378-dec8-4912-8a59-29b055e77b12,31,Male,177,83,No,-1
b5c7c662-0f67-465a-8529-d186f4d56c1e,72,Female,89,37,No,-1
186fa446-e72f-452c-919e-5b36c930b447,87,Female,113,26,No,-1
4e7730c7-eab0-43d9-9012-101c41e2f60b,29,Female,96,9,No,-1
2c35a3e0-9c86-43f0-88d5-8a3f38b8c68c,41,Female,57,71,No,-1
fce3316d-bf35-4c6b-99de-b652f16474a5,43,Female,179,59,No,-1
1fffb709-7d20-4436-a11f-91539c307f62,55,Female,53,27,No,-1
c1376422-3cb6-48d9-ad1c-53f338ec83ad,89,Male,153,23,No,-1
62884a9c-abae-45a8-9122-0df425ea3c28,28,Male,48,36,No,-1
9b17880b-a85b-4ad0-94ec-db00d2210271,54,Male,30,1,No,-1
1085d408-88e9-4015-9b4b-77a31d510e75,36,Female,92,79,No,-1
517d35b7-cc33-4763-ab68-0ca5f03a454b,36,Male,57,47,No,-1
afd5d63e-79ed-4943-98dc-878b079a417d,41,Female,179,33,No,-1
f299e245-efcc-46b5-98f3-73cbf6ab37f7,59,Female,156,34,No,-1
73293f0d-5e62-4f8e-ba15-50a0a8137908,54,Female,114,57,No,-1
c07e4f7d-09bc-4a51-a85f-8229a2e13e2a,79,Male,43,11,No,-1
e1faceef-f2b8-45cc-8325-829e8fc98c29,65,Male,172,51,No,-1
802d973c-baff-4dcb-9bc9-ac58d83ec4e0,43,Male,196,68,No,-1
911efb4d-9aa3-4690-9677-56d0b9c3dec2,57,Male,69,18,No,-1
34f71449-fb0b-4d7b-ae48-8611695b1208,84,Male,137,51,No,-1
e5b4c702-a17c-4d74-a58b-0a1cc2645816,75,Male,140,92,No,-1
f6df896d-dc03-4e31-9296-8ff097329f16,67,Female,162,3,No,-1
5c23af0c-a6fb-4328-90fe-0b1b59f05438,20,Female,90,37,No,-1
c1e5022d-6699-4298-bb59-6bb5370ad1f3,73,Male,170,60,No,-1
b43a0f85-4524-4a5a-989b-c7cc61fc4ef6,29,Female,35,87,Yes,-1
f48a3225-8e4d-4b7d-9043-fbd835d85b69,39,Female,162,46,No,-1
dd61a6ec-bd42-45bc-9ece-7bf6c47ae8f6,25,Female,109,50,Yes,-1
a81aac52-c69c-436a-aced-3ca254d227b9,19,Male,174,36,No,-1
1a177342-5911-4e4b-9e66-2261778770a6,57,Female,172,90,No,-1
7e0e0708-50bd-4b34-9847-c7c109b3f15b,47,Male,199,57,No,-1
d85f3644-2b4f-4290-b194-08bba00407e1,85,Male,151,55,No,-1
54fbf71a-b1f9-4efe-96c3-78b5624f94af,76,Female,139,63,No,-1
3b159fad-fee4-4f69-8a8a-059b4cff7f7b,83,Female,132,31,No,-1
369ebe31-4249-41b3-882c-a3a8b7c6fee5,70,Male,59,39,No,-1
27a51dd5-b947-4bc8-8cc6-e8ed7345fdb5,80,Male,92,87,No,-1
3cc7b1e1-eaba-45e0-bc24-dec2dfa48625,82,Male,71,38,No,-1
8042bce0-8684-4335-93e8-6c3ea8f8333e,70,Male,172,71,No,-1
a481442f-c070-40ef-8fdd-a26c1cf8e394,33,Female,66,18,No,-1
a6b9429e-28ff-46f6-801b-3b3ccad76344,33,Male,94,15,No,-1
657b43f0-d4fe-46ec-8e03-5982df75f9ab,33,Female,45,31,No,-1
2757327a-7e95-4ed4-bf92-d39ee45e68e3,56,Male,129,19,No,-1
48766198-c93f-4243-9e85-d5b804b500be,24,Male,101,70,No,-1
b55cd1a1-cb5e-4e18-8b7f-31ec70e77931,33,Male,150,48,No,-1
495a2962-d351-46e4-b898-b93f50c26a30,20,Male,94,32,No,-1
e06f7d21-0ff0-4263-8dad-6645058a6e03,63,Female,180,58,No,-1
559d6576-d205-43cd-a771-182624165516,18,Male,42,77,No,-1
f95af1e2-c637-4aab-8559-917ba12a30a9,18,Male,36,86,No,-1
40b81ba2-a488-4959-9590-73f14e6c7a53,39,Female,65,20,Yes,-1
dbd2b61a-04db-43a6-868f-1b1dfef47bd7,35,Male,168,67,No,-1
372329d4-ad94-40ab-be83-802d1325a264,46,Female,181,34,No,-1
1c8f7813-56b1-4983-8119-a8343c13e16f,37,Female,64,51,Yes,-1
2c335b4e-860d-418e-bd36-1674fe21d0de,52,Female,169,92,No,-1
3a505709-117b-4377-ba79-d1ebfebd38f8,86,Female,72,59,No,-1
4c45f54a-bd7c-440c-8e67-c1053a24d298,68,Male,161,26,No,-1
544713d5-623d-4cf9-9561-8c55b282113a,50,Female,108,55,No,-1
c4ec8c71-eee4-43fa-91af-d44db27dcd89,44,Male,177,89,No,-1
029cd25c-fd8a-4c5d-b1c7-2d1a50001ed1,75,Female,49,26,No,-1
d021f1f7-eba5-4b6e-835b-f5c57a6524ae,61,Male,72,58,Yes,-1
7e000886-522a-44b2-b559-e5a81521fad8,42,Male,175,11,No,-1
f795ab8c-4165-41dc-a7b8-005f34a1c24a,82,Female,183,38,No,-1
59d3ce04-f385-4c50-8772-6143c849f6b6,80,Male,167,89,No,-1
bc2e2840-767e-4595-91fb-c648aa249b16,51,Male,73,100,No,-1
af44f820-3598-420e-b33b-1192014846fe,80,Female,61,70,No,-1
fe70a2e7-a113-4535-894c-73151ab557e9,48,Male,151,5,No,-1
994b9349-2bf9-41e4-be38-641a280713f0,18,Female,153,38,No,-1
0cf8361e-5d87-4c80-9025-fc1ee8d6e122,88,Male,115,44,No,-1
a4ca6a87-6819-4f04-90d4-73ee53c4fb31,80,Male,55,68,No,-1
448d299b-8993-4807-adb2-40dfe8fc08a6,47,Male,89,14,No,-1
e47f2323-fca4-4503-992b-b453d3568423,26,Female,184,82,No,-1
73a92117-888c-44c5-a216-6e3c70492850,41,Male,127,49,Yes,-1
a91e1b7c-4f1e-4e63-bf4f-924df85f6b03,63,Female,70,18,Yes,-1
9d582973-af6f-4620-8d4d-7985332ff9ea,33,Male,180,24,No,-1
5be2466c-7477-4f72-9023-c7ca319361f3,23,Female,102,42,No,-1
dadd70eb-97eb-4cb1-844d-1fd55f671e15,46,Male,51,45,No,-1
799e137d-4d5a-4eb7-9472-502649b0a19c,28,Male,174,26,No,-1
87e3c727-1df4-4d41-9296-9d2f5f3c3f43,48,Female,176,80,No,-1
94018710-3f8f-4015-a45f-dfcf3bf71977,66,Female,118,62,No,-1
ab0248cf-d861-417d-b263-5a167fb365bb,55,Female,40,46,No,-1
aab53799-d3ff-4d60-b423-a296798b56ee,85,Female,163,35,No,-1
47e1b471-b887-4de3-ad93-f51ddb700219,53,Female,173,52,No,-1
50e95371-9c1c-4c7c-90e2-efb064864f10,41,Male,112,6,No,-1
3c0ff7e8-32dc-4427-9ace-515fbee49db9,39,Female,44,46,No,-1
cd808f16-9729-414c-8a83-ed851feb59cc,39,Male,24,40,No,-1
2e623ec6-2578-45e6-adb3-f1d55e6fdfa2,46,Female,130,23,Yes,-1
fc972da5-b93a-4c89-b939-62e868b0c121,56,Female,129,47,No,-1
4b9d5e3b-c8b9-48c8-9ce6-87962302ceb4,80,Female,46,35,No,-1
cd6c53b5-2a60-417a-90e1-b38948536e31,18,Male,77,53,Yes,-1
922885ce-373a-40f1-bf11-7da126af6d4b,27,Male,106,49,Yes,-1
eba11dae-c6e8-491c-bc2e-f0d3a7821e7c,69,Female,77,60,No,-1
318eeec4-da13-449f-ab50-6161e4853baf,55,Male,60,40,No,-1
5ef7e796-ac50-4b23-a3a4-c2a885133810,25,Male,70,31,No,-1
51e6e9e3-07a2-4681-8af2-3dc36363dfea,62,Male,178,3,No,-1
d8902054-4c4c-4bad-acfa-c3d5b0947458,42,Male,177,43,No,-1
37add442-fa7e-4d95-9e47-ed5d00274280,34,Male,101,30,No,-1
70aa2c53-3482-4e9f-b57e-adfa16301131,52,Female,166,79,No,-1
757ec749-762c-4784-8fef-64f7580b2475,29,Male,99,78,No,-1
b77d8e4d-0036-47d4-9515-643f0c5c1630,64,Male,69,50,Yes,-1
56eceade-1b1a-4e7f-a223-ebcde995a547,61,Female,74,27,Yes,-1
779ae66e-94c7-4225-9709-da85a829280f,72,Male,80,42,No,-1
b2d11521-ff15-430e-9481-ed59dbe65938,51,Female,84,32,No,-1
578af37c-ea50-4d21-aecd-71f94fde6003,60,Female,184,47,No,-1
43bb45f8-553e-4864-9fd8-f07c4a7eb505,31,Female,160,83,No,-1
b476577e-cbef-442c-8035-dce524fdad50,40,Female,177,93,No,-1
b084007f-d01d-4fb1-bb60-431586bc2bee,33,Male,98,42,No,-1
79e24372-82ed-4a6c-9639-032925b57ab1,29,Female,194,21,No,-1
a5493097-8a9d-4412-8a9a-8168eb1e1757,61,Male,34,49,Yes,-1
43f36fe0-b54e-4d4a-b1fc-ca572fea16a4,20,Female,75,22,Yes,-1
9982f8ee-f7b4-450c-a912-9ad3d4cd3cca,84,Male,144,78,No,-1
e573c5ae-e91f-42ce-a3b9-b976a5bea988,28,Female,133,38,No,-1
6dffd33c-1a67-4a1c-96ff-3529eb766213,83,Male,185,35,No,-1
3c82d7a8-1583-416e-ad92-55a7cdc89629,57,Male,186,4,No,-1
b27cf1af-dc75-40ce-8f99-f791fd7052a7,46,Female,58,86,No,-1
22b55301-25fc-4e75-bac8-a361ca625b19,26,Female,167,73,No,-1
7bb2d1c4-3132-48f9-9d09-e00369a123de,28,Female,96,41,No,-1
582b84db-2f86-4952-84d7-b23f7b52fb01,79,Male,67,93,No,-1
2c87ec64-e0ff-4a13-aebf-e541156aed86,81,Female,105,66,No,-1
032cd5d7-38c9-4c8b-ab31-a8d8a19c54bb,37,Male,68,44,No,-1
9422f7bf-c017-4d0f-a08d-42204692e38e,57,Female,66,63,No,-1
7381d379-6906-45ee-8ad2-e023e7cf0d9e,55,Male,141,9,No,-1
789e57da-09d3-41dd-9f86-b90c54bb33a8,74,Female,171,94,No,-1
73f7ae1d-9410-43f9-ae72-5b55669422a3,89,Male,111,66,No,-1
397c2d40-4524-4d24-b6a5-07b612cd68ff,37,Female,179,32,No,-1
82781ee3-90b0-40bb-a0ac-374f0e1ae5bb,29,Female,58,30,No,-1
f9dbf7a7-e33f-4c5d-a7e5-1c62af801dc0,19,Female,158,77,No,-1
6ac2a2d5-6e5c-4d54-9014-e5eaaf34a929,84,Female,68,59,No,-1
998e7003-a9b2-41d9-a479-2a5c433beeec,70,Male,135,4,No,-1
7ec2d64d-ac10-4ebf-b708-8ed518f3122c,83,Male,139,86,No,-1
e58aefac-543d-46a5-bad1-2f3533813620,44,Female,48,40,No,-1
73c37942-b591-4e05-9b42-78ddee991f78,54,Female,90,4,No,-1
ed393375-e4fb-4e9f-b8c7-1ed262659794,60,Female,150,30,No,-1
40f8f7a6-fc49-4f6c-8d3f-8c24873f7ceb,77,Female,47,69,No,-1
a0e442a8-73f6-478e-a030-642f01e7bdee,33,Female,64,33,No,-1
9054550a-19c1-4463-a8f4-ca9d524c1214,72,Male,185,96,No,-1
02e0cdd1-a7fc-42d3-979c-166222f8efc1,65,Female,54,16,No,-1
0e116e71-bcee-4201-841f-12bf94a59b6a,33,Female,60,98,No,-1
fd669b86-c261-4ff9-ad0d-bdff852114a9,42,Male,84,70,No,-1
60d54fd6-28cb-4b0f-b8e5-1a0a60816033,70,Male,28,57,Yes,-1
33506c8a-8655-4015-baf0-6acce9b69580,62,Male,98,7,No,-1
fe45355b-9c20-4a7b-83c4-2211192fa114,33,Male,180,96,No,-1
2f00e0da-1bf2-4144-908a-bf1ad3865eb4,77,Male,152,56,No,-1
b7c9d348-f693-4f83-abee-46d373981b47,51,Female,129,82,Yes,-1
62f4330d-9e7d-4abb-932c-b3ecdd008aec,64,Male,198,95,No,-1
2f2429e5-a659-4919-9bf8-4b6c8b345354,59,Male,102,49,No,-1
da20df11-c7a2-48f5-ae04-68e7c399b9b5,54,Female,156,71,No,-1
88092f90-5ad1-4932-b07d-8c571e133329,78,Female,192,99,No,-1
b998e05f-71d8-461e-b669-2aca6c2b57d2,41,Male,184,38,No,-1
72254678-5f98-485b-b43a-58d01e81ad9b,84,Female,162,85,No,-1
a79dbedc-b56f-46a7-9cbe-33c172ecceec,34,Male,50,39,No,-1
bb38fcf7-e5b9-47fc-a77c-6a8dab821786,21,Male,41,64,No,-1
d5ec7ba2-b443-4d39-ae0b-4b83d49f1b38,89,Male,69,25,No,-1
9ed3c7cf-9820-4b42-8541-625ed115838b,43,Male,168,70,No,-1
2690dba0-8a40-43a0-b2e9-25895e7e1537,45,Female,179,87,No,-1
945a9f76-c3c5-499a-bc40-5a5709626d21,38,Male,59,45,No,-1
765a089e-4d6b-4bee-a0a6-813fbcf9518b,67,Male,39,43,Yes,-1
536ba3b1-a87e-418d-99b9-3f2719af46a3,67,Male,41,4,No,-1
77192c96-96d4-4f43-8e09-33d9b3ee32ec,41,Female,164,80,No,-1
6981a06a-9c02-4506-85e0-c94fc013fb4d,48,Male,45,71,No,-1
d34e90b1-86da-47c6-9eef-1ffbae5c7054,66,Female,51,29,No,-1
78b8d87d-df6d-4662-834c-139f1a04d408,67,Female,187,45,No,-1
90f6cc54-29e0-43ce-bb66-d9ed02ae6109,60,Male,51,91,No,-1
a93ecd69-7bc5-41ec-9261-65339a588573,32,Female,141,17,No,-1
7a00a2b7-457a-47f1-a9c4-923ac705e1fb,22,Male,146,80,No,-1
03f2959d-e114-4f2b-981a-156209f5e451,87,Female,50,48,No,-1
8b587212-7f80-4824-ad4a-eedd268f2298,30,Male,136,84,No,-1
d2d5cad0-4281-4642-bec6-ff2505c0907a,75,Male,152,65,No,-1
63e6457d-08d5-4ed4-abda-081ee4f84c80,40,Female,77,100,No,-1
b054817e-e5b6-4172-9fe2-89467a86c549,19,Male,159,61,No,-1
a4ea5b0a-d989-4ccb-8021-29c240ab5831,54,Male,144,100,No,-1
4ff40101-6cfd-486b-9bb2-550f8dd4667e,39,Male,128,52,Yes,-1
05e55e25-b43e-4167-8443-f6abf1554f3e,77,Female,193,57,No,-1
2d8a997b-d0ce-4329-8b52-05e48f82ecc4,46,Male,104,37,No,-1
d4a36374-14f6-4c11-97cd-209e7d5501f0,20,Female,129,19,Yes,-1
571ac52e-59f1-4398-a9d6-c5f2442adc2c,26,Female,73,12,Yes,-1
11d8346e-291a-458b-9964-bcedb3759694,18,Male,129,27,No,-1
54bc9e8b-ab96-4d67-8929-2c953aa8c379,80,Male,46,48,No,-1
fdc92c86-6a13-49aa-a3e6-84c513c1ae2d,64,Male,149,52,No,-1
aeaac1ba-36f0-4a45-8fd3-729f86b4012f,82,Male,52,69,No,-1
fa23e320-c3b8-41ae-9714-ddf525735895,50,Female,39,3,No,-1
59f6176d-fe7b-435e-9a27-8cc7b672afec,28,Female,31,46,Yes,-1
25bfdf7d-7aac-43f7-86b8-0abbd605ea5c,90,Male,48,30,No,-1
61bd3f7a-3832-49f5-9eec-bd723dcdc54e,34,Male,103,14,No,-1
52e43660-d044-4df2-8f5c-4fc7b0d52afa,86,Female,60,43,No,-1
4829cff4-8288-4272-ac0f-2389f7f4d22f,79,Female,156,1,No,-1
bd75c7aa-3ac1-44bc-8606-55f88b48db29,37,Female,68,34,No,-1
98f345a6-1e1b-4a10-9e39-3728bab2ac86,23,Male,30,81,Yes,-1
a93d3f6c-d7c4-43bb-a0d6-39dcacce0716,35,Male,130,2,No,-1
41b1a359-0348-4e08-899f-f4d2c6e59eb6,21,Male,58,16,No,-1
748269f3-1b05-44e5-b1a2-d24097417242,74,Male,181,58,No,-1
c6aa8aff-b38c-4d1d-9da3-bb7f90988bac,76,Female,197,48,No,-1
819a67b0-dde9-428c-b386-df0cf3e78661,75,Female,158,77,No,-1
b25f09af-4f51-4a0f-a4b9-2f1fb7f8226a,87,Female,183,80,No,-1
b16c8441-9cd8-4460-9920-16bc8a4847b6,74,Male,153,69,No,-1
80632983-9b63-499b-be85-ba0bbf3e2bc5,50,Female,86,16,No,-1
9f4c2f89-422a-4d20-ba54-adcee4d35b63,41,Female,199,61,No,-1
3da0586f-dd6f-4df1-9bee-4a975fd5e6c3,55,Male,61,50,No,-1
9869d0ef-a9bb-41f0-acee-726faceac8b5,90,Female,45,28,No,-1
3b060e96-a4b6-44a1-b6c0-a551c8ac9915,27,Male,194,98,No,-1
d73e9297-31a9-48ca-9057-f0db265dfd99,51,Female,95,33,No,-1
ebcbcbe5-4747-449a-9dc1-8c02e8611056,65,Female,26,5,No,-1
43c76a0c-d850-49db-acfd-42ae75eeebb1,33,Male,90,36,No,-1
4ac1acb9-e161-4564-a08d-b86009aeccd5,50,Male,43,31,No,-1
bd2bd951-381c-48c4-b128-f10e105e1cfa,64,Male,160,39,No,-1
6c8e7b99-0a07-4ba3-b1ca-3560ce37bcdc,84,Male,28,25,No,-1
53bc9428-fb91-4e03-9a0d-7a89380a0d65,24,Female,182,31,No,-1
1357b004-b932-49a9-b3b5-d0bedbb33e0f,49,Male,147,53,No,-1
35f51955-508c-449f-8fe8-b705047a78d7,64,Female,156,51,No,-1
8eca342a-2991-4876-ac22-ff560397847f,49,Female,173,23,No,-1
ad4d14d7-a780-453e-9791-7b87e91648fe,46,Female,112,55,Yes,-1
60e5841d-443f-423d-beac-569e381b33d1,72,Male,114,72,No,-1
4b42cc8d-29b4-4351-8a47-ff73821734e8,62,Female,177,40,No,-1
0d1bd29f-8db8-444c-a022-5d6a13cc9ae6,18,Female,62,44,No,-1
535f7c0b-9b56-4618-bce4-8fda23e82738,36,Male,153,86,No,-1
5411b65e-0c15-492e-9d50-37d0f64509b5,22,Female,152,52,No,-1
5608ab2a-429c-41c9-81fe-6a14f5e80784,23,Female,128,86,Yes,-1
0400e599-d27e-4df2-99c3-33bb50f2c5df,86,Female,128,57,No,-1
6fa4326c-6d73-49d5-9dca-59626abc8c7b,82,Male,110,59,No,-1
745d7a26-d832-4a11-941f-4babd61ac8bc,61,Female,173,30,No,-1
3d894796-6a8f-490a-8549-be8f9b4a9faf,37,Female,79,7,No,-1
837ac310-e8c2-4381-b139-49e8d20294c5,58,Female,162,57,No,-1
33e82be1-57f7-494c-a59a-9e4a9e969c13,67,Male,196,62,No,-1
ba428e62-ee09-46ab-bbd8-c039a0b3c8b1,86,Female,30,20,No,-1
4c1f1168-3c79-46dd-bbfe-f1194c8899a9,37,Male,48,83,No,-1
cfe716cd-002a-4c91-a999-30a06c48f06e,27,Male,20,48,Yes,-1
387c865c-b268-4f12-95e6-225e98bff7c0,63,Female,173,5,No,-1
c70ccbb7-517a-4679-b9e4-c22859486f0b,81,Male,168,83,No,-1
32ea65f6-83ec-4652-bf83-c85710788fd0,22,Male,98,67,No,-1
c1ec4b3d-2d85-47b0-a940-0e54c370b2b5,67,Female,155,34,No,-1
b4f8228c-efec-4b76-8a6b-54da05c8f6ff,49,Female,120,100,No,-1
0151eb28-1390-4967-9e59-2bcbc7e06663,32,Male,134,54,No,-1
1b9a2917-91b7-407c-9d11-ae651574c483,45,Male,83,45,No,-1
fe9466cd-335c-4b69-8bab-868a91ac23d4,45,Female,59,23,Yes,-1
053bd231-a30c-4978-a209-3fb07d139546,85,Female,153,9,No,-1
7802a35a-bc0d-4731-b2ce-5bcb2cfdac66,27,Male,54,46,No,-1
0f453ae7-bef2-43d5-8167-9a0c92985b23,34,Female,31,82,No,-1
e0008a32-e262-4124-85ae-b024f0641e03,29,Female,200,11,No,-1
0635b150-135a-42c9-8bb3-9b1e48880d61,71,Male,82,17,No,-1
cb866db2-81f5-4cf5-9ab6-928df4278ad5,41,Female,46,49,No,-1
934b5e4d-4b5f-470d-bb37-d27227eb0501,40,Male,115,38,No,-1
6192ea8d-4287-4045-8037-b0c40a291cb9,83,Male,182,65,No,-1
e91f5b81-07a6-452b-9cba-e3265708c481,52,Female,186,58,No,-1
91ccdbe8-d2da-4e06-a9dc-549405074e29,62,Male,192,58,No,-1
99c23b00-59da-4257-9b8b-8d43c382ad4d,26,Female,46,18,No,-1
850097b9-1160-4f00-93b6-f71781e51ded,33,Female,39,46,No,-1
eee4e68f-5834-4e2e-a3e6-0c4f02ee8b88,24,Male,194,100,No,-1
29ff2eb1-fe58-4daf-9435-fcd207b83a5d,36,Female,159,32,No,-1
f34de5fb-1f96-41ad-b4ce-aba97fe9ada8,53,Female,140,97,No,-1
a1f7eede-cacb-419f-ba6b-83b902ff509b,63,Male,163,37,No,-1
75c2dbe7-074f-4ad1-a822-db3a8439d83a,64,Female,141,10,No,-1
bdd015b8-3130-44af-a4b9-4fee7e6f0497,20,Male,137,17,No,-1
a1c84db8-a4d6-4057-aafb-d057655ccef4,24,Female,149,97,No,-1
ae8ffa8f-2b7d-4b19-ae91-1adb20caad98,56,Male,193,51,No,-1
9aa82139-797c-48a1-9641-f969d0e871d6,51,Male,145,87,No,-1
bff2197b-3d59-4404-bb41-db015967226c,53,Male,102,66,No,-1
57e1ec42-6289-4785-a850-3108cf461c4b,74,Male,196,34,No,-1
68e3e488-5879-49c0-a04c-4d475c5d8026,29,Female,47,37,No,-1
06728c59-8535-4bfe-aca3-62977f62684d,83,Female,40,3,No,-1
e1b7a47d-c1a1-4713-b39c-c356ede40037,63,Male,96,54,No,-1
8523e177-6679-4097-a06a-500f0f61bcfc,66,Male,158,28,No,-1
cf6c2e6d-d718-4b96-971a-8fed50de6cea,65,Female,132,86,No,-1
7f65c452-0eb1-4776-8a27-e8e094f51923,86,Female,94,81,No,-1
4c251534-d6bd-4315-af97-240653bdb963,81,Female,32,83,No,-1
25421c8e-d08e-4bc0-bf85-af31fe09ada7,66,Female,172,41,No,-1
0d9e03cc-689e-4525-b24c-b0f319785332,78,Female,183,84,No,-1
43921cf4-d572-4431-8b58-8f2cea110c35,45,Male,139,28,No,-1
01845d62-f2f7-41ec-90f4-f0103bfeea3b,79,Female,66,95,No,-1
c4732b2b-2ad4-4b07-b39e-cb1c1697abb7,42,Male,30,56,Yes,-1
c615c9a6-097f-4928-b4d3-3f675f9c0bbb,60,Male,142,89,No,-1
b44857bd-0da5-4c15-8939-84fd80100035,79,Male,198,47,No,-1
976c12fc-6fd4-4125-8c88-f1d3c5f443c0,72,Male,114,9,No,-1
7b9a8e16-49e1-4367-a5ec-13237202e04d,63,Male,150,48,No,-1
bd3533ba-0cd0-4ca2-9cf5-20ab636ca6c7,89,Male,193,7,No,-1
4be3e104-cd9a-43c8-862f-a9b3f6892053,26,Male,99,10,No,-1
dd2e6488-1811-43cc-8267-16bce7a3a47a,21,Male,69,44,Yes,-1
469ffee3-a14c-4aea-ae41-6773994f669e,32,Male,117,73,No,-1
2a3c3178-4941-4b07-9e9b-2f4482fc0f81,71,Male,166,82,No,-1
3471beef-5d79-4f25-ace6-4851661c41ab,36,Female,49,43,No,-1
fba76470-408d-48e8-b4c6-0862e25d05cc,61,Female,114,57,Yes,-1
672e4176-f269-4856-9ef5-30efb29ad7d5,57,Female,149,10,No,-1
042d7c10-198d-433e-970d-295ed96f399e,74,Female,29,83,Yes,-1
4c61a823-7407-40f4-82fe-2fc5b23c560f,67,Female,97,36,No,-1
8eb18fed-fc4d-4426-959e-531e647d085c,89,Female,162,55,No,-1
46a3f60f-155a-4699-9c57-45fe2cabfcf8,37,Male,81,63,No,-1
6dc9ac74-bccb-4244-911d-af4714bcf21d,42,Female,26,54,Yes,-1
d56432c2-8e22-456b-814e-f71c759f0375,42,Male,36,16,Yes,-1
98b90f86-a141-4a0d-b721-4b105b69b893,47,Female,70,95,No,-1
9b5c9126-723b-47c3-88eb-a7753630e92a,26,Female,114,49,Yes,-1
a14ea0e9-0831-4053-996f-4fd2d6796d4b,81,Female,144,7,No,-1
a944386e-b269-4bab-8884-7b19e02390c1,29,Female,23,53,Yes,-1
ae8e2af7-f88d-4ba2-aa57-313fd4baf0c9,42,Female,137,81,No,-1
e1fcc320-f7eb-4e01-9d1a-42fddbc2da9d,35,Female,124,30,No,-1
87db515d-cf83-4d9e-8dc3-3c9160595426,32,Female,121,25,No,-1
d3ce06f1-707d-42bf-931c-eaa949c189ac,90,Female,124,37,No,-1
7f8151a7-4ea1-4413-819f-5da970bb8bad,31,Male,147,28,No,-1
a1956b9c-5d5d-4252-b1f2-379b2e12aa31,57,Female,80,52,No,-1
4886eca0-5497-44d7-b8c3-861a2113f806,20,Female,36,51,Yes,-1
f7e2e322-5127-46ca-8c5a-44e225a3334e,60,Male,150,9,No,-1
3ff3c70d-cfaf-47d0-b03a-3fc8da0df6cb,65,Male,79,8,No,-1
47e2a188-51ab-4371-93c6-de7313c6686c,40,Male,169,4,No,-1
dbeb1b88-e42a-442f-a12f-bce076cf8392,79,Female,150,23,No,-1
7ba47ed4-6c59-43c3-9b12-761c36b82e81,80,Male,114,25,No,-1
d94002b6-b2df-423f-b030-af1f2a9c21ec,58,Female,137,93,No,-1
d6ad3fff-0e84-4405-98fe-fe17f446c7f5,77,Male,159,84,No,-1
bb48d4bf-255e-4ddc-873e-492babc15a4e,88,Female,37,15,No,-1
7b7cb98a-3360-4362-afbe-ea293242d00d,37,Female,188,3,No,-1
bae1c5d2-f1d3-4d53-9cfa-8cc43a20499a,50,Female,168,93,No,-1
ddac6428-ad45-439d-bde3-cd1f667ff99b,24,Male,110,41,No,-1
cacf4875-d448-4c21-ae73-d8092d937cc7,61,Female,52,36,No,-1
3b7ab907-4c04-4f1a-a0a7-a6af6fcbab81,56,Male,164,90,No,-1
8e60d77e-71c8-426b-bb4e-8db12819a0a8,49,Female,190,31,No,-1
547b52c0-f0e3-431b-b8a3-e409c22b5a73,89,Female,173,7,No,-1
47dbc61e-919d-43ae-b0ef-e11fe11d34ef,45,Female,82,73,No,-1
a51593c7-41aa-4e35-965e-47b31391cd81,42,Female,33,38,No,-1
cfca70f0-fcde-41be-8258-dd717882642a,52,Female,60,83,No,-1
49743526-b76f-48d8-8f3f-e322215ed43f,30,Female,116,43,No,-1
94baee99-92fb-40ac-8ee1-11fccf8ad6ff,48,Male,104,41,No,-1
e08952b5-4405-4a76-959f-30be82f063a9,49,Female,41,75,No,-1
800c7523-a4e7-4b4c-888f-9786755e3176,71,Male,180,81,No,-1
bccccd78-675f-45d9-9008-3002883dfacc,51,Female,171,36,No,-1
101fa8ac-5d99-429d-abf3-b3a7b33c4d44,50,Female,124,45,Yes,-1
171bb2dc-3754-4112-83bd-b54e77023a75,81,Female,29,83,No,-1
8c019de4-ee72-4439-9b4d-a85387e58683,34,Female,53,22,No,-1
9e36db28-84e9-4351-b511-a50def97a9eb,63,Male,137,27,No,-1
c213db58-641b-436f-9621-626ece529936,32,Female,190,51,No,-1
f9a5d68b-a9aa-4df1-9b4c-04e44bad20ab,72,Male,96,9,No,-1
0ef07765-2c96-484c-9af9-47ca9990e3d3,90,Male,125,47,No,-1
0eb60c70-21c9-45bd-a5bc-71460effc602,45,Male,162,32,No,-1
7d234900-a611-4d7f-bbcf-7e9ebe14b694,23,Female,176,87,No,-1
0842ccd8-3aad-47b4-9338-639723b3cf53,68,Male,184,49,No,-1
9b3f0e1d-9674-49a2-ba94-79416727365e,68,Male,38,76,Yes,-1
7b6ca4c6-833c-4b6c-a6d3-5c719e183186,84,Female,166,3,No,-1
9093fd3b-5b92-4c63-8f42-35e2659b9f55,73,Male,94,38,No,-1
948e2ee8-bdbd-44c0-a7f4-9d8f2527277c,86,Female,64,22,No,-1
f136359f-f32b-40cb-bc6b-72e672136b90,86,Male,98,68,No,-1
e7a44cbc-881c-4937-a80d-0ec7118e630a,86,Male,197,96,No,-1
8541d8c4-9b61-40fe-bdaa-7305e8f43909,20,Male,47,16,No,-1
5243f1a0-ee2f-4dd5-8682-6578bae0c572,46,Male,56,36,No,-1
df8dd104-47a8-48a5-bcf4-b44844f0c6cf,36,Female,77,6,No,-1
81e781c2-1c86-489f-a26a-daf5c142ea58,26,Male,152,91,No,-1
72674454-3341-4c4f-8a40-9ccb248ec567,90,Male,165,50,No,-1
2d2754bb-ad7a-4fec-8360-723eba6c933b,65,Male,67,49,Yes,-1
085f9c10-2475-46e3-bcb0-d52fc649fda5,74,Female,195,99,No,-1
293ffbf3-edb3-4760-9b07-90abbe90e1a6,53,Male,95,32,No,-1
fc97d64a-7957-4dcf-a139-c777009c8bef,85,Female,59,38,No,-1
bd8b5c62-202c-4897-bc8b-f7cd14a61a27,31,Female,185,41,No,-1
839f2ecd-9518-4330-838f-a400d9aaca38,69,Female,169,24,No,-1
071c54f4-02d8-44aa-99be-7c4dd646eba9,86,Male,144,83,No,-1
7da18946-c341-43e2-8435-2167653846be,78,Male,134,42,No,-1
41375012-0699-4941-b73b-b7a077b9b2fe,78,Male,58,25,No,-1
a1f3c88d-6a34-4819-9221-bb62eedade67,77,Female,21,64,No,-1
d2705fae-053b-4df8-8a35-6e29f33c21d1,42,Female,27,98,No,-1
a8780c64-e2f3-400d-96ad-9981761cae8b,64,Female,45,73,No,-1
149047e1-1ec3-4930-b2db-9d2d11c6d666,53,Male,93,63,No,-1
2847fcfb-41d2-4dd2-a407-1a35814d90f4,84,Female,190,43,No,-1
0b988238-a81a-42ab-96f9-1bfd4032986b,22,Male,154,41,No,-1
786bcb9d-aa0c-47be-b4aa-b0130e3437ad,79,Female,129,37,No,-1
21fb18ce-bd5a-4c64-aec2-b7a4adf8eb0e,36,Male,55,70,No,-1
1b2c44e2-cf1d-42ab-a054-21968cf41ad1,48,Male,96,66,No,-1
110d4ab3-33ca-4ff6-87ab-93bd4e18024b,62,Male,134,19,No,-1
65f1cf31-3469-4e46-8190-f4498147a114,53,Female,91,16,No,-1
a5f72b86-b7b1-441f-972b-c5d353c696f5,54,Female,171,43,No,-1
741a94e6-f36c-4139-90d9-d8e4e70056f1,82,Male,191,74,No,-1
95e4d7b0-f66a-4587-b3f1-7c354d604911,49,Female,179,77,No,-1
c4b3343a-249a-40f0-bca8-1fe0b6abd8d5,65,Male,94,35,No,-1
418d1843-3093-49b9-8571-bc947c7233ac,54,Female,152,100,No,-1
55fbe959-5e51-491e-b85c-ee48c594e14b,61,Female,88,63,No,-1
f649088b-2170-4bfc-8a46-1b76614a9da4,30,Female,121,19,No,-1
f87412b1-6f98-4163-aeae-0f1ca4a5c40b,89,Female,83,34,No,-1
d08c6c56-c9cc-4668-a95a-4a8c9f9f1ab2,65,Female,199,77,No,-1
8d22bef9-370e-44e7-ad0d-3f8ba7902caa,49,Female,165,90,No,-1
05909170-b628-45b0-af25-6dd4943f9c1d,57,Female,170,52,No,-1
cc85f81d-0102-43bb-8ee1-00d03c957303,70,Male,105,69,No,-1
9dea603e-76a2-4369-af67-91e57103d6c8,30,Female,44,19,No,-1
0065969f-c6b2-4e88-9433-9268a4fc9900,77,Male,89,38,No,-1
314c68cb-53fc-44c1-800d-7d2997e09198,38,Female,33,40,No,-1
045349b6-1a5d-4cae-8106-0c153c31dc41,22,Male,178,80,No,-1
16c55c9a-00a4-4bd9-bad3-53c55882c2fc,34,Male,46,43,No,-1
63043c93-1eaf-4b4d-b029-160e2f15cb5b,90,Female,198,60,No,-1
4e751916-c96e-49d2-a82d-8586a02df278,68,Male,87,76,No,-1
9a720130-46ba-4f89-a222-10b786478d56,47,Female,154,90,No,-1
7da5fa45-5d6e-41cc-89d5-768e1c8818aa,67,Male,70,19,Yes,-1
3870651e-7ad0-422e-8344-ab2882e9a481,27,Female,63,24,Yes,-1
f0be3b28-cbee-4753-83b8-9a11adb6f63a,60,Female,121,100,No,-1
8e9af24e-fa76-4ce3-807c-d3c81662d7d6,18,Female,145,33,No,-1
45b9c2d5-0d91-4f2e-95b6-1eca02b88088,86,Male,42,9,No,-1
6e700f33-71b6-43df-8526-29e09c73b934,54,Female,176,42,No,-1
63953485-ed6e-48b4-81b9-b6f6d502163e,40,Male,109,60,No,-1
a42144d5-a2f5-4e02-8299-d8337f461f49,83,Female,179,65,No,-1
c6c59b0f-49cf-4889-96c4-aaedc4164b4a,86,Male,188,32,No,-1
4c2b0335-bac5-437d-8c09-81913c1c9d8f,58,Female,111,70,No,-1
9ad97a4d-42e2-4995-b163-4c96e3e2b3e9,79,Male,30,23,No,-1
54903fbc-c7e1-4a3f-b955-ca5ecfec52b6,61,Female,179,19,No,-1
b3000ebf-0149-4b9e-b34c-d901017e6d76,36,Female,96,56,No,-1
e16d732a-c43e-48c8-93c9-7cea53f63df9,63,Male,84,9,No,-1
6d5136fb-33f2-4e22-8084-4e8c77e9fd96,18,Female,130,18,No,-1
5035fc62-9e44-4ee6-8273-32c619520f0a,22,Male,50,46,No,-1
42853e4a-75b9-45dc-9891-9ee7b7a03964,20,Male,80,31,No,-1
ba5684f8-29ba-4d2a-9a0f-cae0a451ab3c,48,Female,60,40,No,-1
8c455da9-4492-49ed-b0d5-a17ec33095ed,34,Male,146,15,No,-1
bd762b9e-2d58-4dd5-be46-43789a4ab587,24,Male,182,43,No,-1
8dfb0b77-6512-407d-a017-d195cfb29cef,62,Female,141,84,No,-1
d2ded680-95a1-46a6-a30b-1608f20e2e37,49,Male,31,53,Yes,-1
808b9607-cbc8-44ec-9fef-1ea318032cca,75,Male,99,22,No,-1
edd0139c-a4c4-4710-ba94-0bf56dadfa03,40,Female,87,17,No,-1
0d1294b1-2901-474e-804b-fa9874f4edff,86,Female,25,47,No,-1
33a7989c-e25d-489f-afa0-667687b6a6bc,51,Female,106,2,No,-1
deb21b61-10e4-4ceb-a5da-afc948c06aec,83,Male,73,18,No,-1
c74ffdc8-e088-4909-8ce8-7ccc2411526b,62,Female,171,40,No,-1
1e47aa10-7e74-4a54-ba7d-dbb950dc7d1c,51,Female,133,52,No,-1
e2edaccf-26e0-43c9-baba-d13cf953685c,81,Female,106,28,No,-1
b4f97da7-a88f-4ff3-8c21-125897f5b883,66,Male,182,3,No,-1
33ce0cfc-d78b-4b2f-b759-0df786f5e0b9,81,Female,177,59,No,-1
11a25273-4509-45ac-986a-ece004017275,90,Male,103,17,No,-1
05917543-3acd-47a0-ba4d-6c8a681a0333,81,Female,35,35,No,-1
4484e665-d2a2-4ec5-a298-846ed20be1e6,63,Male,147,96,No,-1
9df4d572-a04c-4878-a133-3116d76521d3,34,Female,148,51,No,-1
0de64267-a896-4e5a-9cb7-61f66e42615f,59,Female,125,39,No,-1
fcc971f8-fcb9-413e-bd48-033d81e8c426,81,Female,180,86,No,-1
e7fbc4c5-119d-4527-bcc2-7658519a9d88,29,Male,160,47,No,-1
c208ff8d-7ad3-462b-be91-db1c92caff14,30,Male,59,27,No,-1
d9adcdae-b2af-4d80-867f-91af6e78b3ab,41,Female,191,72,No,-1
76cd4e14-78ae-4d85-96e1-9f833beb1bc6,68,Female,106,100,No,-1
8ffac173-dacb-4de9-b9b3-c31196c890ee,32,Male,141,52,No,-1
e4ceecb8-e779-423d-a165-33a85f91c853,48,Female,175,30,No,-1
393286d2-7ab8-4d58-9923-e8c6cfb5c1b3,58,Male,128,52,No,-1
3ac6a77b-3854-4ecd-8400-64428a8e529b,84,Male,147,74,No,-1
971ae077-e987-42a2-96e5-3f8bc1e73816,18,Male,145,4,No,-1
c8d9bd06-3086-4eb0-b5fe-e3c7e0a2d2c0,67,Female,176,81,No,-1
ec396066-e10e-4946-9593-8308b7d553b0,71,Female,50,25,No,-1
a77b65b6-9ffd-407f-bd1f-918d6b3a460d,60,Female,125,41,No,-1
4ce6efea-0850-449f-bbb6-9a8e93e2fb23,43,Female,55,29,No,-1
5b4f0198-4943-4695-a214-09ec636eeec9,57,Female,50,93,No,-1
88348c2c-3036-4c25-98df-c5f137e3ff33,73,Male,77,52,Yes,-1
92e8579d-145b-46a9-85d1-49e58192abc4,86,Male,130,16,No,-1
451c84d4-4540-4d05-9227-c392824da0dd,28,Male,92,89,No,-1
280aa2ec-f555-4c13-ada7-2b9a6de51839,33,Male,40,83,No,-1
683105ee-eff6-42b7-8936-82ee9cd0c73f,76,Female,123,17,No,-1
f62c53f4-6bb5-426c-90e3-74596a911943,69,Male,65,10,No,-1
73cdfee7-6a48-4cc4-b4a1-6e5b614bb643,78,Male,199,71,No,-1
57ab102a-3b54-4401-b75f-c0cdb2d9bed4,88,Male,167,66,No,-1
6a7b8032-413e-4a40-ac5b-0dfdfeadbf2f,46,Male,79,2,No,-1
a152d2d6-91ef-4134-8f04-18b59a34198c,60,Male,82,31,No,-1
dd67bdeb-26ef-4408-99d4-fd58266dbdeb,65,Female,165,51,No,-1
e78f7179-223a-4676-aa35-919d23a4dd3c,58,Male,138,54,No,-1
bfd981fb-a09e-4f31-82c0-ea0bcba80b47,75,Male,44,77,No,-1
044a8e8a-4499-4e45-a88a-55a837d19849,52,Female,173,52,No,-1
6a60b880-9b9f-4303-852a-5f79e659f6c4,79,Female,29,26,No,-1
46bb26c2-bb93-4dfb-a745-1d5bd7cbf50b,67,Male,146,50,No,-1
b3a86627-9bac-4e4d-941f-bc3297160ac9,30,Female,146,85,No,-1
00e5bb34-7e20-4938-8dae-42287a17f429,32,Female,50,26,No,-1
7a668d3c-4658-4734-a45c-021261bc503c,74,Female,91,89,No,-1
b723a784-a38f-41d7-8687-c1c671e91a9c,81,Female,64,27,No,-1
7d657d10-1992-4d72-b926-55f9400a9e0a,75,Female,113,67,No,-1
76d69667-3409-46e8-8079-cc79441c4c00,27,Male,183,79,No,-1
3a78fa83-fc22-4237-910c-d04988cedac6,81,Female,179,16,No,-1
98d8ef80-41fd-4de2-a98c-8b7c507b37de,22,Male,61,91,No,-1
24c9e84e-f473-4c59-8eea-58fbee72e5f8,59,Male,67,22,No,-1
8827234d-4517-4c74-ac1d-4f92d97f4dec,31,Female,55,26,No,-1
ebd23e4a-a9b2-4bb3-a855-e78508f4b6a0,71,Female,38,1,No,-1
785ab9b9-b22b-4461-8165-d2e5bccd6c51,84,Male,108,71,No,-1
cd68544f-d3c3-4cb8-9b2c-6ebfdfa5b326,21,Male,96,10,No,-1
b341ab08-fa5a-4057-81fe-09cc9fb3b702,34,Female,135,89,No,-1
5ad184b2-1682-43c9-974a-00cdcdc38e65,23,Male,193,61,No,-1
cc28cb7e-b67e-4f21-be3b-b96c02f72b86,78,Male,146,44,No,-1
9197dec9-eca9-4994-9b0e-74f7beb63388,75,Male,161,42,No,-1
a6e80a1d-8125-47f6-9c52-f704c612eb13,34,Female,30,54,No,-1
0a881850-7e1a-4888-bb90-578260dc37ea,46,Female,128,22,Yes,-1
a382e664-c728-4c3e-9f00-f7d32e129bc2,52,Male,48,33,No,-1
3280436c-f8a7-4380-b0e2-9c7efef7af33,21,Male,120,42,Yes,-1
52340233-48f6-4e98-a462-cdaf8b686d83,75,Male,51,49,No,-1
1ffc08e0-b53e-4d60-b2b1-8f9363b46234,47,Male,96,79,No,-1
8bc625f2-d583-4c84-be06-57e58169e279,35,Female,175,90,No,-1
8caab713-8f0f-49a4-9e11-6cb8dbd792f0,22,Male,50,73,No,-1
57ee79a8-ac88-4580-b859-3786286409b6,77,Male,73,26,No,-1
fc8d9a7b-7ecb-4a49-b486-823544c3c81d,41,Male,53,40,No,-1
bea96c31-0103-44fd-a5fc-00da7d213d70,69,Female,117,42,Yes,-1
bd456876-b1f3-4c39-b849-51420cdda5e2,66,Female,63,90,No,-1
8d7e1f97-0cf3-4346-b780-e93c559d1a53,89,Female,147,25,No,-1
706d46b6-b66b-4cc6-9b2a-00fa1dfae3a3,68,Female,173,21,No,-1
63adcb2e-ec0d-44b0-ab46-20e63178cecf,63,Female,37,85,Yes,-1
feb6624d-5038-42ba-b057-28bbe2a840b9,26,Female,92,10,No,-1
8acb8d67-1628-49f4-ba62-e771264304c5,80,Female,39,22,No,-1
72ecc095-c468-4434-b4e0-0faa8d7dfb5c,24,Male,53,74,No,-1
9887aae7-66ae-4d6d-9dba-b1d36a849dcf,80,Female,55,1,No,-1
0fdfe5bc-3918-426c-aa3c-71ff0ad3afc2,30,Female,152,33,No,-1
953dd111-904f-4288-b3be-f6ebf5e36e95,27,Female,69,14,Yes,-1
f5137291-c15e-4bc1-80f1-a0d5c5deeaf0,68,Male,132,18,Yes,-1
1f6474b1-c0e6-41f3-bfce-dd928a6b0108,38,Male,187,93,No,-1
1be7c049-d832-4ba7-a02a-849abbe6d49a,46,Female,189,48,No,-1
ee5e4f31-5361-4c3d-ab80-757c1caf0d59,86,Female,77,54,No,-1
4c073d30-7e88-40e9-8e85-402df3896a76,58,Male,138,9,No,-1
caa320e5-b719-466f-abae-9fdb15bb33a1,42,Male,177,95,No,-1
65fc9fc5-872b-4b92-b5c1-91a90107a219,84,Male,79,99,No,-1
0bf33378-559f-4b29-80f9-90dacbfb37ae,23,Male,45,16,No,-1
a4aadc67-2c55-420b-bc38-37bde52ca625,79,Female,150,66,No,-1
2a8c75d4-ae18-4003-9b6f-088599c2cf88,33,Female,168,33,No,-1
6645a051-2ea2-4f07-b568-42ca154c3454,33,Female,117,21,No,-1
c0f4421e-a5f4-44ca-ac97-425d017fb2c7,33,Male,73,23,No,-1
49ee7547-68ad-40b1-bbe2-435e481cacbf,38,Male,47,48,No,-1
b0022cb2-ef29-4564-98fc-ec96576e9df2,77,Male,42,47,No,-1
a80f582c-f910-4bb7-804e-c0c7b2687c64,23,Male,149,90,No,-1
c5b8a210-9a71-4b63-ad16-93a16f5de0de,56,Female,184,46,No,-1
bd84a394-9759-4107-a655-289043dd4f96,40,Male,42,45,No,-1
f765784c-2849-4b1d-b06d-45ecf1c482be,71,Female,159,71,No,-1
2f4a3ce8-dde2-4fb7-9ed9-5fcc8e1bcdee,60,Female,143,18,No,-1
adbf683d-7f7d-42a3-8673-405a160daa17,80,Male,181,89,No,-1
0e60f907-2c28-40aa-aac4-a485808f541f,25,Female,99,30,No,-1
9ea4ed60-7608-4d1f-a566-3ecb017c221e,51,Female,49,16,No,-1
cb647504-ad8e-4c22-94a9-39a2b4be81eb,26,Female,44,31,No,-1
28b349ce-2d91-4f77-9673-c24f2b72aac6,89,Male,104,57,No,-1
b9f03d66-5ebf-42ae-8cb4-ea90f0d6a0dc,82,Female,109,49,No,-1
0229bc0c-d69d-4213-9488-941895a60f6f,42,Female,45,9,No,-1
9e979cb4-4732-402c-987f-6a50fdc03f8c,66,Male,100,66,No,-1
90aaca1c-b0f6-4e57-a62d-10223bea1dae,89,Female,169,42,No,-1
ba6c5144-f91c-4dc4-8e0c-368689e197e2,36,Male,98,4,No,-1
991d9975-eab9-4d37-ab25-cc52602bef49,18,Male,69,13,No,-1
6c839340-d05a-496f-9fed-9dc42c0a3055,64,Male,182,17,No,-1
fd05b627-15ec-46b1-8015-e23a273cec3a,30,Female,76,39,No,-1
fbf44dfa-8a90-4309-8afa-7d27f48040fe,53,Male,154,68,No,-1
d83c89ae-b29b-44f6-87a5-046ca4744517,65,Female,44,67,No,-1
f735b4c7-fd5f-4c46-8109-a976abad4d0f,86,Female,160,53,No,-1
6a14bb5b-f3c6-4de0-a353-ca6b93c0550a,75,Female,139,20,No,-1
246319b2-00f9-4e69-b650-d632555abcec,42,Male,33,55,Yes,-1
a8ba77a0-8ea6-4546-8169-fadc7cc80aac,30,Female,90,66,No,-1
a9e7b213-4714-49b1-aa54-e8b75d9332f2,23,Male,59,13,No,-1
4bdc59db-55da-42a3-89a7-4602373b64a4,76,Female,101,79,No,-1
4d3da458-b675-406d-9678-f5bca2fa7b46,36,Male,111,67,No,-1
7bd94faf-cca5-4e01-9bfd-4e5c57cc3776,58,Female,190,37,No,-1
0999158a-5ccf-4368-b4e8-5954c0e89d90,30,Male,142,93,No,-1
ed1f3c36-3bba-49cd-9a5d-ed803e024520,65,Male,163,40,No,-1
febe37ef-1d45-4eaf-acd2-eb63f5c519f2,59,Male,182,71,No,-1
63311c44-ebc0-442f-a581-b643d767ad81,85,Female,160,47,No,-1
e09435c7-e058-48ef-a991-6949d3bd562c,29,Female,126,15,Yes,-1
61faf9da-bc0e-47e7-8aee-77de451223cc,36,Male,123,16,No,-1
4da2930e-a8d0-4c34-bbcc-f39d8e6a2679,83,Male,142,24,No,-1
d389b179-262b-4069-80dc-da3d923550eb,56,Female,98,81,No,-1
a52a7e05-e4a4-490e-a8bb-29bfa0c1960d,90,Male,56,79,No,-1
d6a28c96-922a-40d7-9966-5a6b961d381a,36,Female,46,39,No,-1
e7b4dfbe-500c-43dc-897d-a53e1b9a44ea,42,Male,132,66,No,-1
0277e2c0-a689-422f-8410-a046522e431a,74,Male,150,99,No,-1
e69b965c-e1bf-45ac-a1d2-bba77313e112,81,Male,81,7,No,-1
c0e29e10-daa0-4ec7-b3ea-4399ead54393,75,Female,106,56,No,-1
8ffb77f8-3e4e-4e62-bcff-12734877d084,34,Female,36,76,No,-1
bd8de061-c7fd-4479-9c1a-87d6d4175fdc,67,Male,112,27,Yes,-1
dc4c7e7e-4f7d-40f3-a233-c9cddc375926,48,Male,35,23,Yes,-1
12bd1d18-57b0-4be2-a8d5-fc464de550a8,45,Male,172,49,No,-1
fd3e05a0-fc2e-459e-852c-865b6d347fd8,57,Male,182,86,No,-1
4390d80e-240c-405e-b7e9-b99f8e2a233b,41,Male,114,61,No,-1
dbaccc32-ea18-45d4-a547-de7918107e75,59,Male,58,76,No,-1
f044b054-5546-4eae-9942-e0a657cc124c,40,Female,102,49,No,-1
38fa5453-b383-4758-bb59-36ee6c83a599,50,Male,162,43,No,-1
75ddb579-ba92-498a-8eb4-d58b8b1bd27c,41,Male,96,65,No,-1
f4fdd6f7-f6cb-4c23-9964-6c715c754d8b,26,Female,179,55,No,-1
36acd568-9b2b-45ab-b10b-2aeb10ef88fc,79,Female,126,23,No,-1
1a53a4a4-c16b-4386-bf28-5842cd3f3f9b,24,Female,167,74,No,-1
194debf0-4a09-4381-9dec-e8ce2edfe187,55,Male,151,91,No,-1
f7a9e3f8-4567-4fd9-82ae-00469fec391a,72,Female,173,2,No,-1
7051c7e2-5864-470c-9cea-15e5d6f9efcf,69,Female,32,39,No,-1
33f77ca2-9eee-4e60-b5dc-9b95365b10f3,32,Male,59,26,No,-1
2b5361cb-9fe3-4129-aab5-fb6c45e22051,71,Female,66,60,No,-1
5ba45b3d-8dfa-4b93-8f81-5e0a40aff47e,55,Male,71,85,No,-1
02da8108-fe4f-4300-a4d3-e2210f8d240f,35,Female,105,49,No,-1
21c26582-4425-4296-8305-4045edba61b8,70,Female,109,6,No,-1
a0504768-a85f-4930-ac24-55bc8e4fec9e,29,Female,98,30,No,-1
0e87c25a-268c-401a-8ba1-7111dcde6f1a,18,Female,112,48,Yes,-1
b8b8f561-ebca-4401-8afe-544c906554ba,19,Male,78,2,No,-1
